id,first_name,last_name,email,phone,address,city,state,country
1,Benny,Heyfield,bheyfield0@cargocollective.com,405-334-5985,36 Dapin Trail,Oklahoma City,Oklahoma,United States
2,Glennis,Lightning,glightning1@rakuten.co.jp,317-380-6675,467 Hudson Terrace,Indianapolis,Indiana,United States
3,Justine,Rowth,jrowth2@netscape.com,763-883-8301,63226 Chive Hill,Minneapolis,Minnesota,United States
4,Bartholemy,Sancho,bsancho3@prlog.org,940-792-2878,36236 3rd Lane,Wichita Falls,Texas,United States
5,Demetris,Worviell,dworviell4@senate.gov,480-397-2140,9 Montana Parkway,Mesa,Arizona,United States
6,Brent,Basso,bbasso5@com.com,619-553-8267,0 Manufacturers Court,San Diego,California,United States
7,Alf,Klewer,aklewer6@whitehouse.gov,763-475-3626,765 Graceland Plaza,Loretto,Minnesota,United States
8,Armstrong,Darnbrook,adarnbrook7@tamu.edu,804-653-3674,4286 Maple Park,Richmond,Virginia,United States
9,Abner,Whebell,awhebell8@utexas.edu,404-513-7930,6751 Wayridge Circle,Atlanta,Georgia,United States
10,Jeffy,Mulqueen,jmulqueen9@indiegogo.com,318-935-7145,5159 Hazelcrest Court,Shreveport,Louisiana,United States
11,Madelena,Loosley,mloosleya@slate.com,818-958-4513,743 Anhalt Circle,North Hollywood,California,United States
12,Fern,Woodhouse,fwoodhouseb@pbs.org,770-112-2265,74813 Cherokee Alley,Atlanta,Georgia,United States
13,Micheal,Draijer,mdraijerc@i2i.jp,225-917-9798,969 Old Shore Crossing,Baton Rouge,Louisiana,United States
14,Malinda,Coltart,mcoltartd@twitter.com,260-287-2986,06755 Oakridge Alley,Fort Wayne,Indiana,United States
15,Kat,Longhi,klonghie@sciencedirect.com,405-350-9334,97 Warbler Alley,Oklahoma City,Oklahoma,United States
16,Alysa,Rosenqvist,arosenqvistf@epa.gov,907-231-6216,7312 International Parkway,Anchorage,Alaska,United States
17,Kipp,Stendell,kstendellg@tmall.com,513-396-5534,1933 Burning Wood Drive,Cincinnati,Ohio,United States
18,Rosetta,Legg,rleggh@4shared.com,617-519-5555,269 Logan Trail,Boston,Massachusetts,United States
19,Riki,Kenner,rkenneri@wix.com,-432-8917,0451 Springview Way,Pittsburgh,Pennsylvania,United States
20,Sadella,Crosson,scrossonj@yelp.com,850-853-5972,126 Shopko Pass,Pensacola,Florida,United States
21,Pascale,Theis,ptheisk@blinklist.com,816-916-3843,4908 Mifflin Pass,Saint Joseph,Missouri,United States
22,Ambur,Baldin,abaldinl@cocolog-nifty.com,919-230-2086,817 Fairfield Plaza,Raleigh,North Carolina,United States
23,Leyla,Lapwood,llapwoodm@goo.gl,816-536-1613,1800 Ruskin Junction,Lees Summit,Missouri,United States
24,Michel,Von Salzberg,mvonsalzbergn@soundcloud.com,484-561-0489,83099 Division Street,Valley Forge,Pennsylvania,United States
25,Elianora,Kynder,ekyndero@jigsy.com,719-377-5144,732 Quincy Terrace,Colorado Springs,Colorado,United States
26,Susy,Fogel,sfogelp@plala.or.jp,212-746-8341,464 Londonderry Circle,New York City,New York,United States
27,Brigida,Byram,bbyramq@cafepress.com,513-431-9636,12555 Northview Park,Cincinnati,Ohio,United States
28,Matthias,Featherstone,mfeatherstoner@blinklist.com,202-795-8115,2 Ruskin Terrace,Washington,District of Columbia,United States
29,North,Swendell,nswendells@live.com,609-215-5225,0015 Corry Park,Trenton,New Jersey,United States
30,Aldo,Gidman,agidmant@examiner.com,720-231-5100,284 Judy Terrace,Littleton,Colorado,United States
31,Tobe,Hogsden,thogsdenu@parallels.com,360-944-2080,7683 Jenna Place,Vancouver,Washington,United States
32,Warren,Guillou,wguillouv@gmpg.org,915-691-1158,4 1st Avenue,El Paso,Texas,United States
33,Maire,Yate,myatew@eepurl.com,361-725-9860,93822 School Junction,Corpus Christi,Texas,United States
34,Aleta,Sinkings,asinkingsx@yandex.ru,319-929-8374,50 Orin Circle,Cedar Rapids,Iowa,United States
35,Elfrida,Ogborne,eogborney@skyrock.com,402-108-2111,89173 Granby Park,Lincoln,Nebraska,United States
36,Ginny,Deniseau,gdeniseauz@spotify.com,704-284-2262,30 East Pass,Charlotte,North Carolina,United States
37,Prudy,Primarolo,pprimarolo10@dailymotion.com,361-791-9017,335 Service Avenue,Corpus Christi,Texas,United States
38,Marlene,Matias,mmatias11@de.vu,405-950-9343,4257 Fieldstone Pass,Oklahoma City,Oklahoma,United States
39,Carney,Ofield,cofield12@dagondesign.com,504-133-2946,4 Nancy Point,Metairie,Louisiana,United States
40,Amalita,Chestney,achestney13@ocn.ne.jp,513-289-1870,3199 Moulton Center,Cincinnati,Ohio,United States
41,Stefanie,Stroyan,sstroyan14@businessinsider.com,720-265-1136,195 Monterey Center,Denver,Colorado,United States
42,Jourdan,Jobson,jjobson15@wikispaces.com,330-500-8942,794 Warbler Lane,Youngstown,Ohio,United States
43,Malcolm,Alfonsini,malfonsini16@youku.com,775-484-3486,791 Reinke Court,Reno,Nevada,United States
44,Josh,Paul,jpaul17@ehow.com,515-663-5943,48923 Shelley Hill,Des Moines,Iowa,United States
45,Davine,Lutwyche,dlutwyche18@narod.ru,706-798-1543,9145 Southridge Drive,Augusta,Georgia,United States
46,Norrie,Baxter,nbaxter19@last.fm,352-318-0973,7 Oxford Pass,Brooksville,Florida,United States
47,Franky,Le Strange,flestrange1a@netscape.com,847-380-2845,801 Manley Point,Chicago,Illinois,United States
48,Cody,Hamblington,chamblington1b@networksolutions.com,862-950-5214,3 Meadow Vale Crossing,Newark,New Jersey,United States
49,Rudolfo,Scanlon,rscanlon1c@virginia.edu,217-580-6108,26017 Drewry Street,Champaign,Illinois,United States
50,Peria,Spottswood,pspottswood1d@wordpress.org,817-982-7095,18 Utah Lane,Denton,Texas,United States
51,Briney,Templar,btemplar1e@linkedin.com,440-574-8554,51 Elmside Place,Cleveland,Ohio,United States
52,Nanice,Adamo,nadamo1f@comsenz.com,504-642-8101,342 Sauthoff Way,New Orleans,Louisiana,United States
53,Reynold,Merrell,rmerrell1g@tamu.edu,951-323-2180,724 Larry Lane,Corona,California,United States
54,Aurthur,Quernel,aquernel1h@reference.com,941-951-7173,92552 Continental Avenue,Seminole,Florida,United States
55,Mikkel,Hrishchenko,mhrishchenko1i@bandcamp.com,614-271-7546,077 Declaration Avenue,Columbus,Ohio,United States
56,Micah,Tother,mtother1j@answers.com,303-128-0910,1 Pankratz Circle,Denver,Colorado,United States
57,Broddy,Cholonin,bcholonin1k@com.com,608-420-1653,17685 Delladonna Lane,Madison,Wisconsin,United States
58,Sissie,Scoble,sscoble1l@dyndns.org,989-640-9863,712 Dorton Place,Saginaw,Michigan,United States
59,Pattie,Truder,ptruder1m@seesaa.net,828-447-3226,25625 Texas Drive,Asheville,North Carolina,United States
60,Elmer,de Glanville,edeglanville1n@virginia.edu,706-689-8369,27 Swallow Trail,Columbus,Georgia,United States
61,Annalise,Couldwell,acouldwell1o@homestead.com,203-459-0484,4816 Hooker Alley,New Haven,Connecticut,United States
62,Tracie,Sabater,tsabater1p@comcast.net,765-851-9812,922 Meadow Valley Alley,Lafayette,Indiana,United States
63,Trixi,Rickardes,trickardes1q@census.gov,585-783-1721,4577 Quincy Drive,Rochester,New York,United States
64,Pavel,Danielczyk,pdanielczyk1r@phpbb.com,813-867-2483,93 Surrey Plaza,Saint Petersburg,Florida,United States
65,See,Pitcher,spitcher1s@infoseek.co.jp,814-726-7438,975 Texas Avenue,Erie,Pennsylvania,United States
66,Andra,Sherel,asherel1t@unicef.org,713-630-2423,642 American Ash Center,Pasadena,Texas,United States
67,Axe,Meier,ameier1u@usda.gov,682-750-4300,289 Monica Trail,Fort Worth,Texas,United States
68,Jeffy,Sacks,jsacks1v@wikipedia.org,817-376-2224,9 Shasta Center,Arlington,Texas,United States
69,Mitzi,Boot,mboot1w@springer.com,202-385-8333,6 8th Crossing,Washington,District of Columbia,United States
70,Geneva,Yerrall,gyerrall1x@eventbrite.com,509-512-5659,99 Melrose Park,Spokane,Washington,United States
71,Bernelle,Nugent,bnugent1y@example.com,706-272-4697,396 Corben Terrace,Cumming,Georgia,United States
72,Valerie,Hunnable,vhunnable1z@goo.gl,203-920-4678,5 School Way,Waterbury,Connecticut,United States
73,Eliza,Wey,ewey20@theguardian.com,970-283-1534,4835 Dahle Center,Grand Junction,Colorado,United States
74,Laurianne,Lago,llago21@usnews.com,225-831-5084,628 Jenna Alley,Baton Rouge,Louisiana,United States
75,Nickolaus,Peever,npeever22@yandex.ru,234-882-0610,083 Waywood Avenue,Akron,Ohio,United States
76,Nevins,Christie,nchristie23@etsy.com,315-828-5733,829 Lakeland Terrace,Rochester,New York,United States
77,Gabriel,Sellars,gsellars24@flavors.me,469-668-6670,5506 Coleman Center,Dallas,Texas,United States
78,Gavra,Alishoner,galishoner25@hatena.ne.jp,770-374-5541,8 Glendale Terrace,Atlanta,Georgia,United States
79,Dolores,Marrow,dmarrow26@umich.edu,513-751-1327,0200 Artisan Court,Cincinnati,Ohio,United States
80,Dulsea,Lambricht,dlambricht27@cbslocal.com,913-304-6284,22 Karstens Avenue,Kansas City,Kansas,United States
81,Rosie,Massen,rmassen28@whitehouse.gov,202-555-6109,6380 Westend Road,Washington,District of Columbia,United States
82,Donetta,Andren,dandren29@patch.com,303-115-4013,802 Pennsylvania Crossing,Denver,Colorado,United States
83,Dmitri,Eacle,deacle2a@surveymonkey.com,303-874-8308,84259 Riverside Alley,Denver,Colorado,United States
84,Tobie,Finnan,tfinnan2b@microsoft.com,727-980-1365,9980 Sugar Street,Clearwater,Florida,United States
85,Ximenez,Ingleston,xingleston2c@house.gov,850-195-1839,218 Canary Hill,Pensacola,Florida,United States
86,Jillene,Buttriss,jbuttriss2d@gravatar.com,772-180-9891,8737 Milwaukee Way,Fort Pierce,Florida,United States
87,Madeleine,Gitsham,mgitsham2e@zdnet.com,559-135-7569,9176 Crescent Oaks Avenue,Fresno,California,United States
88,Andie,Auletta,aauletta2f@oracle.com,843-379-7475,0430 Lukken Trail,Charleston,South Carolina,United States
89,Gracie,Genery,ggenery2g@sogou.com,912-991-6414,59 Cottonwood Hill,Savannah,Georgia,United States
90,Mirella,Streight,mstreight2h@unicef.org,530-257-3225,15 Valley Edge Junction,South Lake Tahoe,California,United States
91,Bebe,Walczynski,bwalczynski2i@who.int,318-356-8756,861 International Avenue,Shreveport,Louisiana,United States
92,Rorie,Capineer,rcapineer2j@google.com.au,540-406-7315,13 Kedzie Park,Roanoke,Virginia,United States
93,Mariana,Oxterby,moxterby2k@state.tx.us,202-775-2140,5 Upham Point,Washington,District of Columbia,United States
94,Belvia,Dade,bdade2l@csmonitor.com,217-701-1232,73868 Mockingbird Street,Springfield,Illinois,United States
95,Fern,Hessay,fhessay2m@technorati.com,907-888-0415,8 Sloan Drive,Anchorage,Alaska,United States
96,Clayton,Birk,cbirk2n@de.vu,317-148-2886,38090 Hermina Crossing,Indianapolis,Indiana,United States
97,Henry,Daye,hdaye2o@instagram.com,407-860-8602,68204 Colorado Avenue,Orlando,Florida,United States
98,Clare,Corke,ccorke2p@wufoo.com,701-400-8258,8 Montana Center,Bismarck,North Dakota,United States
99,Erskine,Coogan,ecoogan2q@lulu.com,916-443-2532,7075 Veith Terrace,Sacramento,California,United States
100,Melantha,Tight,mtight2r@shop-pro.jp,770-397-6321,181 International Trail,Atlanta,Georgia,United States
101,Marcellus,Gribbell,mgribbell2s@baidu.com,214-602-8974,85 North Way,Dallas,Texas,United States
102,Sarette,Philpott,sphilpott2t@msu.edu,267-596-0892,65 Russell Alley,Levittown,Pennsylvania,United States
103,Francesca,Rizzolo,frizzolo2u@ebay.com,713-236-5610,6 Upham Street,Houston,Texas,United States
104,Kele,Khomin,kkhomin2v@51.la,712-763-6694,71 Erie Lane,Sioux City,Iowa,United States
105,Lira,Riolfo,lriolfo2w@nature.com,320-682-5841,1 Lerdahl Circle,Saint Cloud,Minnesota,United States
106,Merle,Oller,moller2x@seesaa.net,602-745-5956,66 Kings Circle,Phoenix,Arizona,United States
107,Star,Farnin,sfarnin2y@photobucket.com,973-394-2547,3 American Alley,Newark,New Jersey,United States
108,Annabelle,Morphet,amorphet2z@yolasite.com,774-858-4404,668 Banding Park,Worcester,Massachusetts,United States
109,Chevy,Izaks,cizaks30@imageshack.us,419-508-0388,41 East Road,Toledo,Ohio,United States
110,Lorrie,Stokoe,lstokoe31@clickbank.net,520-995-3578,8 8th Court,Tucson,Arizona,United States
111,Ursola,Matthewes,umatthewes32@cnet.com,818-322-9653,488 Brown Road,Pasadena,California,United States
112,Gardiner,Brodnecke,gbrodnecke33@webeden.co.uk,202-682-7034,470 Dakota Pass,Washington,District of Columbia,United States
113,Benedetto,Bruno,bbruno34@altervista.org,217-229-3191,41165 Annamark Avenue,Springfield,Illinois,United States
114,Tabby,Abthorpe,tabthorpe35@mashable.com,573-765-0946,6461 Warbler Street,Jefferson City,Missouri,United States
115,Scotti,Wyeld,swyeld36@addtoany.com,410-849-0164,275 Cambridge Court,Baltimore,Maryland,United States
116,Mauricio,Vannah,mvannah37@ezinearticles.com,913-755-8184,9 Granby Way,Shawnee Mission,Kansas,United States
117,Sacha,Morriss,smorriss38@booking.com,830-263-7733,35 Lakewood Gardens Parkway,San Antonio,Texas,United States
118,Gweneth,Erat,gerat39@ucsd.edu,510-717-0878,27722 Granby Center,Berkeley,California,United States
119,Loraine,Bayle,lbayle3a@deviantart.com,704-187-9461,3005 Mosinee Drive,Charlotte,North Carolina,United States
120,Pinchas,Summerlee,psummerlee3b@miitbeian.gov.cn,815-324-8839,66192 Florence Pass,Rockford,Illinois,United States
121,Rodrick,Ericssen,rericssen3c@sbwire.com,918-809-4521,09996 Sachtjen Crossing,Tulsa,Oklahoma,United States
122,Lutero,Halbert,lhalbert3d@webnode.com,405-880-2062,19 Haas Hill,Oklahoma City,Oklahoma,United States
123,Jarrett,Lisle,jlisle3e@omniture.com,626-945-6720,42640 Sundown Junction,Alhambra,California,United States
124,Philly,Renackowna,prenackowna3f@samsung.com,202-294-1632,8 Elmside Trail,Washington,District of Columbia,United States
125,Tallie,Domek,tdomek3g@last.fm,786-839-0522,2887 Crownhardt Hill,Hialeah,Florida,United States
126,Emmy,Sworn,esworn3h@imageshack.us,865-222-4933,65 Leroy Place,Knoxville,Tennessee,United States
127,Jewel,Hankard,jhankard3i@mediafire.com,786-390-8689,81 Southridge Place,Miami,Florida,United States
128,Dorothy,Petraitis,dpetraitis3j@hostgator.com,714-396-3815,25502 Fairfield Alley,Los Angeles,California,United States
129,Merle,Clout,mclout3k@issuu.com,219-141-3254,3 Judy Center,Gary,Indiana,United States
130,Therese,Stallion,tstallion3l@tamu.edu,574-721-7215,27368 Warrior Alley,South Bend,Indiana,United States
131,Althea,Andreassen,aandreassen3m@paginegialle.it,816-837-6692,793 Shasta Junction,Kansas City,Missouri,United States
132,Hugibert,Bourton,hbourton3n@wsj.com,832-618-9960,4077 Rusk Alley,Houston,Texas,United States
133,Towney,Roback,troback3o@ehow.com,239-727-8275,449 Fairview Pass,Naples,Florida,United States
134,Wanids,Nutten,wnutten3p@wp.com,210-369-0293,099 Meadow Ridge Junction,San Antonio,Texas,United States
135,Wilfred,Fourman,wfourman3q@bigcartel.com,864-959-5914,625 Shoshone Way,Anderson,South Carolina,United States
136,Aeriela,Privett,aprivett3r@elegantthemes.com,281-856-2184,5759 Eliot Place,Galveston,Texas,United States
137,Adena,Fishe,afishe3s@zdnet.com,404-232-6650,6 Bay Alley,Gainesville,Georgia,United States
138,Dionisio,Coll,dcoll3t@freewebs.com,719-403-5980,201 Calypso Hill,Pueblo,Colorado,United States
139,Evanne,Royste,eroyste3u@businesswire.com,361-339-3966,236 Rowland Center,Corpus Christi,Texas,United States
140,Retha,Shotton,rshotton3v@illinois.edu,314-542-9580,5271 Waywood Crossing,Saint Louis,Missouri,United States
141,Rozalin,Piddletown,rpiddletown3w@shop-pro.jp,262-915-6958,3861 Boyd Trail,Milwaukee,Wisconsin,United States
142,Felice,Schule,fschule3x@google.nl,614-209-5079,1007 Marquette Crossing,Columbus,Ohio,United States
143,Susy,Pavluk,spavluk3y@pagesperso-orange.fr,602-414-7793,018 Cascade Alley,Scottsdale,Arizona,United States
144,Gael,Egdale,gegdale3z@hexun.com,305-729-9582,18 Nevada Center,Miami,Florida,United States
145,Karlis,Thornton,kthornton40@sina.com.cn,916-374-9077,0 Michigan Street,Sacramento,California,United States
146,Noam,Heller,nheller41@csmonitor.com,585-576-9653,615 Scoville Alley,Rochester,New York,United States
147,Pattie,Bertson,pbertson42@scribd.com,212-571-1422,5595 Sunfield Center,Jamaica,New York,United States
148,Consalve,Barense,cbarense43@imdb.com,208-311-2192,86011 Bunker Hill Way,Boise,Idaho,United States
149,Rutter,Neubigging,rneubigging44@addthis.com,347-851-8954,3 Fair Oaks Trail,Flushing,New York,United States
150,Fernando,Woodings,fwoodings45@sitemeter.com,801-923-2582,5 Bultman Circle,Provo,Utah,United States
151,Cybill,Glencross,cglencross46@google.ca,916-205-0812,3 Schlimgen Drive,Sacramento,California,United States
152,Mervin,Cavalier,mcavalier47@macromedia.com,920-359-9868,0323 Schlimgen Circle,Milwaukee,Wisconsin,United States
153,Llewellyn,Udden,ludden48@cafepress.com,941-126-7183,4 Schmedeman Avenue,Bradenton,Florida,United States
154,Sandro,Meriton,smeriton49@gnu.org,302-864-7007,109 East Circle,Newark,Delaware,United States
155,Ellerey,Bateman,ebateman4a@elpais.com,808-218-2097,12623 Heffernan Hill,Honolulu,Hawaii,United States
156,Sylvan,Halvosen,shalvosen4b@google.ca,706-451-7199,23 New Castle Point,Columbus,Georgia,United States
157,Hildegaard,Henworth,hhenworth4c@histats.com,502-290-5987,771 Paget Hill,Louisville,Kentucky,United States
158,Tobin,January,tjanuary4d@cafepress.com,213-964-6769,05 Starling Park,Los Angeles,California,United States
159,Fay,Korting,fkorting4e@eepurl.com,214-431-8396,97 Jenna Crossing,Denton,Texas,United States
160,Shir,Grist,sgrist4f@virginia.edu,407-837-0873,4864 Karstens Alley,Orlando,Florida,United States
161,Tatiana,Melliard,tmelliard4g@stanford.edu,717-890-0795,5 Stephen Place,Harrisburg,Pennsylvania,United States
162,Meghan,O'Henery,mohenery4h@cloudflare.com,719-657-1157,81005 Lukken Street,Colorado Springs,Colorado,United States
163,Gussi,Rikard,grikard4i@noaa.gov,319-706-9330,08 Swallow Drive,Cedar Rapids,Iowa,United States
164,Pet,Titcom,ptitcom4j@google.pl,352-265-7632,83716 Di Loreto Parkway,Ocala,Florida,United States
165,Fallon,Janecek,fjanecek4k@sina.com.cn,585-208-6154,7 Stuart Court,Rochester,New York,United States
166,Ingmar,Skellion,iskellion4l@netscape.com,915-968-8099,9 Randy Junction,El Paso,Texas,United States
167,Enos,Giametti,egiametti4m@hc360.com,415-314-2629,23443 Briar Crest Junction,San Francisco,California,United States
168,Roxine,McIlwraith,rmcilwraith4n@weebly.com,850-990-0165,104 Merchant Terrace,Pensacola,Florida,United States
169,Buck,Abramowsky,babramowsky4o@illinois.edu,602-138-9441,4 Meadow Ridge Plaza,Phoenix,Arizona,United States
170,Marlin,Braikenridge,mbraikenridge4p@bbc.co.uk,559-919-6190,392 Esker Road,Fresno,California,United States
171,Harman,Scoates,hscoates4q@hatena.ne.jp,406-912-8805,990 Sullivan Road,Missoula,Montana,United States
172,Stanford,Gourlay,sgourlay4r@amazon.co.uk,256-402-1003,9 Luster Trail,Huntsville,Alabama,United States
173,Siusan,Torpie,storpie4s@slashdot.org,254-474-5500,1 Hovde Way,Waco,Texas,United States
174,Rubie,Furmagier,rfurmagier4t@uol.com.br,971-221-4077,945 Comanche Trail,Portland,Oregon,United States
175,Odey,Thebeau,othebeau4u@youtube.com,757-328-3100,136 John Wall Center,Newport News,Virginia,United States
176,Jacinthe,Haile,jhaile4v@storify.com,319-938-9703,94 Sycamore Circle,Cedar Rapids,Iowa,United States
177,Sapphira,Pfaffel,spfaffel4w@blogs.com,402-961-8044,084 Farwell Terrace,Omaha,Nebraska,United States
178,Lydie,Dewfall,ldewfall4x@kickstarter.com,714-645-8285,66259 Atwood Circle,Irvine,California,United States
179,Brion,Madle,bmadle4y@sciencedirect.com,571-578-5396,644 Hermina Point,Reston,Virginia,United States
180,Denys,Yeardley,dyeardley4z@tripod.com,603-249-9659,18422 Badeau Parkway,Manchester,New Hampshire,United States
181,Vivien,Joerning,vjoerning50@independent.co.uk,912-301-8949,07827 Tony Court,Savannah,Georgia,United States
182,Thaine,Knapton,tknapton51@cdbaby.com,702-803-9109,3 8th Parkway,Las Vegas,Nevada,United States
183,Wood,Gomery,wgomery52@google.co.uk,610-785-0736,84 Brickson Park Avenue,Reading,Pennsylvania,United States
184,Milzie,Sutherns,msutherns53@seattletimes.com,304-439-3169,486 Ramsey Terrace,Charleston,West Virginia,United States
185,Franzen,Barraclough,fbarraclough54@comsenz.com,336-791-2372,7210 Haas Park,Greensboro,North Carolina,United States
186,Charity,Perrigo,cperrigo55@about.com,805-195-7223,7 Gulseth Parkway,Oxnard,California,United States
187,Bevin,Bernini,bbernini56@psu.edu,312-288-4048,908 Rockefeller Park,Chicago,Illinois,United States
188,Barbaraanne,Salvage,bsalvage57@homestead.com,501-254-7139,3 Warbler Plaza,North Little Rock,Arkansas,United States
189,Claudell,Stones,cstones58@vistaprint.com,260-114-6469,35975 Memorial Avenue,Fort Wayne,Indiana,United States
190,Bridget,Whelpdale,bwhelpdale59@microsoft.com,318-318-0669,9268 Charing Cross Crossing,Shreveport,Louisiana,United States
191,Lyle,Dursley,ldursley5a@youtube.com,901-661-4466,1048 American Avenue,Memphis,Tennessee,United States
192,Jamima,Lockless,jlockless5b@weather.com,312-621-2356,6 Weeping Birch Place,Chicago,Illinois,United States
193,Carly,Hartness,chartness5c@alibaba.com,907-583-4279,0 Manley Way,Anchorage,Alaska,United States
194,Alicea,McAleese,amcaleese5d@cnbc.com,801-751-3537,5 Morning Drive,Salt Lake City,Utah,United States
195,Haleigh,Stayte,hstayte5e@hud.gov,937-422-1594,76 Crest Line Point,Hamilton,Ohio,United States
196,Sidonnie,Tremain,stremain5f@yandex.ru,704-644-9623,637 Barnett Avenue,Charlotte,North Carolina,United States
197,Georgianna,Spera,gspera5g@wired.com,309-245-0691,23321 Center Way,Peoria,Illinois,United States
198,Ahmed,Iacopo,aiacopo5h@ovh.net,626-516-9602,0 Sommers Circle,Alhambra,California,United States
199,Adena,Costar,acostar5i@uol.com.br,213-491-6068,25 Randy Junction,Van Nuys,California,United States
200,Izaak,Eykel,ieykel5j@pagesperso-orange.fr,951-247-0346,4601 South Place,Riverside,California,United States
201,Arnaldo,O'Garmen,aogarmen5k@bigcartel.com,585-905-7830,8590 Northridge Park,Rochester,New York,United States
202,Bidget,Buyers,bbuyers5l@loc.gov,267-532-0390,96948 Debs Place,Levittown,Pennsylvania,United States
203,Caitrin,Diable,cdiable5m@huffingtonpost.com,816-766-5411,4033 Rieder Road,Lees Summit,Missouri,United States
204,Karlyn,Setterington,ksetterington5n@google.com,234-203-5240,1304 Fisk Terrace,Akron,Ohio,United States
205,Alicia,Sperry,asperry5o@abc.net.au,912-439-1029,8 Norway Maple Avenue,Savannah,Georgia,United States
206,Siffre,Clemendot,sclemendot5p@istockphoto.com,920-765-4117,56556 Mallory Road,Appleton,Wisconsin,United States
207,Terence,Meighan,tmeighan5q@ustream.tv,972-111-7876,71 Doe Crossing Parkway,Dallas,Texas,United States
208,Gwenny,Revens,grevens5r@oracle.com,210-596-5145,535 School Drive,San Antonio,Texas,United States
209,Tedd,Kivelhan,tkivelhan5s@slate.com,727-192-3429,5 Heffernan Alley,Clearwater,Florida,United States
210,Glen,Soldan,gsoldan5t@xing.com,405-787-3687,087 Evergreen Park,Oklahoma City,Oklahoma,United States
211,Sherman,Pauly,spauly5u@drupal.org,415-605-9035,4219 Wayridge Lane,San Francisco,California,United States
212,Lira,Iiannone,liiannone5v@multiply.com,504-101-5147,94 Dixon Alley,New Orleans,Louisiana,United States
213,Larine,Coie,lcoie5w@flavors.me,508-496-1562,89 Amoth Drive,Newton,Massachusetts,United States
214,Lucine,Fawke,lfawke5x@over-blog.com,612-282-5650,74172 Hayes Terrace,Saint Paul,Minnesota,United States
215,Ida,Wheeliker,iwheeliker5y@chicagotribune.com,754-362-4276,7083 Sachs Drive,Fort Lauderdale,Florida,United States
216,Karly,Hugonneau,khugonneau5z@artisteer.com,602-447-5917,36 North Crossing,Phoenix,Arizona,United States
217,Leigha,Sexcey,lsexcey60@fc2.com,973-716-6605,8670 Rigney Terrace,Newark,New Jersey,United States
218,Myrtie,Pedrazzi,mpedrazzi61@bigcartel.com,609-100-2014,46186 Paget Hill,Trenton,New Jersey,United States
219,Kendall,Joselevitch,kjoselevitch62@xinhuanet.com,419-778-6660,14 Holy Cross Pass,Toledo,Ohio,United States
220,Luke,McClune,lmcclune63@tripadvisor.com,615-685-9199,1 Leroy Hill,Memphis,Tennessee,United States
221,Rodina,Stanyan,rstanyan64@paypal.com,941-991-7551,2905 Hazelcrest Drive,Sarasota,Florida,United States
222,Linoel,Falconar,lfalconar65@java.com,254-900-2519,4 Dakota Court,Waco,Texas,United States
223,Aviva,Casado,acasado66@biglobe.ne.jp,312-228-6096,3187 Bluejay Avenue,Aurora,Illinois,United States
224,Alfi,Domotor,adomotor67@guardian.co.uk,816-871-9766,617 Eagle Crest Lane,Kansas City,Missouri,United States
225,Humfrid,Shipston,hshipston68@washingtonpost.com,402-763-6206,4795 Old Shore Point,Omaha,Nebraska,United States
226,Andree,Bugge,abugge69@cbc.ca,314-348-1396,441 Main Junction,Saint Louis,Missouri,United States
227,Kermy,Portis,kportis6a@mtv.com,209-650-8545,602 Dwight Drive,Hayward,California,United States
228,Christiane,Snowden,csnowden6b@gizmodo.com,832-399-0624,60704 Myrtle Lane,Houston,Texas,United States
229,Colman,Schankelborg,cschankelborg6c@furl.net,202-502-3534,7 Lien Plaza,Washington,District of Columbia,United States
230,Tate,Wilce,twilce6d@accuweather.com,706-146-8020,008 7th Crossing,Augusta,Georgia,United States
231,Warren,Clayal,wclayal6e@mail.ru,916-691-6355,9 Clyde Gallagher Point,Sacramento,California,United States
232,Richard,Taffie,rtaffie6f@go.com,504-906-6756,224 Laurel Drive,New Orleans,Louisiana,United States
233,Cos,Kabsch,ckabsch6g@sogou.com,260-219-8345,607 Utah Alley,Fort Wayne,Indiana,United States
234,Maryjane,Colkett,mcolkett6h@wikipedia.org,239-559-9948,4 Lighthouse Bay Plaza,Fort Myers,Florida,United States
235,Olva,Ivchenko,oivchenko6i@baidu.com,832-424-2814,50135 Acker Lane,Houston,Texas,United States
236,Nessy,Calrow,ncalrow6j@mayoclinic.com,507-628-6734,99 Arrowood Plaza,Rochester,Minnesota,United States
237,Hattie,Abramski,habramski6k@theatlantic.com,706-972-7878,6 Autumn Leaf Drive,Columbus,Georgia,United States
238,Marcia,Lezemore,mlezemore6l@sogou.com,410-475-6669,08 Wayridge Crossing,Baltimore,Maryland,United States
239,Pierre,Adderson,padderson6m@cpanel.net,540-508-0344,59 Bayside Court,Roanoke,Virginia,United States
240,Rosanne,Backshall,rbackshall6n@admin.ch,513-111-0198,18 Northview Point,Cincinnati,Ohio,United States
241,Siobhan,Belle,sbelle6o@zimbio.com,203-503-3077,134 Aberg Parkway,Hartford,Connecticut,United States
242,Jessalin,Bulfoy,jbulfoy6p@ameblo.jp,941-863-1821,50977 Meadow Valley Point,North Port,Florida,United States
243,Othilie,De Malchar,odemalchar6q@twitter.com,203-219-9480,69521 Kipling Place,Waterbury,Connecticut,United States
244,Melloney,Tankus,mtankus6r@nymag.com,850-157-6211,91277 Lighthouse Bay Trail,Pensacola,Florida,United States
245,Noach,Dioniso,ndioniso6s@reference.com,407-481-1493,120 Monterey Hill,Kissimmee,Florida,United States
246,Charita,Jeyness,cjeyness6t@netscape.com,804-361-8765,30 Oriole Court,Richmond,Virginia,United States
247,Esme,Knowling,eknowling6u@seattletimes.com,256-595-0131,50801 Havey Park,Gadsden,Alabama,United States
248,Archie,McPharlain,amcpharlain6v@cmu.edu,513-130-1984,619 Cordelia Court,Cincinnati,Ohio,United States
249,Gwyneth,Everleigh,geverleigh6w@geocities.jp,540-914-6523,12 Bluejay Place,Roanoke,Virginia,United States
250,Dionisio,Schlagtmans,dschlagtmans6x@plala.or.jp,757-775-3148,8566 Becker Place,Richmond,Virginia,United States
251,Stanislas,Combe,scombe6y@patch.com,253-861-3771,8868 Arapahoe Trail,Tacoma,Washington,United States
252,Dottie,Carlino,dcarlino6z@gizmodo.com,862-922-5270,09781 Judy Crossing,Newark,New Jersey,United States
253,Perkin,Sutterfield,psutterfield70@abc.net.au,816-382-6492,70 Portage Junction,Kansas City,Missouri,United States
254,Reece,Percifer,rpercifer71@google.co.uk,615-431-8457,53 Doe Crossing Plaza,Nashville,Tennessee,United States
255,Kendell,McGuggy,kmcguggy72@slate.com,203-486-4763,532 Loomis Way,New Haven,Connecticut,United States
256,Dewain,Glamart,dglamart73@google.ru,719-844-3599,45944 Southridge Plaza,Colorado Springs,Colorado,United States
257,Jyoti,Klagge,jklagge74@joomla.org,516-286-7645,98 Golf View Lane,Port Washington,New York,United States
258,Barth,Howcroft,bhowcroft75@google.com.au,816-934-9918,481 Roxbury Street,Kansas City,Missouri,United States
259,Kass,Conry,kconry76@dell.com,772-204-8142,900 Crescent Oaks Way,Fort Pierce,Florida,United States
260,Avigdor,Tuckwood,atuckwood77@arizona.edu,315-422-8515,0 Loftsgordon Center,Syracuse,New York,United States
261,Glynn,Mardoll,gmardoll78@weather.com,309-696-4886,34520 7th Way,Peoria,Illinois,United States
262,Olenka,Guerro,oguerro79@nbcnews.com,805-995-8751,2 Algoma Pass,San Luis Obispo,California,United States
263,Marni,Weyland,mweyland7a@disqus.com,704-970-4457,717 Sage Park,Charlotte,North Carolina,United States
264,Elladine,Kohnemann,ekohnemann7b@comsenz.com,832-334-8151,50 Tony Way,Houston,Texas,United States
265,Mella,Garter,mgarter7c@go.com,760-577-7644,7321 Johnson Drive,Escondido,California,United States
266,Frasier,Palia,fpalia7d@nymag.com,202-546-1185,32 Eggendart Hill,Washington,District of Columbia,United States
267,Fey,Cowan,fcowan7e@prlog.org,716-959-2372,6764 Meadow Valley Trail,Buffalo,New York,United States
268,Paxon,Robertucci,probertucci7f@stanford.edu,785-889-6392,2208 Mcbride Lane,Topeka,Kansas,United States
269,Lewie,Clows,lclows7g@livejournal.com,212-365-3839,0618 Cascade Terrace,Jamaica,New York,United States
270,Genni,Artingstall,gartingstall7h@rambler.ru,602-868-4888,5 Golden Leaf Terrace,Phoenix,Arizona,United States
271,Lesli,Castaner,lcastaner7i@over-blog.com,706-204-7453,69 Eastwood Place,Augusta,Georgia,United States
272,Blondy,McGrale,bmcgrale7j@virginia.edu,414-425-0800,979 Bartelt Drive,Milwaukee,Wisconsin,United States
273,Sergeant,Aimeric,saimeric7k@psu.edu,918-237-2371,08 Vermont Pass,Tulsa,Oklahoma,United States
274,Nickie,Macellar,nmacellar7l@arstechnica.com,405-593-4607,2931 Forest Dale Terrace,Oklahoma City,Oklahoma,United States
275,Anabal,Dishman,adishman7m@jalbum.net,585-131-2808,996 Butterfield Avenue,Rochester,New York,United States
276,Felisha,Van der Kruys,fvanderkruys7n@mapy.cz,702-439-4536,42 Carey Road,North Las Vegas,Nevada,United States
277,Dulcea,Haycox,dhaycox7o@adobe.com,915-311-1750,437 American Plaza,El Paso,Texas,United States
278,Emanuel,Spellward,espellward7p@guardian.co.uk,804-886-7750,9 Eggendart Parkway,Richmond,Virginia,United States
279,Florie,Canfield,fcanfield7q@go.com,601-344-7960,04701 Lakewood Parkway,Jackson,Mississippi,United States
280,Sarah,Buesden,sbuesden7r@phoca.cz,360-685-4884,394 Jana Pass,Vancouver,Washington,United States
281,Willem,Ten Broek,wtenbroek7s@chronoengine.com,952-898-8548,5 Bluejay Terrace,Maple Plain,Minnesota,United States
282,Wylie,Belward,wbelward7t@theguardian.com,401-994-4242,93 Quincy Place,Providence,Rhode Island,United States
283,Neill,Donohoe,ndonohoe7u@merriam-webster.com,907-438-6059,71261 Knutson Parkway,Anchorage,Alaska,United States
284,Briano,Dockerty,bdockerty7v@delicious.com,860-967-2615,92 Loftsgordon Terrace,Hartford,Connecticut,United States
285,Heath,Senechault,hsenechault7w@noaa.gov,202-229-3002,5797 Mifflin Pass,Washington,District of Columbia,United States
286,Garald,Akred,gakred7x@apache.org,973-442-0381,829 Westridge Junction,Paterson,New Jersey,United States
287,Tiphanie,Clutten,tclutten7y@dot.gov,770-616-2509,8 Lakeland Way,Marietta,Georgia,United States
288,Nanette,Weadick,nweadick7z@latimes.com,561-383-5262,1 Porter Crossing,West Palm Beach,Florida,United States
289,Del,Balentyne,dbalentyne80@phpbb.com,806-372-3140,715 Waubesa Plaza,Lubbock,Texas,United States
290,Brandtr,Missen,bmissen81@newyorker.com,559-715-8736,8162 Ramsey Circle,Fresno,California,United States
291,Heinrik,Janecki,hjanecki82@t-online.de,212-987-5193,4454 Jenifer Trail,Brooklyn,New York,United States
292,Willabella,Kelcher,wkelcher83@toplist.cz,702-621-4102,98 Stoughton Court,Las Vegas,Nevada,United States
293,Malissa,Behr,mbehr84@bing.com,919-782-1167,539 Dorton Drive,Durham,North Carolina,United States
294,Moll,Duckerin,mduckerin85@columbia.edu,864-742-5558,19828 Brentwood Court,Spartanburg,South Carolina,United States
295,Prentiss,Fudge,pfudge86@sohu.com,716-684-6631,3292 Little Fleur Way,Buffalo,New York,United States
296,Josefa,Normansell,jnormansell87@phpbb.com,419-987-9076,4 Kingsford Alley,Mansfield,Ohio,United States
297,Morganne,Pessold,mpessold88@youku.com,914-132-3046,18231 Farragut Crossing,Yonkers,New York,United States
298,Ronny,Lipmann,rlipmann89@wikimedia.org,706-639-4755,244 Westridge Drive,Athens,Georgia,United States
299,Raquela,Dilleston,rdilleston8a@acquirethisname.com,315-553-9777,0 Florence Trail,Rochester,New York,United States
300,Sutton,Casseldine,scasseldine8b@hc360.com,727-789-5528,0123 Esch Way,Clearwater,Florida,United States
301,Joey,Esome,jesome8c@ask.com,405-205-0575,1843 Logan Road,Oklahoma City,Oklahoma,United States
302,Carol,Bollard,cbollard8d@mit.edu,228-445-8916,9285 Loftsgordon Center,Biloxi,Mississippi,United States
303,Konstance,Bamlett,kbamlett8e@alexa.com,512-686-9238,0896 Bluestem Circle,Austin,Texas,United States
304,Justen,Vice,jvice8f@statcounter.com,701-472-8252,63183 Namekagon Terrace,Fargo,North Dakota,United States
305,Carroll,Nutbeem,cnutbeem8g@clickbank.net,209-615-9901,27896 Golf Junction,Modesto,California,United States
306,Kerwin,Budibent,kbudibent8h@google.ru,916-267-2151,222 La Follette Pass,Sacramento,California,United States
307,Melita,Inchcomb,minchcomb8i@psu.edu,770-822-6209,34402 Lerdahl Plaza,Marietta,Georgia,United States
308,Fielding,Piotr,fpiotr8j@prnewswire.com,309-701-4171,75981 1st Point,Peoria,Illinois,United States
309,Bordie,Crumbleholme,bcrumbleholme8k@microsoft.com,225-335-6528,46847 Florence Park,Baton Rouge,Louisiana,United States
310,Lotti,Stenet,lstenet8l@free.fr,505-240-4534,991 Cody Lane,Albuquerque,New Mexico,United States
311,Noll,Edlestone,nedlestone8m@ibm.com,814-792-2976,52563 Annamark Center,Erie,Pennsylvania,United States
312,Guinna,Grisard,ggrisard8n@ehow.com,615-627-5514,3933 Monument Point,Nashville,Tennessee,United States
313,Willi,Tiesman,wtiesman8o@kickstarter.com,512-985-8805,82 Melvin Road,Austin,Texas,United States
314,Rudiger,De Blasi,rdeblasi8p@posterous.com,501-443-9899,3 Charing Cross Drive,Little Rock,Arkansas,United States
315,Hally,Wrixon,hwrixon8q@de.vu,267-815-9378,6762 Jay Way,Levittown,Pennsylvania,United States
316,Antonio,Gaylord,agaylord8r@shinystat.com,904-706-0229,13469 Russell Alley,Jacksonville,Florida,United States
317,Rudolfo,Haughian,rhaughian8s@rambler.ru,610-713-2030,6 Algoma Avenue,Allentown,Pennsylvania,United States
318,Catha,Stife,cstife8t@biblegateway.com,817-329-8037,94 Monterey Point,Irving,Texas,United States
319,Lucky,Leipold,lleipold8u@paginegialle.it,757-838-5471,617 Arkansas Drive,Portsmouth,Virginia,United States
320,Tessie,Coote,tcoote8v@issuu.com,260-571-0476,33 Carberry Lane,Fort Wayne,Indiana,United States
321,Westleigh,Mulvy,wmulvy8w@cnn.com,239-259-0960,83 Vera Parkway,Naples,Florida,United States
322,Derrick,Gritsunov,dgritsunov8x@vistaprint.com,616-502-6067,966 Novick Park,Grand Rapids,Michigan,United States
323,Talyah,Souter,tsouter8y@columbia.edu,559-510-9568,22 Butternut Park,Visalia,California,United States
324,Mohammed,Grigoli,mgrigoli8z@goo.ne.jp,951-600-5733,24 Charing Cross Trail,Riverside,California,United States
325,Fabian,Griffitts,fgriffitts90@eventbrite.com,865-705-7842,757 Loomis Center,Knoxville,Tennessee,United States
326,Siward,Kirtlan,skirtlan91@exblog.jp,501-254-6990,76396 Vernon Street,Little Rock,Arkansas,United States
327,Perla,Testin,ptestin92@usnews.com,216-779-9158,29810 Eggendart Court,Cleveland,Ohio,United States
328,Tab,Atlee,tatlee93@sphinn.com,405-409-4344,904 Scoville Court,Oklahoma City,Oklahoma,United States
329,Hermina,Jordan,hjordan94@pagesperso-orange.fr,951-193-1161,282 Claremont Crossing,Corona,California,United States
330,Rickey,Kingscote,rkingscote95@amazon.co.jp,309-467-2993,26 Tennyson Junction,Peoria,Illinois,United States
331,Conroy,Bissett,cbissett96@stanford.edu,804-307-5262,2008 Raven Place,Richmond,Virginia,United States
332,Kaine,Jeary,kjeary97@ftc.gov,413-688-9413,902 Summer Ridge Parkway,Springfield,Massachusetts,United States
333,Obadias,Son,oson98@businesswire.com,256-372-2626,57982 Northridge Circle,Huntsville,Alabama,United States
334,Merwin,Hintzer,mhintzer99@geocities.jp,318-904-8132,94 Spohn Avenue,Shreveport,Louisiana,United States
335,Miof mela,Shead,mshead9a@ucsd.edu,772-670-8403,17 Luster Terrace,Fort Pierce,Florida,United States
336,Avril,Gebbie,agebbie9b@sun.com,843-388-1129,3379 Del Mar Lane,Myrtle Beach,South Carolina,United States
337,Harbert,Dewis,hdewis9c@arstechnica.com,907-479-9165,6770 Troy Drive,Anchorage,Alaska,United States
338,Ophelia,Domingues,odomingues9d@istockphoto.com,318-932-9108,470 Buell Parkway,Shreveport,Louisiana,United States
339,Calley,Taffarello,ctaffarello9e@va.gov,559-150-2895,6050 Rusk Point,Visalia,California,United States
340,Tarrah,Seson,tseson9f@artisteer.com,317-171-9297,3225 Harper Center,Indianapolis,Indiana,United States
341,Adriaens,Burnsall,aburnsall9g@imageshack.us,716-605-7921,5304 Beilfuss Point,Buffalo,New York,United States
342,Ariella,Egglestone,aegglestone9h@jiathis.com,775-962-2142,19711 Spaight Center,Reno,Nevada,United States
343,Jana,Padfield,jpadfield9i@upenn.edu,417-366-2264,6 Pawling Street,Springfield,Missouri,United States
344,Gualterio,Budleigh,gbudleigh9j@creativecommons.org,956-186-2048,549 School Crossing,Laredo,Texas,United States
345,Pat,Casarili,pcasarili9k@over-blog.com,239-661-1223,03 Bartillon Plaza,Naples,Florida,United States
346,Kerwin,Tohill,ktohill9l@google.com.au,510-691-3140,292 Knutson Trail,Oakland,California,United States
347,George,Kimberley,gkimberley9m@edublogs.org,415-787-0231,00236 Rusk Terrace,San Francisco,California,United States
348,Kelly,Skillitt,kskillitt9n@angelfire.com,785-740-4285,8496 Maple Plaza,Topeka,Kansas,United States
349,Ninnette,Johnson,njohnson9o@ftc.gov,309-792-6964,8 Golf Plaza,Bloomington,Illinois,United States
350,Henryetta,Reece,hreece9p@technorati.com,941-444-4190,94 Pankratz Trail,Sarasota,Florida,United States
351,Orelee,Skelding,oskelding9q@123-reg.co.uk,336-829-8300,5090 6th Alley,Winston Salem,North Carolina,United States
352,Anastassia,Laming,alaming9r@amazon.de,407-252-8797,5983 Dunning Street,Orlando,Florida,United States
353,Wilbert,Prestland,wprestland9s@nature.com,901-826-1341,05533 Mallard Parkway,Memphis,Tennessee,United States
354,Corabelle,Godain,cgodain9t@utexas.edu,419-774-9711,97658 Vermont Junction,Toledo,Ohio,United States
355,Archaimbaud,Summerrell,asummerrell9u@constantcontact.com,516-682-6246,39 Oxford Crossing,New Hyde Park,New York,United States
356,Edwina,Crack,ecrack9v@princeton.edu,281-138-1933,81182 Spohn Terrace,Houston,Texas,United States
357,Shannan,Kiln,skiln9w@nps.gov,785-558-9706,36303 Goodland Circle,Topeka,Kansas,United States
358,Tony,Hellewell,thellewell9x@icq.com,202-210-3307,76828 Prentice Park,Washington,District of Columbia,United States
359,Sheela,Bendon,sbendon9y@sohu.com,915-848-9178,552 Chive Way,El Paso,Texas,United States
360,Laryssa,Ziemens,lziemens9z@gov.uk,213-750-2345,11 Merchant Park,Los Angeles,California,United States
361,Myranda,Youd,myouda0@reddit.com,516-830-5620,9 Acker Center,Hicksville,New York,United States
362,Alvin,Janek,ajaneka1@foxnews.com,404-452-7493,223 Rutledge Plaza,Atlanta,Georgia,United States
363,Aeriell,Semark,asemarka2@google.pl,864-834-5841,9546 Chinook Pass,Greenville,South Carolina,United States
364,Crissie,Gioani,cgioania3@furl.net,501-755-8949,5 John Wall Court,Little Rock,Arkansas,United States
365,Nelson,Lillo,nlilloa4@cisco.com,516-674-6368,5771 Washington Pass,Great Neck,New York,United States
366,Falito,Flett,ffletta5@fema.gov,801-920-8039,4 Holmberg Junction,Salt Lake City,Utah,United States
367,Worth,Bignold,wbignolda6@europa.eu,251-265-5895,559 Lake View Circle,Mobile,Alabama,United States
368,Calli,O'Duggan,coduggana7@e-recht24.de,561-525-5357,8248 Blaine Parkway,Boca Raton,Florida,United States
369,Carlotta,Matessian,cmatessiana8@squidoo.com,806-322-3801,604 Service Center,Lubbock,Texas,United States
370,Philis,Angell,pangella9@psu.edu,916-455-2679,8687 Buhler Terrace,Sacramento,California,United States
371,Verene,Ropartz,vropartzaa@bloglines.com,602-207-1045,1 Oneill Trail,Glendale,Arizona,United States
372,Flemming,Finlow,ffinlowab@unesco.org,731-925-3676,8855 Bellgrove Plaza,Jackson,Tennessee,United States
373,Morry,Larman,mlarmanac@bizjournals.com,718-871-4282,9 Lake View Terrace,Jamaica,New York,United States
374,Fifine,Rowe,frowead@techcrunch.com,571-380-9224,601 Loeprich Park,Dulles,Virginia,United States
375,Winifred,Beasley,wbeasleyae@vistaprint.com,817-170-5816,103 Valley Edge Parkway,Arlington,Texas,United States
376,Hildy,Kembrey,hkembreyaf@prweb.com,434-800-8739,26072 Park Meadow Point,Charlottesville,Virginia,United States
377,Kory,Onthank,konthankag@baidu.com,513-345-0804,17 Meadow Vale Pass,Cincinnati,Ohio,United States
378,Gertruda,Phipp,gphippah@storify.com,610-980-7358,22327 Columbus Point,Allentown,Pennsylvania,United States
379,Feodor,Dollin,fdollinai@pagesperso-orange.fr,501-830-2803,330 Myrtle Crossing,Little Rock,Arkansas,United States
380,Cherise,Lemon,clemonaj@google.es,763-285-1142,1 Nelson Drive,Minneapolis,Minnesota,United States
381,Nona,Groucutt,ngroucuttak@buzzfeed.com,702-931-9140,93480 Scott Drive,Las Vegas,Nevada,United States
382,Dominica,Wimmer,dwimmeral@weebly.com,719-854-1273,578 Mandrake Crossing,Colorado Springs,Colorado,United States
383,Pacorro,Lednor,plednoram@sfgate.com,850-163-5526,149 Lakewood Plaza,Panama City,Florida,United States
384,Penni,Lewton,plewtonan@nyu.edu,610-596-0987,73677 Lotheville Way,Philadelphia,Pennsylvania,United States
385,Rosalynd,De Brett,rdebrettao@behance.net,702-618-9123,70 Crowley Parkway,Las Vegas,Nevada,United States
386,Scotty,Skeene,sskeeneap@domainmarket.com,407-944-7291,2 Sycamore Junction,Orlando,Florida,United States
387,Madison,Wyndham,mwyndhamaq@cpanel.net,417-749-5926,6951 Dawn Trail,Springfield,Missouri,United States
388,Inesita,Jurczyk,ijurczykar@apache.org,315-484-7385,6 Dunning Drive,Syracuse,New York,United States
389,Stephana,MacAnelley,smacanelleyas@taobao.com,810-784-5933,0 Oakridge Court,Warren,Michigan,United States
390,Siward,Ladds,sladdsat@google.co.jp,919-842-9625,48496 Eliot Center,Raleigh,North Carolina,United States
391,Peggy,Jaram,pjaramau@washingtonpost.com,808-330-4642,7 Melrose Crossing,Honolulu,Hawaii,United States
392,Britte,Hundey,bhundeyav@hhs.gov,801-722-1330,1 Saint Paul Hill,Salt Lake City,Utah,United States
393,Loella,Eberdt,leberdtaw@blogtalkradio.com,716-156-3555,9049 4th Plaza,Buffalo,New York,United States
394,Kellsie,Wankel,kwankelax@adobe.com,305-686-0942,7139 Rusk Lane,Miami,Florida,United States
395,Pierce,Vannikov,pvannikovay@soup.io,347-729-2741,32347 Hanson Trail,New York City,New York,United States
396,Paco,Cherry,pcherryaz@icq.com,203-308-2286,60 Grim Road,New Haven,Connecticut,United States
397,Mirna,Cruddace,mcruddaceb0@squidoo.com,612-227-7972,11 Lyons Lane,Minneapolis,Minnesota,United States
398,Daloris,Barefoot,dbarefootb1@buzzfeed.com,260-489-2331,09335 Warner Parkway,Fort Wayne,Indiana,United States
399,Stefano,Soffe,ssoffeb2@unicef.org,907-621-5165,72047 Merry Junction,Fairbanks,Alaska,United States
400,Clay,Pashen,cpashenb3@cnet.com,702-328-9412,5574 Talmadge Park,Las Vegas,Nevada,United States
401,Elisabeth,Abela,eabelab4@un.org,910-157-8820,01540 Vidon Drive,Wilmington,North Carolina,United States
402,Thaxter,Larking,tlarkingb5@apple.com,919-201-6969,18 Morrow Park,Raleigh,North Carolina,United States
403,Muffin,Woodrooffe,mwoodrooffeb6@usa.gov,910-198-0047,3 Oakridge Trail,Fayetteville,North Carolina,United States
404,Pincas,Affron,paffronb7@acquirethisname.com,682-321-7208,2 Fremont Center,Fort Worth,Texas,United States
405,Ula,Tredger,utredgerb8@desdev.cn,832-396-9883,25 Lakewood Gardens Court,Houston,Texas,United States
406,Bree,Baldoni,bbaldonib9@gravatar.com,561-208-1327,5992 Blue Bill Park Lane,Delray Beach,Florida,United States
407,Blane,Eadmead,beadmeadba@go.com,352-815-1008,37525 Messerschmidt Terrace,Ocala,Florida,United States
408,Fenelia,Farens,ffarensbb@guardian.co.uk,907-395-9937,4 Monterey Pass,Juneau,Alaska,United States
409,Christan,Twitchings,ctwitchingsbc@forbes.com,850-604-0617,797 Dovetail Junction,Pensacola,Florida,United States
410,Johna,Brandli,jbrandlibd@ifeng.com,205-917-4363,21850 Graedel Trail,Tuscaloosa,Alabama,United States
411,Mair,Frensche,mfrenschebe@issuu.com,214-436-6156,10780 Toban Hill,Irving,Texas,United States
412,Morey,Rewcassell,mrewcassellbf@tumblr.com,860-616-8117,99 Burning Wood Hill,Hartford,Connecticut,United States
413,Xylina,Lepard,xlepardbg@wikia.com,503-363-9987,28910 South Terrace,Portland,Oregon,United States
414,Cedric,Arundel,carundelbh@miitbeian.gov.cn,212-857-1725,55771 Warbler Alley,Brooklyn,New York,United States
415,La verne,Athowe,lathowebi@goo.gl,504-851-8460,14 Rigney Parkway,New Orleans,Louisiana,United States
416,Adelheid,Schoolfield,aschoolfieldbj@instagram.com,602-411-6229,40 Wayridge Court,Phoenix,Arizona,United States
417,Dori,Fitzsymons,dfitzsymonsbk@51.la,229-623-6573,819 Miller Circle,Valdosta,Georgia,United States
418,Nels,Brewett,nbrewettbl@seattletimes.com,512-760-1021,66 Fieldstone Park,Austin,Texas,United States
419,Gabbie,Mercey,gmerceybm@yellowbook.com,804-562-6493,31907 Fulton Park,Richmond,Virginia,United States
420,Orelia,Hutten,ohuttenbn@foxnews.com,515-152-8273,51923 Sycamore Parkway,Des Moines,Iowa,United States
421,Armando,Roizin,aroizinbo@microsoft.com,952-936-2413,65 Coleman Street,Young America,Minnesota,United States
422,Shepard,Sitch,ssitchbp@slideshare.net,845-111-3113,7616 Mandrake Circle,White Plains,New York,United States
423,Wilma,Pollitt,wpollittbq@japanpost.jp,217-811-9537,104 Holmberg Way,Decatur,Illinois,United States
424,Earvin,Prati,epratibr@cpanel.net,806-460-0166,9 Grover Parkway,Lubbock,Texas,United States
425,Dagny,Skippings,dskippingsbs@patch.com,501-483-5482,8912 Marcy Court,Hot Springs National Park,Arkansas,United States
426,Christen,Challiner,cchallinerbt@umn.edu,504-869-6994,00108 Del Mar Alley,New Orleans,Louisiana,United States
427,Bell,Mozzi,bmozzibu@engadget.com,605-662-2637,951 Thompson Trail,Sioux Falls,South Dakota,United States
428,Val,Grosvener,vgrosvenerbv@squarespace.com,412-185-1981,7 Morrow Parkway,Pittsburgh,Pennsylvania,United States
429,Juanita,Cheales,jchealesbw@t.co,804-505-0291,70 Farwell Avenue,Richmond,Virginia,United States
430,Jeniffer,Tegler,jteglerbx@dmoz.org,816-771-3373,336 Rigney Circle,Kansas City,Missouri,United States
431,Burnaby,Neeves,bneevesby@google.ca,201-125-8263,177 Corry Plaza,Jersey City,New Jersey,United States
432,Kimble,Braben,kbrabenbz@drupal.org,203-934-3180,3220 Shelley Place,New Haven,Connecticut,United States
433,Thorndike,Bidmead,tbidmeadc0@blog.com,251-378-5076,97 Sauthoff Drive,Mobile,Alabama,United States
434,Olivero,Eilles,oeillesc1@topsy.com,937-283-0140,785 Grayhawk Junction,Dayton,Ohio,United States
435,Karney,Bougourd,kbougourdc2@ocn.ne.jp,540-645-8546,8598 Novick Trail,Roanoke,Virginia,United States
436,Tierney,Bladen,tbladenc3@usgs.gov,318-245-9108,88 Towne Place,Shreveport,Louisiana,United States
437,Stu,Hadcock,shadcockc4@1688.com,203-521-2426,231 Valley Edge Pass,Bridgeport,Connecticut,United States
438,Margret,Meaney,mmeaneyc5@feedburner.com,253-437-6434,74325 Bluestem Terrace,Olympia,Washington,United States
439,Fredi,Steffans,fsteffansc6@theatlantic.com,805-547-4964,3 Bonner Lane,Santa Barbara,California,United States
440,Catha,Hardes,chardesc7@ox.ac.uk,202-907-5911,2346 North Place,Washington,District of Columbia,United States
441,Geneva,McKomb,gmckombc8@amazon.de,731-543-1270,26749 Hooker Pass,Jackson,Tennessee,United States
442,Merwin,Waterfield,mwaterfieldc9@phpbb.com,281-880-2150,01637 Carioca Road,Katy,Texas,United States
443,Dawn,Goold,dgooldca@wikia.com,209-314-6170,0714 Steensland Trail,Stockton,California,United States
444,Melania,Halvorsen,mhalvorsencb@gmpg.org,256-276-8717,062 Bunting Lane,Gadsden,Alabama,United States
445,Sandra,Pudsey,spudseycc@mit.edu,417-600-7060,7 Union Junction,Springfield,Missouri,United States
446,Haleigh,Garaway,hgarawaycd@alibaba.com,315-100-4558,15 Kropf Pass,Syracuse,New York,United States
447,Timotheus,Mushart,tmushartce@huffingtonpost.com,714-409-7863,2 Mosinee Crossing,Anaheim,California,United States
448,Giulio,Sharply,gsharplycf@reference.com,602-924-0508,251 Upham Trail,Phoenix,Arizona,United States
449,Nevile,Boag,nboagcg@shareasale.com,512-708-4406,1063 Caliangt Road,Austin,Texas,United States
450,Jethro,Colpus,jcolpusch@dagondesign.com,202-944-6774,535 Moose Plaza,Washington,District of Columbia,United States
451,Michell,Younge,myoungeci@flickr.com,202-523-0573,55689 Vahlen Alley,Washington,District of Columbia,United States
452,Edik,Wasmuth,ewasmuthcj@topsy.com,412-753-4042,5171 Muir Alley,Pittsburgh,Pennsylvania,United States
453,Rutledge,Beadon,rbeadonck@friendfeed.com,971-377-9239,51 Brentwood Street,Portland,Oregon,United States
454,Adham,Going,agoingcl@ocn.ne.jp,405-871-2351,02 Springview Point,Oklahoma City,Oklahoma,United States
455,Joanna,Merrgen,jmerrgencm@surveymonkey.com,512-924-2167,7 Express Alley,Austin,Texas,United States
456,Rochelle,Jendrassik,rjendrassikcn@twitpic.com,918-995-2727,8 Reindahl Avenue,Tulsa,Oklahoma,United States
457,Hayyim,Moffett,hmoffettco@issuu.com,208-924-6474,20891 Gateway Parkway,Boise,Idaho,United States
458,Cam,Rosingdall,crosingdallcp@berkeley.edu,817-837-8969,8546 Maple Wood Crossing,Fort Worth,Texas,United States
459,Milicent,Pates,mpatescq@cdc.gov,361-673-4950,612 Moland Circle,Corpus Christi,Texas,United States
460,Justus,Kestin,jkestincr@usgs.gov,831-715-6909,82 Havey Court,Santa Cruz,California,United States
461,Murdock,Larroway,mlarrowaycs@icio.us,805-699-7334,780 Merrick Junction,Simi Valley,California,United States
462,Eward,Dunaway,edunawayct@eepurl.com,305-426-4706,31730 Lawn Park,Naples,Florida,United States
463,Bruno,Alexsandrovich,balexsandrovichcu@bloglines.com,267-145-5106,4189 Dottie Avenue,Philadelphia,Pennsylvania,United States
464,Kyrstin,Inkster,kinkstercv@canalblog.com,281-117-6731,9068 Dahle Hill,Houston,Texas,United States
465,Evey,Onthank,eonthankcw@marriott.com,706-367-0163,47028 Independence Street,Columbus,Georgia,United States
466,Jolynn,Mithon,jmithoncx@buzzfeed.com,913-403-3685,96496 Stuart Street,Kansas City,Kansas,United States
467,Joyann,Murty,jmurtycy@bing.com,908-728-4916,29523 Bay Hill,Jersey City,New Jersey,United States
468,Levy,Berks,lberkscz@vk.com,903-865-3007,34889 Bobwhite Junction,Tyler,Texas,United States
469,Janaya,Duplan,jdupland0@yolasite.com,213-367-9306,01 Glendale Crossing,Los Angeles,California,United States
470,Darci,Sives,dsivesd1@usda.gov,301-351-2291,56362 Darwin Trail,Rockville,Maryland,United States
471,Wadsworth,Spira,wspirad2@nba.com,718-395-7434,5528 Ludington Center,Brooklyn,New York,United States
472,Fiann,Pickavant,fpickavantd3@sfgate.com,703-544-8209,78778 Sutteridge Avenue,Washington,District of Columbia,United States
473,Verene,Manes,vmanesd4@phoca.cz,213-795-5241,67 Pennsylvania Hill,North Hollywood,California,United States
474,Leone,Cornilleau,lcornilleaud5@xinhuanet.com,267-736-5750,14 Corben Alley,Philadelphia,Pennsylvania,United States
475,Cher,Bobasch,cbobaschd6@mapy.cz,203-684-7415,0 Cordelia Trail,Norwalk,Connecticut,United States
476,Jere,Hubbart,jhubbartd7@soundcloud.com,814-314-9382,7090 Union Crossing,Erie,Pennsylvania,United States
477,Clemmy,Arno,carnod8@rediff.com,402-560-9491,41 Gina Hill,Omaha,Nebraska,United States
478,Bobinette,Dominique,bdominiqued9@tiny.cc,512-573-0167,06821 Daystar Parkway,Austin,Texas,United States
479,Bayard,Kidston,bkidstonda@springer.com,850-935-0155,92910 Mccormick Circle,Pinellas Park,Florida,United States
480,Gannie,Felkin,gfelkindb@huffingtonpost.com,508-535-7251,74375 Buena Vista Street,Worcester,Massachusetts,United States
481,Valle,Crim,vcrimdc@msn.com,352-769-9072,8460 Dwight Lane,Brooksville,Florida,United States
482,Mitch,Impleton,mimpletondd@auda.org.au,202-493-2829,404 Ilene Center,Washington,District of Columbia,United States
483,Susana,Pickless,spicklessde@mac.com,410-875-8696,1148 Bunting Point,Annapolis,Maryland,United States
484,Steven,Handyside,shandysidedf@sun.com,509-722-9882,73 Declaration Crossing,Spokane,Washington,United States
485,Hershel,Talman,htalmandg@360.cn,928-306-3527,90 Myrtle Road,Phoenix,Arizona,United States
486,Adolph,Quinton,aquintondh@geocities.com,260-743-5891,9414 Vera Avenue,Fort Wayne,Indiana,United States
487,Annora,Adel,aadeldi@cloudflare.com,803-995-3165,84 Cody Hill,Columbia,South Carolina,United States
488,Madel,Burk,mburkdj@nasa.gov,203-964-9738,7625 Arkansas Point,New Haven,Connecticut,United States
489,Koenraad,Kaiser,kkaiserdk@npr.org,786-167-8919,45664 Myrtle Road,Miami,Florida,United States
490,Thayne,Yandle,tyandledl@dailymotion.com,407-383-5158,76651 Kennedy Alley,Orlando,Florida,United States
491,Veriee,Swanton,vswantondm@unicef.org,215-355-5371,56854 Summerview Junction,Philadelphia,Pennsylvania,United States
492,Janie,Weatherby,jweatherbydn@xrea.com,940-924-6758,7 Heath Center,Wichita Falls,Texas,United States
493,Fredek,Volkes,fvolkesdo@last.fm,952-958-9384,51 Havey Avenue,Minneapolis,Minnesota,United States
494,Gus,Budgett,gbudgettdp@dyndns.org,925-543-6755,061 Katie Plaza,Concord,California,United States
495,Delly,Whimp,dwhimpdq@redcross.org,336-385-3292,229 Clemons Trail,Greensboro,North Carolina,United States
496,Cass,Owenson,cowensondr@epa.gov,212-817-9890,321 Anzinger Crossing,New York City,New York,United States
497,Iona,Micklewright,imicklewrightds@1und1.de,217-174-9848,35347 Arapahoe Place,Springfield,Illinois,United States
498,Falito,Ducker,fduckerdt@oakley.com,614-790-6058,361 Glendale Avenue,Columbus,Ohio,United States
499,Camel,Peyes,cpeyesdu@multiply.com,316-709-6444,7 Stone Corner Center,Wichita,Kansas,United States
500,Josey,Koenraad,jkoenraaddv@usa.gov,903-990-4389,0 Porter Court,Tyler,Texas,United States
501,Trina,Novill,tnovilldw@netvibes.com,843-974-6256,23338 Union Alley,Myrtle Beach,South Carolina,United States
502,Madeline,Haxell,mhaxelldx@ovh.net,414-726-4128,8162 Bluestem Trail,Milwaukee,Wisconsin,United States
503,Randie,Rake,rrakedy@vk.com,714-730-6849,0219 Mockingbird Parkway,Huntington Beach,California,United States
504,Devlen,Dethloff,ddethloffdz@ted.com,202-773-8881,4568 Trailsway Junction,Washington,District of Columbia,United States
505,Tandi,Offa,toffae0@free.fr,312-465-5281,86 Petterle Place,Chicago,Illinois,United States
506,Nita,Aspray,naspraye1@domainmarket.com,813-305-0922,6 Nobel Circle,Tampa,Florida,United States
507,Sandie,Mensler,smenslere2@amazon.de,941-859-8792,39153 Monica Drive,North Port,Florida,United States
508,Gilligan,Lumsdale,glumsdalee3@spotify.com,415-659-8658,51109 Moose Road,San Francisco,California,United States
509,Ozzie,Delacourt,odelacourte4@lulu.com,704-565-7996,5 Hoffman Plaza,Charlotte,North Carolina,United States
510,Brady,Goldin,bgoldine5@soup.io,901-112-4589,3893 Michigan Street,Memphis,Tennessee,United States
511,Staci,Bromet,sbromete6@epa.gov,786-249-7770,53266 Eastwood Junction,Miami,Florida,United States
512,Kial,Treadgold,ktreadgolde7@archive.org,212-106-7644,1 Eggendart Parkway,New York City,New York,United States
513,Morgun,Kaesmans,mkaesmanse8@sohu.com,210-520-4198,3 Warner Drive,San Antonio,Texas,United States
514,Jacqueline,Cutill,jcutille9@geocities.com,209-665-1647,52 Marcy Street,Modesto,California,United States
515,Aylmer,Sealy,asealyea@smh.com.au,202-194-1099,02 Thierer Avenue,Washington,District of Columbia,United States
516,Karissa,Tatershall,ktatershalleb@cdc.gov,201-618-5496,3784 Sutteridge Circle,Jersey City,New Jersey,United States
517,Astrid,Mitchenson,amitchensonec@reverbnation.com,305-787-5867,353 Fallview Junction,Miami,Florida,United States
518,Octavia,Chalice,ochaliceed@reference.com,214-855-4629,0811 School Point,Dallas,Texas,United States
519,Darcie,Ovid,dovidee@123-reg.co.uk,863-259-1164,48 Carioca Court,Winter Haven,Florida,United States
520,Carlie,Uebel,cuebelef@prweb.com,815-139-5740,067 Nevada Way,Joliet,Illinois,United States
521,Calypso,Maunton,cmauntoneg@sphinn.com,504-352-1904,03074 Anthes Junction,New Orleans,Louisiana,United States
522,Cahra,Leipnik,cleipnikeh@php.net,321-550-3749,1 Sachtjen Drive,Palm Bay,Florida,United States
523,Luther,Hampstead,lhampsteadei@jalbum.net,626-944-6915,54 Golf View Pass,Alhambra,California,United States
524,Fleming,Castilljo,fcastilljoej@linkedin.com,786-247-2385,623 Brickson Park Parkway,Miami,Florida,United States
525,Natka,Cromer,ncromerek@bizjournals.com,610-129-3772,029 Dahle Trail,Allentown,Pennsylvania,United States
526,Verine,Francesconi,vfrancesconiel@tinyurl.com,361-187-7482,2518 Hayes Park,Corpus Christi,Texas,United States
527,Arnuad,Whaley,awhaleyem@cornell.edu,502-178-1378,1 Crowley Crossing,Louisville,Kentucky,United States
528,Merell,Bonhomme,mbonhommeen@virginia.edu,315-682-3193,76 Nova Avenue,Utica,New York,United States
529,Merline,Fache,mfacheeo@china.com.cn,412-310-5926,46877 Karstens Lane,Pittsburgh,Pennsylvania,United States
530,Lian,Canon,lcanonep@themeforest.net,202-781-6659,791 Stang Park,Washington,District of Columbia,United States
531,Pepita,Lawfull,plawfulleq@army.mil,513-144-6290,97 Lotheville Court,Cincinnati,Ohio,United States
532,Vassily,Petschelt,vpetschelter@soundcloud.com,213-623-6966,3263 Redwing Circle,Van Nuys,California,United States
533,Pernell,Birkenshaw,pbirkenshawes@businessinsider.com,205-772-2805,761 Fairview Alley,Birmingham,Alabama,United States
534,Jesse,People,jpeopleet@mtv.com,404-163-2107,2 Thierer Place,Atlanta,Georgia,United States
535,Hermann,Father,hfathereu@meetup.com,352-472-9453,6 Mayer Plaza,Brooksville,Florida,United States
536,Farand,Faltin,ffaltinev@google.cn,702-434-1019,221 Dawn Place,Las Vegas,Nevada,United States
537,Beltran,Pritty,bprittyew@upenn.edu,303-958-4277,34142 Stoughton Park,Boulder,Colorado,United States
538,Marsiella,Digwood,mdigwoodex@jimdo.com,651-936-7680,4 Hallows Center,Saint Paul,Minnesota,United States
539,Marylynne,Poile,mpoileey@parallels.com,585-307-6103,2100 Red Cloud Crossing,Rochester,New York,United States
540,Pippy,Roath,proathez@wikia.com,319-558-4952,06 Forest Run Road,Iowa City,Iowa,United States
541,Maude,Thorouggood,mthorouggoodf0@cbslocal.com,917-286-6916,44 Ruskin Pass,Brooklyn,New York,United States
542,Jeane,Dean,jdeanf1@hhs.gov,217-174-8327,8 Moulton Street,Springfield,Illinois,United States
543,Jennine,Ervin,jervinf2@boston.com,512-946-4788,72766 Eggendart Place,Austin,Texas,United States
544,Galvan,Cragg,gcraggf3@economist.com,619-952-8910,6 Thompson Circle,San Diego,California,United States
545,Benedikt,Asmus,basmusf4@studiopress.com,267-155-5830,40 Moland Place,Philadelphia,Pennsylvania,United States
546,Audry,Wyke,awykef5@wordpress.org,360-435-6965,01 Maple Center,Seattle,Washington,United States
547,Teddy,De Bernardi,tdebernardif6@dailymail.co.uk,541-200-2229,373 Hallows Pass,Eugene,Oregon,United States
548,Rachelle,Elecum,relecumf7@amazonaws.com,602-752-7638,22194 Warbler Parkway,Scottsdale,Arizona,United States
549,Jonis,Roughey,jrougheyf8@chronoengine.com,425-771-1527,6455 Linden Crossing,Everett,Washington,United States
550,Porty,Longworthy,plongworthyf9@icio.us,757-134-3480,995 Northwestern Pass,Virginia Beach,Virginia,United States
551,Mel,Espada,mespadafa@is.gd,512-220-3945,845 Del Sol Parkway,Austin,Texas,United States
552,Meriel,Viscovi,mviscovifb@nydailynews.com,937-199-7521,0 Rockefeller Terrace,Dayton,Ohio,United States
553,Heath,Cristofanini,hcristofaninifc@yelp.com,913-874-5287,85549 Stephen Center,Shawnee Mission,Kansas,United States
554,Sherilyn,Puttrell,sputtrellfd@weather.com,801-901-4289,74094 Prentice Way,Sandy,Utah,United States
555,Pryce,Gouldthorpe,pgouldthorpefe@intel.com,816-242-3278,68 Morrow Drive,Lees Summit,Missouri,United States
556,Nealy,Deverale,ndeveraleff@hubpages.com,214-960-7681,02 Fuller Court,Dallas,Texas,United States
557,Kathi,Ellsworthe,kellsworthefg@wufoo.com,952-909-5178,6 Kings Pass,Young America,Minnesota,United States
558,Alicea,McCaighey,amccaigheyfh@gnu.org,209-464-5379,17622 Ridgeway Park,Stockton,California,United States
559,Gerrie,Myrick,gmyrickfi@cnet.com,702-220-3669,4 Bowman Crossing,Henderson,Nevada,United States
560,Tilda,Snaden,tsnadenfj@goo.gl,601-568-3844,186 Grayhawk Center,Jackson,Mississippi,United States
561,Dillie,Torrisi,dtorrisifk@narod.ru,602-872-9076,1591 Stuart Crossing,Glendale,Arizona,United States
562,Port,Janovsky,pjanovskyfl@barnesandnoble.com,408-991-7932,45 Arkansas Hill,San Jose,California,United States
563,Dick,Foxen,dfoxenfm@ehow.com,312-733-5162,7 Spaight Plaza,Chicago,Illinois,United States
564,Bevvy,Manklow,bmanklowfn@slideshare.net,217-183-8850,576 Rieder Road,Springfield,Illinois,United States
565,Stefanie,Urwin,surwinfo@techcrunch.com,915-330-9657,0788 Loeprich Point,El Paso,Texas,United States
566,Camel,Trayling,ctraylingfp@slate.com,413-125-6887,0 Maple Wood Point,Springfield,Massachusetts,United States
567,Godfry,Salmen,gsalmenfq@hao123.com,352-230-8865,3582 Coleman Crossing,Gainesville,Florida,United States
568,Arman,Friedank,afriedankfr@blogger.com,205-707-5730,4 Bluejay Circle,Birmingham,Alabama,United States
569,Jenelle,Liger,jligerfs@ucsd.edu,209-385-0763,477 Main Place,Stockton,California,United States
570,Zechariah,Adey,zadeyft@1und1.de,406-309-4546,3 Texas Park,Billings,Montana,United States
571,Gisela,Cullity,gcullityfu@blogtalkradio.com,619-207-1327,550 Nova Center,San Diego,California,United States
572,Matthias,Mollatt,mmollattfv@earthlink.net,585-998-3525,87 Maywood Junction,Rochester,New York,United States
573,Myrtice,Tantrum,mtantrumfw@tmall.com,203-665-5153,753 Longview Circle,Stamford,Connecticut,United States
574,Crawford,Brolan,cbrolanfx@nps.gov,562-902-9185,72 Bellgrove Drive,Long Beach,California,United States
575,Rasla,Caws,rcawsfy@canalblog.com,410-912-0875,0089 Mccormick Crossing,Ridgely,Maryland,United States
576,Joby,Haydock,jhaydockfz@nationalgeographic.com,309-164-8879,88192 Ohio Place,Peoria,Illinois,United States
577,Stavros,Bercher,sbercherg0@dailymail.co.uk,936-717-0441,2 Sunfield Lane,Beaumont,Texas,United States
578,Margette,Huguet,mhuguetg1@gmpg.org,757-304-8252,1 Jana Park,Norfolk,Virginia,United States
579,Jacquenette,Hegg,jheggg2@bloglines.com,651-285-5844,86 Rusk Pass,Saint Paul,Minnesota,United States
580,Jarred,Klimov,jklimovg3@chicagotribune.com,314-596-6333,68 Tennessee Drive,Saint Louis,Missouri,United States
581,Archambault,Bradman,abradmang4@livejournal.com,716-748-7952,56835 Clemons Parkway,Buffalo,New York,United States
582,Bree,Geill,bgeillg5@gmpg.org,901-237-8270,4813 Warner Lane,Memphis,Tennessee,United States
583,Aliza,Noonan,anoonang6@hexun.com,916-392-0850,0 Burning Wood Place,Sacramento,California,United States
584,Alice,Jendrassik,ajendrassikg7@upenn.edu,214-485-8023,28164 Cambridge Road,Dallas,Texas,United States
585,Shawnee,Repper,srepperg8@devhub.com,818-520-8680,49877 Chive Parkway,Glendale,California,United States
586,Dulci,Strase,dstraseg9@bloglines.com,704-147-5164,2867 Fieldstone Plaza,Charlotte,North Carolina,United States
587,Claretta,Corps,ccorpsga@google.co.jp,504-846-6575,6961 Burrows Pass,Metairie,Louisiana,United States
588,Morgen,Rawcliffe,mrawcliffegb@a8.net,410-925-0222,980 Logan Trail,Baltimore,Maryland,United States
589,Kacy,Honeyghan,khoneyghangc@bloglines.com,202-143-6855,66717 Lakewood Gardens Way,Washington,District of Columbia,United States
590,Lloyd,Flobert,lflobertgd@cpanel.net,912-979-7080,9 Waubesa Circle,Savannah,Georgia,United States
591,Jack,Rizzotto,jrizzottoge@photobucket.com,269-733-6674,21 Portage Park,Battle Creek,Michigan,United States
592,Velvet,Barltrop,vbarltropgf@wsj.com,954-319-5580,12495 Grim Crossing,Fort Lauderdale,Florida,United States
593,Gilbertina,Locard,glocardgg@wix.com,303-929-5244,4 Buell Circle,Littleton,Colorado,United States
594,Mathilde,Abelovitz,mabelovitzgh@mlb.com,516-242-7093,9 Mosinee Street,Great Neck,New York,United States
595,Florenza,Bowmaker,fbowmakergi@devhub.com,330-920-6389,90 Pond Place,Akron,Ohio,United States
596,Melicent,Klehyn,mklehyngj@macromedia.com,502-537-4373,1 Evergreen Crossing,Louisville,Kentucky,United States
597,Nealon,Moncreiff,nmoncreiffgk@bing.com,858-779-9079,3955 Anthes Junction,San Francisco,California,United States
598,Cheston,Avison,cavisongl@ucsd.edu,217-429-0448,7 Sloan Avenue,Champaign,Illinois,United States
599,Obidiah,Demangel,odemangelgm@mlb.com,480-797-1865,78 Starling Trail,Phoenix,Arizona,United States
600,Rivalee,Attersoll,rattersollgn@ibm.com,859-998-0331,8468 Paget Point,Lexington,Kentucky,United States
601,Redford,Ludovici,rludovicigo@census.gov,513-460-2626,38295 Daystar Center,Cincinnati,Ohio,United States
602,Ivette,Bea,ibeagp@nps.gov,503-976-3475,3 Cody Park,Portland,Oregon,United States
603,Wallas,Skamal,wskamalgq@wordpress.org,207-191-4699,1450 Trailsway Circle,Portland,Maine,United States
604,Lauraine,Hrinchishin,lhrinchishingr@mayoclinic.com,650-507-2566,80532 Oakridge Center,Mountain View,California,United States
605,Francoise,Brownsmith,fbrownsmithgs@yale.edu,202-639-4926,16 Schmedeman Parkway,Washington,District of Columbia,United States
606,Robbyn,De Andisie,rdeandisiegt@wufoo.com,915-110-1271,69350 Gina Trail,El Paso,Texas,United States
607,Lorain,Aukland,lauklandgu@wired.com,954-232-7147,7588 Pawling Circle,Hollywood,Florida,United States
608,Winni,Niland,wnilandgv@bluehost.com,206-377-8773,945 Sloan Alley,Seattle,Washington,United States
609,Raine,Stone,rstonegw@stanford.edu,571-596-2054,2599 Nevada Pass,Arlington,Virginia,United States
610,Bartolemo,Rulten,brultengx@forbes.com,617-465-2905,1 Miller Terrace,Boston,Massachusetts,United States
611,Corbie,Bedbrough,cbedbroughgy@woothemes.com,719-791-4560,73349 Texas Park,Colorado Springs,Colorado,United States
612,Otis,Geerdts,ogeerdtsgz@etsy.com,619-693-1988,9 Magdeline Crossing,San Diego,California,United States
613,Pattie,Brigden,pbrigdenh0@hostgator.com,408-809-9284,3020 Bultman Junction,Santa Clara,California,United States
614,Otis,Witherop,owitheroph1@smugmug.com,240-810-7279,14 Dottie Street,Silver Spring,Maryland,United States
615,Georg,Marrow,gmarrowh2@g.co,973-520-8517,73 Crowley Junction,Newark,New Jersey,United States
616,Rora,Sposito,rspositoh3@discovery.com,415-949-0392,3805 Forest Dale Terrace,San Francisco,California,United States
617,Brok,Massy,bmassyh4@ustream.tv,469-892-0566,4 Prairie Rose Place,Dallas,Texas,United States
618,Carleton,Robertshaw,crobertshawh5@lulu.com,504-956-4432,3609 Bonner Lane,New Orleans,Louisiana,United States
619,Stefano,Bohin,sbohinh6@nhs.uk,240-875-4504,65 Orin Circle,Silver Spring,Maryland,United States
620,Alleyn,Berendsen,aberendsenh7@mashable.com,727-165-1964,44 Northfield Circle,Tampa,Florida,United States
621,Maximilien,Twinbourne,mtwinbourneh8@usa.gov,312-687-2852,675 Bowman Hill,Chicago,Illinois,United States
622,Zane,Farryan,zfarryanh9@java.com,402-881-9538,3 Cascade Hill,Omaha,Nebraska,United States
623,Ronni,Salsberg,rsalsbergha@github.com,541-614-1531,1080 Mcbride Hill,Eugene,Oregon,United States
624,Timmie,Adess,tadesshb@prnewswire.com,915-508-4121,29 Dixon Trail,El Paso,Texas,United States
625,Ahmad,Nettleship,anettleshiphc@slideshare.net,941-394-5858,5 Stoughton Court,Bradenton,Florida,United States
626,Casie,Mallion,cmallionhd@uol.com.br,214-158-7939,0687 Pearson Circle,Dallas,Texas,United States
627,Elsa,Cupitt,ecupitthe@posterous.com,602-311-6577,7997 Burning Wood Parkway,Chandler,Arizona,United States
628,Anselm,Arends,aarendshf@marketwatch.com,845-594-0151,02 1st Alley,White Plains,New York,United States
629,Bertina,Arnot,barnothg@disqus.com,518-228-9172,75 Emmet Court,Albany,New York,United States
630,Abbey,Ovize,aovizehh@ihg.com,816-292-7886,61277 Mesta Alley,Kansas City,Missouri,United States
631,Eddie,Handscombe,ehandscombehi@canalblog.com,478-171-7416,41 South Pass,Macon,Georgia,United States
632,Theodora,Freeman,tfreemanhj@lulu.com,404-941-0091,17 Fisk Drive,Atlanta,Georgia,United States
633,Paco,Dunge,pdungehk@webeden.co.uk,719-679-5470,9128 Trailsway Circle,Colorado Springs,Colorado,United States
634,Madlen,Padbery,mpadberyhl@hhs.gov,860-172-6627,073 Northview Center,Hartford,Connecticut,United States
635,Woodman,Farr,wfarrhm@tamu.edu,915-149-1020,88 Jenifer Parkway,El Paso,Texas,United States
636,Pietra,Tattershaw,ptattershawhn@hao123.com,214-650-9122,41245 6th Place,Dallas,Texas,United States
637,Carola,Golde,cgoldeho@gov.uk,313-438-1334,29245 Carpenter Pass,Detroit,Michigan,United States
638,Montague,Gonning,mgonninghp@tiny.cc,862-940-3430,3 Claremont Crossing,Paterson,New Jersey,United States
639,Abbye,Binstead,abinsteadhq@facebook.com,405-340-9697,74689 Monica Place,Oklahoma City,Oklahoma,United States
640,Jolynn,Lonsdale,jlonsdalehr@apple.com,602-887-1413,7 Mayfield Alley,Phoenix,Arizona,United States
641,Amii,Plampeyn,aplampeynhs@about.me,207-651-5260,673 Lunder Road,Portland,Maine,United States
642,Syd,Scoffins,sscoffinsht@mac.com,617-540-4202,46372 Badeau Plaza,Boston,Massachusetts,United States
643,Kellie,Duffield,kduffieldhu@photobucket.com,559-246-3382,1163 Portage Circle,Fresno,California,United States
644,Dahlia,Briscoe,dbriscoehv@acquirethisname.com,915-515-2767,31 Lake View Junction,El Paso,Texas,United States
645,Orland,Buchanan,obuchananhw@bluehost.com,509-786-7126,848 Killdeer Junction,Spokane,Washington,United States
646,Gael,Gebb,ggebbhx@fotki.com,304-380-1260,1 Corry Pass,Huntington,West Virginia,United States
647,Amitie,Kevane,akevanehy@amazon.co.uk,305-947-8999,15571 Pepper Wood Trail,Miami,Florida,United States
648,Sollie,Saiens,ssaienshz@de.vu,319-130-8644,022 Roxbury Center,Waterloo,Iowa,United States
649,Jackie,Wilsey,jwilseyi0@nymag.com,412-366-6981,1841 Kennedy Alley,Pittsburgh,Pennsylvania,United States
650,Konrad,Littlechild,klittlechildi1@springer.com,830-801-5475,64519 Lakeland Point,San Antonio,Texas,United States
651,Amanda,Bowshire,abowshirei2@topsy.com,281-948-9809,51 Mesta Junction,Houston,Texas,United States
652,Ermina,Keuntje,ekeuntjei3@go.com,702-674-7087,92031 Florence Avenue,Las Vegas,Nevada,United States
653,Tibold,Huntington,thuntingtoni4@virginia.edu,716-354-9930,585 Nova Street,Buffalo,New York,United States
654,Audre,Legerwood,alegerwoodi5@facebook.com,717-644-6413,81019 Melody Way,Harrisburg,Pennsylvania,United States
655,Marylou,Leatherborrow,mleatherborrowi6@woothemes.com,530-299-2722,99209 Northland Hill,Chico,California,United States
656,Allsun,Surby,asurbyi7@ebay.com,813-559-7912,83006 Larry Parkway,Tampa,Florida,United States
657,Gwendolin,Pitt,gpitti8@noaa.gov,612-305-4111,4 Lyons Avenue,Minneapolis,Minnesota,United States
658,Vasily,Yelland,vyellandi9@fda.gov,858-237-0894,10 Annamark Place,San Diego,California,United States
659,Grata,Abele,gabeleia@mit.edu,915-912-3189,04746 Dixon Circle,El Paso,Texas,United States
660,Netty,Fell,nfellib@about.com,918-578-2193,6153 Ridgeview Hill,Tulsa,Oklahoma,United States
661,Annmaria,Forsard,aforsardic@123-reg.co.uk,216-535-5282,0 Bellgrove Avenue,Cleveland,Ohio,United States
662,Prentice,Faull,pfaullid@blog.com,404-447-2821,4 Sachtjen Avenue,Atlanta,Georgia,United States
663,Cynthia,Dufton,cduftonie@cornell.edu,915-345-3508,4 Lyons Lane,El Paso,Texas,United States
664,Hersh,Castagneto,hcastagnetoif@soundcloud.com,314-466-7128,07 Oak Way,Saint Louis,Missouri,United States
665,Roderick,Warsop,rwarsopig@i2i.jp,865-613-0967,72 Gerald Center,Knoxville,Tennessee,United States
666,Stern,Kiloh,skilohih@godaddy.com,205-848-2939,95601 Spenser Point,Birmingham,Alabama,United States
667,Sunny,Cullotey,sculloteyii@amazonaws.com,562-760-3714,91 Jackson Road,Long Beach,California,United States
668,Loren,Assante,lassanteij@noaa.gov,216-832-7138,136 Loomis Alley,Cleveland,Ohio,United States
669,Randene,Cushe,rcusheik@stumbleupon.com,253-627-5249,43 Knutson Avenue,Lakewood,Washington,United States
670,Ezri,Pizzie,epizzieil@redcross.org,518-798-4486,8149 Shasta Way,Albany,New York,United States
671,Gaven,Klein,gkleinim@e-recht24.de,713-112-9881,33085 Marquette Junction,Houston,Texas,United States
672,Melinda,Signe,msignein@deviantart.com,806-288-3896,50 Anzinger Street,Lubbock,Texas,United States
673,Marijn,Isselee,misseleeio@t.co,540-525-0794,741 Judy Parkway,Fredericksburg,Virginia,United States
674,Ileane,Maudson,imaudsonip@ocn.ne.jp,202-578-4735,4523 Florence Court,Washington,District of Columbia,United States
675,Tatum,Agneau,tagneauiq@nydailynews.com,716-250-4563,85204 Anthes Park,Buffalo,New York,United States
676,Rance,Maidlow,rmaidlowir@loc.gov,978-760-8345,51 Wayridge Lane,Boston,Massachusetts,United States
677,Margareta,Bruun,mbruunis@sciencedaily.com,832-466-1906,4 Mallory Circle,Houston,Texas,United States
678,Hermy,Sarath,hsarathit@ezinearticles.com,518-145-7323,97098 Killdeer Junction,Albany,New York,United States
679,Linoel,Nannetti,lnannettiiu@baidu.com,727-821-7916,96 Algoma Drive,Saint Petersburg,Florida,United States
680,Peta,Chadband,pchadbandiv@imageshack.us,919-426-5475,4875 Hudson Lane,Raleigh,North Carolina,United States
681,Nicolle,Brookwood,nbrookwoodiw@blogger.com,540-324-7714,1680 Hanover Hill,Roanoke,Virginia,United States
682,Donnie,Ceeley,dceeleyix@dailymail.co.uk,404-414-6710,78685 La Follette Plaza,Duluth,Georgia,United States
683,Eli,Gallety,egalletyiy@skyrock.com,202-802-1664,28 Forest Alley,Washington,District of Columbia,United States
684,Ediva,Dedney,ededneyiz@state.gov,912-500-8718,858 Westridge Lane,Savannah,Georgia,United States
685,Adi,Yanov,ayanovj0@answers.com,626-348-9552,115 Oak Hill,Pasadena,California,United States
686,Fleming,Roxbee,froxbeej1@msn.com,770-739-1516,09 Morningstar Parkway,Atlanta,Georgia,United States
687,Neddy,Treker,ntrekerj2@quantcast.com,225-104-4591,0094 Spaight Drive,Baton Rouge,Louisiana,United States
688,Hilly,Hun,hhunj3@gmpg.org,719-665-5909,25755 Gina Place,Pueblo,Colorado,United States
689,Adelaide,Swiffin,aswiffinj4@google.it,817-676-7131,48274 Haas Court,Arlington,Texas,United States
690,Talyah,Grundey,tgrundeyj5@admin.ch,202-639-7483,8449 Macpherson Circle,Washington,District of Columbia,United States
691,Vite,Emslie,vemsliej6@yellowbook.com,202-707-7233,9204 Dovetail Way,Washington,District of Columbia,United States
692,Casar,Castrillo,ccastrilloj7@tmall.com,682-926-1045,99823 Monument Place,Denton,Texas,United States
693,Alfie,Childs,achildsj8@ft.com,214-824-0117,51 Truax Parkway,Dallas,Texas,United States
694,Lorine,MacLardie,lmaclardiej9@un.org,508-949-3183,10 Debs Trail,Boston,Massachusetts,United States
695,Deane,Rodell,drodellja@marriott.com,360-138-8647,63030 Mitchell Alley,Vancouver,Washington,United States
696,Issy,Birnie,ibirniejb@netvibes.com,618-276-0549,004 Mayfield Hill,East Saint Louis,Illinois,United States
697,Willamina,Lere,wlerejc@alexa.com,217-601-6740,8 Green Ridge Center,Springfield,Illinois,United States
698,Ermin,Purcell,epurcelljd@furl.net,585-690-4410,09128 Burning Wood Point,Rochester,New York,United States
699,Roxie,Savin,rsavinje@tuttocitta.it,925-969-6086,56771 Bayside Junction,Concord,California,United States
700,Auroora,Evenett,aevenettjf@reference.com,214-331-2126,70175 Ryan Center,Dallas,Texas,United States
701,Robbert,Sheriff,rsheriffjg@tamu.edu,571-722-8301,831 Darwin Crossing,Arlington,Virginia,United States
702,Rowland,Hanner,rhannerjh@ocn.ne.jp,763-870-7546,1799 Stephen Circle,Minneapolis,Minnesota,United States
703,Alyse,Keningham,akeninghamji@parallels.com,706-235-2918,04827 Westport Street,Columbus,Georgia,United States
704,Eryn,McKerlie,emckerliejj@npr.org,518-666-0424,79544 Sundown Parkway,Albany,New York,United States
705,Worthington,Ladds,wladdsjk@usnews.com,630-141-8513,6 Merrick Lane,Chicago,Illinois,United States
706,Purcell,Kulas,pkulasjl@i2i.jp,502-418-5456,02 Rieder Way,Louisville,Kentucky,United States
707,Georgine,Blackader,gblackaderjm@imdb.com,214-604-5622,648 Maryland Crossing,Dallas,Texas,United States
708,Nomi,Tapply,ntapplyjn@ifeng.com,919-656-6080,08 Brown Pass,Raleigh,North Carolina,United States
709,Arleta,Philpault,aphilpaultjo@wp.com,301-611-7151,91 Moulton Place,Bethesda,Maryland,United States
710,Keane,Fazan,kfazanjp@bbc.co.uk,303-547-3587,725 Russell Junction,Denver,Colorado,United States
711,Hugibert,Postans,hpostansjq@imgur.com,714-601-8503,3560 Dahle Street,Anaheim,California,United States
712,Kordula,Ervine,kervinejr@google.ca,919-484-2178,4 Green Ridge Lane,Raleigh,North Carolina,United States
713,Layney,Cattlemull,lcattlemulljs@yellowpages.com,650-430-3119,5337 Nevada Center,Mountain View,California,United States
714,Kennedy,Grabiec,kgrabiecjt@mayoclinic.com,325-411-9313,1528 Troy Circle,Abilene,Texas,United States
715,Dona,Hazleton,dhazletonju@npr.org,559-215-7793,11 Union Street,Fresno,California,United States
716,Alley,Carles,acarlesjv@google.com.au,202-658-8516,97 Walton Alley,Washington,District of Columbia,United States
717,Morgen,McIlvenny,mmcilvennyjw@who.int,917-995-9878,1134 Sloan Plaza,New York City,New York,United States
718,Edee,Hedon,ehedonjx@last.fm,720-637-9165,204 Maryland Circle,Denver,Colorado,United States
719,Clari,MacDowall,cmacdowalljy@barnesandnoble.com,414-797-4000,5856 Pearson Street,Milwaukee,Wisconsin,United States
720,Leonore,Guite,lguitejz@microsoft.com,949-236-1110,6 Dakota Crossing,Newport Beach,California,United States
721,Melodie,Filby,mfilbyk0@exblog.jp,832-877-0230,8637 Sheridan Circle,Houston,Texas,United States
722,Beryle,Kitson,bkitsonk1@guardian.co.uk,305-416-5897,0 Erie Crossing,Miami,Florida,United States
723,Jilly,Crossthwaite,jcrossthwaitek2@alibaba.com,907-770-2926,11 Caliangt Place,Anchorage,Alaska,United States
724,Melisandra,Cesco,mcescok3@tmall.com,602-567-4176,94 Eagan Alley,Glendale,Arizona,United States
725,Hilde,Blakes,hblakesk4@mapquest.com,805-644-6640,7 Maple Parkway,Santa Barbara,California,United States
726,Hakim,Palfery,hpalferyk5@spiegel.de,908-508-5293,16968 3rd Way,Elizabeth,New Jersey,United States
727,Graeme,Keats,gkeatsk6@purevolume.com,214-904-9081,61560 Bultman Parkway,Dallas,Texas,United States
728,Moyra,Gremane,mgremanek7@prweb.com,312-484-0769,7 Menomonie Trail,Chicago,Illinois,United States
729,Hilliary,Hanley,hhanleyk8@bigcartel.com,318-756-4938,78 Bultman Alley,Monroe,Louisiana,United States
730,Torrence,Branca,tbrancak9@gravatar.com,757-544-3424,5267 Westerfield Street,Suffolk,Virginia,United States
731,Candra,Meachen,cmeachenka@google.es,505-631-3871,100 American Ash Junction,Albuquerque,New Mexico,United States
732,Marnia,Cardenosa,mcardenosakb@about.com,281-407-4454,87 Shoshone Crossing,Galveston,Texas,United States
733,Goddard,Lassells,glassellskc@usa.gov,402-852-3615,0210 Pleasure Junction,Lincoln,Nebraska,United States
734,Eryn,Deam,edeamkd@163.com,682-117-2680,5 Dexter Parkway,Fort Worth,Texas,United States
735,Jen,Jemmison,jjemmisonke@squarespace.com,714-389-2746,8 Reinke Lane,Brea,California,United States
736,Rorie,Aliman,ralimankf@technorati.com,941-347-5300,14355 Cherokee Crossing,North Port,Florida,United States
737,Celisse,Cancott,ccancottkg@eepurl.com,571-491-9338,99117 Glendale Center,Arlington,Virginia,United States
738,Eldin,Deeming,edeemingkh@nsw.gov.au,941-698-6829,4967 Esch Parkway,Sarasota,Florida,United States
739,Patrizio,Meek,pmeekki@chron.com,212-798-4571,604 Barnett Road,Jamaica,New York,United States
740,Caterina,Duell,cduellkj@networksolutions.com,402-219-2861,4 Ridgeview Road,Omaha,Nebraska,United States
741,Ianthe,Pancast,ipancastkk@google.pl,850-835-4062,67224 Elka Center,Pensacola,Florida,United States
742,Fredek,Gemmill,fgemmillkl@histats.com,317-496-2985,04867 New Castle Point,Indianapolis,Indiana,United States
743,Cristie,Juan,cjuankm@jigsy.com,915-961-7731,84546 Cascade Parkway,El Paso,Texas,United States
744,Gideon,Walisiak,gwalisiakkn@123-reg.co.uk,213-557-2563,3556 Melby Plaza,Van Nuys,California,United States
745,Kassey,Borrington,kborringtonko@symantec.com,412-465-6233,9 School Avenue,Pittsburgh,Pennsylvania,United States
746,Britney,Egdell,begdellkp@newsvine.com,915-760-3013,5335 Kings Park,El Paso,Texas,United States
747,Gamaliel,Deelay,gdeelaykq@blinklist.com,901-729-6744,8 Hovde Avenue,Memphis,Tennessee,United States
748,Quentin,Devigne,qdevignekr@topsy.com,404-948-3834,26 Hollow Ridge Alley,Atlanta,Georgia,United States
749,Silvia,Wigfield,swigfieldks@netlog.com,626-222-4701,135 Crowley Circle,Pasadena,California,United States
750,Kean,Augustin,kaugustinkt@google.com,860-865-3182,1 Spaight Point,Hartford,Connecticut,United States
751,Judd,Lesurf,jlesurfku@themeforest.net,407-570-0228,735 Dwight Circle,Orlando,Florida,United States
752,Nathalia,Bubb,nbubbkv@cdbaby.com,951-746-5208,9511 Clarendon Hill,Riverside,California,United States
753,Osbert,de Zamora,odezamorakw@printfriendly.com,806-691-4609,2 Milwaukee Place,Amarillo,Texas,United States
754,Sallyann,Nansom,snansomkx@multiply.com,585-121-0622,55672 Bartelt Road,Rochester,New York,United States
755,Eartha,Antonikov,eantonikovky@sina.com.cn,571-754-2603,52973 Knutson Park,Alexandria,Virginia,United States
756,Amos,Eayrs,aeayrskz@cbslocal.com,713-469-6941,8507 Northview Junction,Houston,Texas,United States
757,Gian,Leechman,gleechmanl0@stumbleupon.com,865-369-9184,13 Monica Park,Knoxville,Tennessee,United States
758,Rozamond,Harnott,rharnottl1@bing.com,281-597-8104,2 Kropf Parkway,Houston,Texas,United States
759,Eolanda,Shord,eshordl2@walmart.com,703-395-0087,07303 Dahle Trail,Washington,District of Columbia,United States
760,Sebastien,Segar,ssegarl3@ning.com,713-457-2216,536 Pankratz Trail,Houston,Texas,United States
761,Gillian,Dunford,gdunfordl4@last.fm,303-511-6000,736 Kim Drive,Littleton,Colorado,United States
762,Gilligan,Seymer,gseymerl5@slate.com,425-340-6978,384 Rockefeller Drive,Everett,Washington,United States
763,Keane,Sorbey,ksorbeyl6@google.ru,405-711-7334,174 Upham Court,Oklahoma City,Oklahoma,United States
764,Amil,Llewellyn,allewellynl7@google.co.uk,317-114-0894,628 Sommers Point,Indianapolis,Indiana,United States
765,Valle,Stanbridge,vstanbridgel8@cornell.edu,530-361-5656,280 Vermont Avenue,Chico,California,United States
766,Brion,Simecek,bsimecekl9@over-blog.com,646-400-0541,7294 Menomonie Place,New York City,New York,United States
767,Mel,Wissbey,mwissbeyla@ehow.com,303-504-2725,1 5th Parkway,Denver,Colorado,United States
768,Tally,Toyne,ttoynelb@over-blog.com,502-280-9405,7 Macpherson Pass,Louisville,Kentucky,United States
769,Klarrisa,Stubbings,kstubbingslc@cisco.com,919-582-1297,374 Ramsey Park,Raleigh,North Carolina,United States
770,Alexei,Churchouse,achurchouseld@mayoclinic.com,716-151-8996,26886 Northridge Place,Buffalo,New York,United States
771,Minne,Dorwood,mdorwoodle@tinyurl.com,757-613-1508,9 Hayes Junction,Virginia Beach,Virginia,United States
772,Ranna,Pinnocke,rpinnockelf@npr.org,813-894-8797,220 Manufacturers Park,Saint Petersburg,Florida,United States
773,Kerry,Exell,kexelllg@latimes.com,234-358-6662,053 Grim Circle,Canton,Ohio,United States
774,Jill,Joye,jjoyelh@bandcamp.com,763-110-8794,949 Del Sol Parkway,Minneapolis,Minnesota,United States
775,Lindsay,Maureen,lmaureenli@wordpress.org,813-136-1754,8238 Mallory Terrace,Tampa,Florida,United States
776,Selig,Vanichkov,svanichkovlj@cnn.com,727-958-8942,5527 Village Green Trail,Clearwater,Florida,United States
777,Holly,Osgar,hosgarlk@geocities.com,612-969-1057,12 Upham Center,Minneapolis,Minnesota,United States
778,Thoma,Szimon,tszimonll@ehow.com,254-100-3083,66 Gulseth Place,Killeen,Texas,United States
779,Gabriella,Consterdine,gconsterdinelm@live.com,832-115-7822,0078 Mallard Road,Houston,Texas,United States
780,Constantino,Rosetti,crosettiln@g.co,312-293-9468,9264 Golden Leaf Road,Chicago,Illinois,United States
781,Nichol,Hadwin,nhadwinlo@google.co.uk,916-962-1058,04 Merchant Way,Sacramento,California,United States
782,Joshia,Bullivant,jbullivantlp@devhub.com,253-246-4031,97506 Center Plaza,Lakewood,Washington,United States
783,Ellsworth,Burgoine,eburgoinelq@epa.gov,901-561-2262,6461 Beilfuss Hill,Memphis,Tennessee,United States
784,Arri,Ritchley,aritchleylr@bbb.org,313-419-3853,925 Kim Court,Detroit,Michigan,United States
785,Barnett,Heeron,bheeronls@wikimedia.org,571-180-0182,3028 Ryan Pass,Falls Church,Virginia,United States
786,Happy,Plaister,hplaisterlt@wiley.com,202-790-6412,70569 Merrick Pass,Washington,District of Columbia,United States
787,Zaneta,Peart,zpeartlu@archive.org,727-997-5191,5 High Crossing Alley,Clearwater,Florida,United States
788,Caro,McNee,cmcneelv@ezinearticles.com,239-570-4091,17598 Bluejay Plaza,Naples,Florida,United States
789,Nissie,Quene,nquenelw@simplemachines.org,414-430-7927,805 Sachtjen Lane,Milwaukee,Wisconsin,United States
790,Dyanne,Kleinfeld,dkleinfeldlx@xing.com,763-560-2587,15130 Lunder Way,Maple Plain,Minnesota,United States
791,Bard,Hanington,bhaningtonly@scribd.com,336-975-4903,54 Jackson Plaza,Greensboro,North Carolina,United States
792,Emma,Prinnett,eprinnettlz@posterous.com,616-396-6641,023 Grasskamp Lane,Grand Rapids,Michigan,United States
793,Marabel,Blewitt,mblewittm0@hp.com,614-811-9786,32009 Huxley Center,Columbus,Ohio,United States
794,Ferdinande,Croasdale,fcroasdalem1@friendfeed.com,916-257-2977,87 Kim Lane,Sacramento,California,United States
795,Cassie,Franken,cfrankenm2@sogou.com,954-900-8801,388 Kim Alley,Fort Lauderdale,Florida,United States
796,Erik,Zanneli,ezannelim3@ed.gov,540-177-9952,68291 Kenwood Court,Roanoke,Virginia,United States
797,Saunders,Holdren,sholdrenm4@sina.com.cn,330-764-1921,006 Coleman Park,Warren,Ohio,United States
798,Bentley,Swadlinge,bswadlingem5@yellowpages.com,412-753-2279,14422 Coleman Pass,Pittsburgh,Pennsylvania,United States
799,Nevins,Cotgrove,ncotgrovem6@senate.gov,785-975-4429,2633 Lighthouse Bay Parkway,Topeka,Kansas,United States
800,Claudia,Nucciotti,cnucciottim7@mapquest.com,651-159-3123,3 Shasta Trail,Saint Paul,Minnesota,United States
801,Fawnia,Whylie,fwhyliem8@hatena.ne.jp,310-341-9203,5 Springs Avenue,Garden Grove,California,United States
802,Jammal,Whitten,jwhittenm9@furl.net,309-661-9117,6 Schurz Hill,Carol Stream,Illinois,United States
803,Giacinta,Alldre,galldrema@slate.com,210-332-4303,88 Lotheville Terrace,San Antonio,Texas,United States
804,Evey,Pentony,epentonymb@reddit.com,816-231-7102,13338 Graedel Crossing,Kansas City,Missouri,United States
805,Darci,Shallow,dshallowmc@csmonitor.com,904-610-4712,8911 Ryan Plaza,Jacksonville,Florida,United States
806,Cooper,Iffe,ciffemd@twitter.com,540-734-9990,37 Lakewood Drive,Roanoke,Virginia,United States
807,Dael,Kroin,dkroinme@xinhuanet.com,702-378-0545,07170 Northridge Parkway,Las Vegas,Nevada,United States
808,Zaccaria,Fasler,zfaslermf@xing.com,804-251-2973,7074 Hoffman Place,Richmond,Virginia,United States
809,Colver,Rigeby,crigebymg@virginia.edu,915-258-9492,5198 East Terrace,El Paso,Texas,United States
810,Thom,Knowler,tknowlermh@narod.ru,956-611-4224,16 Arizona Avenue,Laredo,Texas,United States
811,Siward,Haresnaip,sharesnaipmi@patch.com,205-264-8296,50 Schurz Point,Birmingham,Alabama,United States
812,Bartholemy,Graveston,bgravestonmj@mediafire.com,425-597-5422,38903 Texas Road,Everett,Washington,United States
813,Nickolaus,Daunay,ndaunaymk@comsenz.com,617-611-5945,37 Stang Drive,Boston,Massachusetts,United States
814,Teresina,Davenall,tdavenallml@earthlink.net,623-504-5764,794 Summit Place,Peoria,Arizona,United States
815,Ally,Rocks,arocksmm@icq.com,937-260-0301,9803 Green Terrace,Dayton,Ohio,United States
816,Derril,Venn,dvennmn@ucla.edu,704-838-4594,69997 Holmberg Point,Charlotte,North Carolina,United States
817,Hallsy,Creeghan,hcreeghanmo@nhs.uk,718-970-7138,61 Moose Hill,Brooklyn,New York,United States
818,Shayla,Sothcott,ssothcottmp@webs.com,402-890-0671,36 1st Way,Omaha,Nebraska,United States
819,Perl,Haylor,phaylormq@alexa.com,225-882-0850,229 Ridgeview Avenue,Baton Rouge,Louisiana,United States
820,Hillier,Axup,haxupmr@cornell.edu,570-893-6404,64 Main Drive,Scranton,Pennsylvania,United States
821,Herschel,McLuckie,hmcluckiems@github.io,915-936-3403,12 Hallows Hill,El Paso,Texas,United States
822,Egon,Attack,eattackmt@typepad.com,203-837-0699,85149 Elmside Pass,Danbury,Connecticut,United States
823,Carter,Extance,cextancemu@fema.gov,360-872-9086,5 Bayside Place,Seattle,Washington,United States
824,Cinda,Mennear,cmennearmv@vimeo.com,718-572-2270,58686 Meadow Vale Road,Flushing,New York,United States
825,Brunhilde,Moriarty,bmoriartymw@privacy.gov.au,765-287-3996,8 Sherman Drive,Muncie,Indiana,United States
826,Dominga,Roja,drojamx@flickr.com,513-543-1440,4973 Huxley Road,Cincinnati,Ohio,United States
827,Sumner,Renvoise,srenvoisemy@sciencedaily.com,209-616-7396,048 Cordelia Road,Stockton,California,United States
828,Mufinella,Follows,mfollowsmz@columbia.edu,713-216-0285,39 Quincy Street,Houston,Texas,United States
829,Julio,Hundy,jhundyn0@npr.org,801-481-9615,2409 Algoma Circle,Salt Lake City,Utah,United States
830,Nicolis,McGillreich,nmcgillreichn1@github.com,434-363-8740,30 Talmadge Trail,Charlottesville,Virginia,United States
831,Ethel,Gorringe,egorringen2@skype.com,806-494-5631,609 Ramsey Plaza,Lubbock,Texas,United States
832,Romona,Merwe,rmerwen3@flickr.com,609-699-2116,64642 Lotheville Road,Trenton,New Jersey,United States
833,Cris,McGoldrick,cmcgoldrickn4@princeton.edu,512-383-8825,476 Fisk Crossing,Austin,Texas,United States
834,Aubrey,Challicum,achallicumn5@twitter.com,615-261-2334,3 Westridge Trail,Nashville,Tennessee,United States
835,Nev,Birley,nbirleyn6@domainmarket.com,419-780-4021,9 Thierer Place,Toledo,Ohio,United States
836,Berthe,Fishenden,bfishendenn7@nationalgeographic.com,850-132-9302,04830 Graedel Park,Pensacola,Florida,United States
837,Sergio,Pietrowski,spietrowskin8@ucoz.ru,281-796-3906,01 Marcy Park,Galveston,Texas,United States
838,Annmaria,Flaverty,aflavertyn9@reddit.com,940-188-1819,0248 Di Loreto Road,Wichita Falls,Texas,United States
839,Jada,Northwood,jnorthwoodna@toplist.cz,615-577-4348,5 Schiller Way,Nashville,Tennessee,United States
840,Kirstyn,Martinovsky,kmartinovskynb@xrea.com,850-572-6433,4299 Merry Street,Tallahassee,Florida,United States
841,Babette,Shorthouse,bshorthousenc@freewebs.com,757-484-5524,9025 Kim Point,Hampton,Virginia,United States
842,Nigel,Boyer,nboyernd@wordpress.org,239-690-0312,6 Green Ridge Terrace,Naples,Florida,United States
843,Merrilee,Grindley,mgrindleyne@earthlink.net,916-669-5019,00 Evergreen Park,Sacramento,California,United States
844,Jocko,Climie,jclimienf@fastcompany.com,619-264-3965,46372 Amoth Trail,San Diego,California,United States
845,Tabitha,Dunster,tdunsterng@yellowpages.com,239-499-5956,4 1st Circle,Naples,Florida,United States
846,Griffie,Bugdale,gbugdalenh@icq.com,817-184-5580,0 Iowa Parkway,Fort Worth,Texas,United States
847,Tadeas,Girardet,tgirardetni@ted.com,559-794-3693,2 Cascade Park,Fresno,California,United States
848,Shell,Kienl,skienlnj@csmonitor.com,717-559-4498,0831 Comanche Hill,Harrisburg,Pennsylvania,United States
849,Alric,Hanhard,ahanhardnk@hp.com,571-584-1673,8335 Forster Parkway,Alexandria,Virginia,United States
850,Merla,Demschke,mdemschkenl@stanford.edu,520-608-5062,92871 Surrey Hill,Tucson,Arizona,United States
851,Rozella,Rottger,rrottgernm@goo.gl,205-733-3352,0353 Westport Place,Birmingham,Alabama,United States
852,Theressa,MacLachlan,tmaclachlannn@eventbrite.com,405-294-5978,08 Shelley Lane,Oklahoma City,Oklahoma,United States
853,Erroll,Lewendon,elewendonno@tamu.edu,515-814-0080,33 Orin Trail,Des Moines,Iowa,United States
854,Caprice,Yashaev,cyashaevnp@addtoany.com,330-160-4966,6337 Artisan Avenue,Canton,Ohio,United States
855,Cinda,Delle,cdellenq@tmall.com,337-752-2178,593 Aberg Crossing,Lake Charles,Louisiana,United States
856,Nicolas,Bladon,nbladonnr@jimdo.com,919-905-8061,8 Chive Plaza,Raleigh,North Carolina,United States
857,Deloris,Eaglen,deaglenns@odnoklassniki.ru,425-152-1964,58 Sugar Junction,Seattle,Washington,United States
858,Jessamyn,Dundredge,jdundredgent@usnews.com,619-782-4203,834 Westerfield Terrace,San Diego,California,United States
859,Tonie,Lambart,tlambartnu@msn.com,303-388-5019,76984 Glendale Alley,Aurora,Colorado,United States
860,Aldin,Tinman,atinmannv@timesonline.co.uk,562-495-4694,36 Garrison Way,Long Beach,California,United States
861,Antonella,Messruther,amessruthernw@smugmug.com,912-423-5356,12889 Susan Parkway,Macon,Georgia,United States
862,Skip,Sheron,ssheronnx@blinklist.com,954-885-3293,811 Jenna Trail,Boca Raton,Florida,United States
863,Dulci,Futty,dfuttyny@seattletimes.com,212-925-5151,163 Farwell Way,Jamaica,New York,United States
864,Celeste,Teather,cteathernz@goo.ne.jp,801-439-8129,563 Canary Trail,Salt Lake City,Utah,United States
865,Talya,Dudek,tdudeko0@senate.gov,949-365-6786,24 Chive Court,Santa Ana,California,United States
866,Kenny,Krelle,kkrelleo1@merriam-webster.com,651-525-2272,1 Rieder Place,Minneapolis,Minnesota,United States
867,Nessy,McCollum,nmccollumo2@mayoclinic.com,785-345-7897,567 Kensington Alley,Topeka,Kansas,United States
868,Nataline,Eadie,neadieo3@mit.edu,512-666-1268,408 Basil Avenue,Austin,Texas,United States
869,Betteanne,Tubby,btubbyo4@51.la,719-828-3814,2891 Debs Hill,Colorado Springs,Colorado,United States
870,Taddeusz,Frangello,tfrangelloo5@dmoz.org,304-287-9803,90241 Thierer Circle,Charleston,West Virginia,United States
871,Fanechka,Wren,fwreno6@sohu.com,561-768-1583,9 Chinook Trail,Lake Worth,Florida,United States
872,Charmion,Tansly,ctanslyo7@dmoz.org,518-434-6115,1 Brickson Park Road,Albany,New York,United States
873,Eulalie,Gilfoy,egilfoyo8@purevolume.com,361-743-1664,089 La Follette Drive,Austin,Texas,United States
874,Franky,Romme,frommeo9@bloglines.com,216-788-5014,116 Harbort Road,Cleveland,Ohio,United States
875,Georgine,Brougham,gbroughamoa@discovery.com,601-476-8863,0785 Chive Court,Jackson,Mississippi,United States
876,Tobe,Tern,tternob@ning.com,614-710-8646,11764 Sunnyside Center,Columbus,Ohio,United States
877,Harlin,Du Fray,hdufrayoc@europa.eu,859-715-8345,2292 Roth Center,Lexington,Kentucky,United States
878,Arte,Wanderschek,awanderschekod@google.cn,865-280-0051,76 Bunker Hill Drive,Knoxville,Tennessee,United States
879,Remington,Parysowna,rparysownaoe@cbsnews.com,432-892-0245,9787 Morning Lane,Midland,Texas,United States
880,Carly,Ringham,cringhamof@nifty.com,317-734-5367,46 Express Road,Indianapolis,Indiana,United States
881,Arlina,Offener,aoffenerog@php.net,614-781-3489,49736 Dennis Lane,Columbus,Ohio,United States
882,Quent,Eaglesham,qeagleshamoh@skype.com,831-127-6875,29 Jenna Pass,Salinas,California,United States
883,Lorene,Stanlick,lstanlickoi@state.tx.us,502-519-1751,5 Vermont Street,Louisville,Kentucky,United States
884,Corena,McAdam,cmcadamoj@spiegel.de,408-323-8343,06372 Golf Place,San Jose,California,United States
885,Noellyn,Suggey,nsuggeyok@so-net.ne.jp,917-556-5965,98 Badeau Avenue,Bronx,New York,United States
886,Freddy,Wilfling,fwilflingol@imdb.com,719-484-9480,84 Drewry Plaza,Colorado Springs,Colorado,United States
887,Jinny,Winsor,jwinsorom@163.com,916-716-1299,52 Commercial Center,Sacramento,California,United States
888,Dre,Stuchberry,dstuchberryon@flickr.com,517-684-6080,7 Karstens Point,Kalamazoo,Michigan,United States
889,Rheta,MacCallester,rmaccallesteroo@shop-pro.jp,214-990-4807,01 Westerfield Terrace,Garland,Texas,United States
890,Gearalt,Suett,gsuettop@youtu.be,817-604-2214,45763 Corry Lane,Fort Worth,Texas,United States
891,Gaby,Clarson,gclarsonoq@ucoz.com,305-747-0956,5145 Elmside Parkway,Miami,Florida,United States
892,Massimiliano,Challenger,mchallengeror@stanford.edu,716-148-7409,2797 Oakridge Crossing,Buffalo,New York,United States
893,Rhianna,Pennini,rpenninios@yellowbook.com,702-130-1303,3948 Corben Road,Las Vegas,Nevada,United States
894,Mia,Bendon,mbendonot@wired.com,212-783-4462,015 Londonderry Trail,New York City,New York,United States
895,Orel,Regenhardt,oregenhardtou@rediff.com,727-565-6051,100 Spenser Point,Saint Petersburg,Florida,United States
896,Jori,Pinch,jpinchov@biblegateway.com,713-929-6155,44 Laurel Hill,Houston,Texas,United States
897,Elroy,Petrelluzzi,epetrelluzziow@pcworld.com,303-238-1826,3055 Waxwing Park,Denver,Colorado,United States
898,Wilmer,Labon,wlabonox@who.int,952-492-0553,9585 Ohio Terrace,Minneapolis,Minnesota,United States
899,Justinn,Hartshorne,jhartshorneoy@google.nl,608-499-9046,34 Starling Avenue,Madison,Wisconsin,United States
900,Jazmin,Pleasants,jpleasantsoz@delicious.com,682-420-8970,4127 Village Green Lane,Fort Worth,Texas,United States
901,Amalee,Gadesby,agadesbyp0@booking.com,408-985-1554,26 Nevada Plaza,San Jose,California,United States
902,Lamont,Scrivinor,lscrivinorp1@google.co.uk,858-626-7539,5 Forster Junction,San Diego,California,United States
903,Maiga,Brelsford,mbrelsfordp2@51.la,719-602-2423,17 Mendota Junction,Colorado Springs,Colorado,United States
904,Valle,Brettor,vbrettorp3@t-online.de,253-244-5209,93435 Sycamore Way,Tacoma,Washington,United States
905,Gwenny,Shatford,gshatfordp4@weebly.com,501-723-8021,12632 Lerdahl Road,Little Rock,Arkansas,United States
906,Claire,Beamiss,cbeamissp5@geocities.com,406-806-5225,12273 Golden Leaf Drive,Missoula,Montana,United States
907,Aubrey,Shaxby,ashaxbyp6@ezinearticles.com,605-286-0886,88 Graceland Pass,Sioux Falls,South Dakota,United States
908,Spenser,Mudie,smudiep7@ed.gov,515-429-4723,8878 Schurz Alley,Des Moines,Iowa,United States
909,Siana,Aukland,sauklandp8@berkeley.edu,816-575-5786,2 Green Circle,Kansas City,Missouri,United States
910,Cody,Gipps,cgippsp9@vinaora.com,214-902-8380,7902 Arkansas Parkway,Garland,Texas,United States
911,Lenore,Vatcher,lvatcherpa@businessweek.com,318-319-5848,78 Valley Edge Avenue,Monroe,Louisiana,United States
912,Anson,Craigg,acraiggpb@gizmodo.com,706-220-9504,80 Dottie Way,Athens,Georgia,United States
913,Rene,Viner,rvinerpc@twitpic.com,202-691-2897,4637 Vera Terrace,Washington,District of Columbia,United States
914,Care,Rosenbusch,crosenbuschpd@utexas.edu,408-593-0872,09 Mesta Pass,San Jose,California,United States
915,Gayler,Symcox,gsymcoxpe@flickr.com,706-242-2535,015 Arkansas Court,Columbus,Georgia,United States
916,Gaynor,Maidlow,gmaidlowpf@myspace.com,330-783-0120,87 Badeau Pass,Warren,Ohio,United States
917,Alphard,Gofton,agoftonpg@home.pl,404-248-9681,320 Schmedeman Way,Atlanta,Georgia,United States
918,Kennett,Ambrosch,kambroschph@seesaa.net,202-586-0147,79416 Monica Plaza,Washington,District of Columbia,United States
919,Danella,Biesterfeld,dbiesterfeldpi@tamu.edu,781-593-7675,724 Pond Place,Cambridge,Massachusetts,United States
920,Lianna,Foxworthy,lfoxworthypj@forbes.com,651-876-2173,81 Mcbride Court,Saint Paul,Minnesota,United States
921,Libbie,Battell,lbattellpk@sphinn.com,803-413-6446,03537 Eastlawn Hill,Aiken,South Carolina,United States
922,Hilda,Tynewell,htynewellpl@wikipedia.org,731-464-6671,437 Waxwing Park,Jackson,Tennessee,United States
923,Rachel,Cottage,rcottagepm@gnu.org,760-714-1345,82734 Hallows Circle,Carlsbad,California,United States
924,Lemar,Lafond,llafondpn@census.gov,213-258-1312,2 Alpine Pass,Los Angeles,California,United States
925,Ferdinand,Andriveau,fandriveaupo@artisteer.com,919-381-9287,5485 Jackson Road,Durham,North Carolina,United States
926,Ronica,Vieyra,rvieyrapp@boston.com,301-153-3906,0747 Hoffman Crossing,Bethesda,Maryland,United States
927,Enrika,Sporner,espornerpq@samsung.com,803-681-8777,931 Muir Road,Columbia,South Carolina,United States
928,Mikael,Rawood,mrawoodpr@marketwatch.com,661-628-1460,06699 Buena Vista Way,Bakersfield,California,United States
929,Florencia,Brisco,fbriscops@is.gd,408-266-2872,806 Village Green Hill,San Jose,California,United States
930,Briant,De Roeck,bderoeckpt@drupal.org,334-549-7836,993 Thierer Lane,Montgomery,Alabama,United States
931,Lamond,Doylend,ldoylendpu@statcounter.com,562-800-2540,4642 Jackson Avenue,Whittier,California,United States
932,Sully,Dudenie,sdudeniepv@si.edu,904-569-7649,2229 Twin Pines Alley,Jacksonville,Florida,United States
933,Krystal,Wattins,kwattinspw@hostgator.com,917-903-4432,373 Jackson Center,New York City,New York,United States
934,Noland,Storrock,nstorrockpx@globo.com,937-875-2537,53051 Vidon Park,Dayton,Ohio,United States
935,Lucky,Avesque,lavesquepy@comcast.net,913-476-9785,9 Village Place,Shawnee Mission,Kansas,United States
936,Justinian,Rodman,jrodmanpz@friendfeed.com,303-134-2471,7 Hansons Hill,Boulder,Colorado,United States
937,Domenico,Ellis,dellisq0@photobucket.com,917-113-1235,717 Carey Plaza,New York City,New York,United States
938,Sonja,Greensitt,sgreensittq1@youtu.be,616-130-7155,21 Huxley Trail,Grand Rapids,Michigan,United States
939,Farlie,Letterese,flettereseq2@pinterest.com,619-490-3919,57 Pankratz Street,San Diego,California,United States
940,Carolina,Clampton,cclamptonq3@wikimedia.org,661-229-8319,54716 Bluejay Alley,Bakersfield,California,United States
941,Luke,Thrussell,lthrussellq4@hexun.com,813-321-6212,8 Bartelt Trail,Tampa,Florida,United States
942,Mallissa,Momery,mmomeryq5@pinterest.com,573-579-7470,43722 Ridge Oak Circle,Columbia,Missouri,United States
943,Marlow,Saye,msayeq6@kickstarter.com,480-610-4272,17 Ohio Trail,Gilbert,Arizona,United States
944,Lek,McIlharga,lmcilhargaq7@paypal.com,479-131-5808,9577 Manufacturers Place,Fort Smith,Arkansas,United States
945,Torrance,Gaiter,tgaiterq8@abc.net.au,912-576-3908,36 South Place,Savannah,Georgia,United States
946,Abbi,Hubatsch,ahubatschq9@ning.com,563-364-1733,7034 Meadow Valley Point,Davenport,Iowa,United States
947,Stanford,Laverock,slaverockqa@dion.ne.jp,814-428-3326,07 Johnson Drive,Johnstown,Pennsylvania,United States
948,Ronny,Perle,rperleqb@abc.net.au,919-707-8976,897 Ronald Regan Crossing,Raleigh,North Carolina,United States
949,Addie,Tuohy,atuohyqc@smh.com.au,334-882-9037,0661 Warner Pass,Montgomery,Alabama,United States
950,Eben,Emeline,eemelineqd@home.pl,407-446-4304,2 Hallows Avenue,Orlando,Florida,United States
951,Percival,Chettle,pchettleqe@slideshare.net,917-377-3416,33 Muir Center,Brooklyn,New York,United States
952,Wayland,Swansborough,wswansboroughqf@qq.com,404-638-5935,9149 South Plaza,Atlanta,Georgia,United States
953,Lyndsey,Mellings,lmellingsqg@netscape.com,915-629-5986,934 Prentice Place,El Paso,Texas,United States
954,Marlin,Spens,mspensqh@dmoz.org,212-639-1970,2 Ridge Oak Trail,New York City,New York,United States
955,Zedekiah,Stuart,zstuartqi@sakura.ne.jp,772-807-4056,5451 International Hill,Vero Beach,Florida,United States
956,Preston,Piechnik,ppiechnikqj@imgur.com,318-236-5467,989 Debs Terrace,Shreveport,Louisiana,United States
957,Dennis,Rouff,drouffqk@mozilla.com,404-241-8359,3467 Express Hill,Atlanta,Georgia,United States
958,Rikki,Snalom,rsnalomql@angelfire.com,304-403-2407,56018 Schurz Plaza,Huntington,West Virginia,United States
959,Gallard,Hillock,ghillockqm@addtoany.com,806-757-8842,5 Hudson Hill,Amarillo,Texas,United States
960,Garek,Houliston,ghoulistonqn@cpanel.net,402-509-4591,3496 Leroy Circle,Omaha,Nebraska,United States
961,Carmelle,Scurman,cscurmanqo@google.cn,949-173-5213,909 Springs Park,San Diego,California,United States
962,Edythe,Joppich,ejoppichqp@wikia.com,801-109-5777,7 Kedzie Drive,Ogden,Utah,United States
963,Merwin,Chislett,mchislettqq@de.vu,201-304-3484,297 Badeau Crossing,Paterson,New Jersey,United States
964,Monique,Haggar,mhaggarqr@newyorker.com,843-208-4344,0 Emmet Point,Charleston,South Carolina,United States
965,Eveleen,Gadman,egadmanqs@over-blog.com,407-835-6479,2 Veith Circle,Kissimmee,Florida,United States
966,Natalee,Jiles,njilesqt@aboutads.info,937-952-7153,59 Warner Park,Dayton,Ohio,United States
967,Chastity,Wanderschek,cwanderschekqu@studiopress.com,515-221-2734,1 Warner Park,Des Moines,Iowa,United States
968,Chancey,Wrinch,cwrinchqv@whitehouse.gov,904-136-2852,5801 6th Road,Jacksonville,Florida,United States
969,Darcy,Saynor,dsaynorqw@surveymonkey.com,512-278-4171,1008 Ramsey Center,Austin,Texas,United States
970,Emmalynn,Janczewski,ejanczewskiqx@auda.org.au,214-579-5269,2390 Gina Crossing,Dallas,Texas,United States
971,Nonnah,Daltrey,ndaltreyqy@moonfruit.com,850-586-6157,7402 Crowley Trail,Pensacola,Florida,United States
972,Hewet,Ridgers,hridgersqz@nsw.gov.au,912-930-7497,8147 Acker Park,Macon,Georgia,United States
973,Clevey,Yeatman,cyeatmanr0@sun.com,515-839-8178,2 Ludington Lane,Des Moines,Iowa,United States
974,Violetta,O'Loghlen,vologhlenr1@google.it,713-114-8923,763 Eagan Avenue,Houston,Texas,United States
975,Bibbye,Ferdinand,bferdinandr2@t.co,626-271-3554,1802 Eagle Crest Center,Burbank,California,United States
976,Louisette,Coupland,lcouplandr3@list-manage.com,773-326-2731,5536 Logan Park,Chicago,Illinois,United States
977,Winn,Tewkesbury,wtewkesburyr4@hibu.com,916-155-6093,1909 Morning Crossing,Sacramento,California,United States
978,Anatol,Dunleavy,adunleavyr5@china.com.cn,909-511-4514,1 Forster Court,Riverside,California,United States
979,Tamas,Sandaver,tsandaverr6@springer.com,941-307-0038,8 Cody Alley,Seminole,Florida,United States
980,Dela,Tellenbrok,dtellenbrokr7@ifeng.com,904-321-7325,08 Garrison Circle,Jacksonville,Florida,United States
981,Sandye,Tunnoch,stunnochr8@amazon.co.jp,304-481-5726,9 Iowa Parkway,Charleston,West Virginia,United States
982,Eolande,Cattonnet,ecattonnetr9@rambler.ru,202-481-7776,24215 Calypso Point,Washington,District of Columbia,United States
983,Charlene,Henze,chenzera@twitpic.com,602-388-0166,8 Holy Cross Junction,Mesa,Arizona,United States
984,Frasier,McGifford,fmcgiffordrb@tamu.edu,214-967-0176,114 Golden Leaf Point,Garland,Texas,United States
985,Elias,Kyston,ekystonrc@bing.com,818-186-7975,316 Green Ridge Center,Torrance,California,United States
986,Andrea,Compston,acompstonrd@fda.gov,209-663-2598,6 Chinook Trail,Fresno,California,United States
987,Reg,Templar,rtemplarre@linkedin.com,253-677-8491,2331 Shopko Center,Kent,Washington,United States
988,Shayla,Hamblen,shamblenrf@wufoo.com,915-516-2647,4731 Jackson Trail,El Paso,Texas,United States
989,Jocelyne,Dibley,jdibleyrg@npr.org,512-113-8179,75478 Leroy Trail,Austin,Texas,United States
990,Bartram,Darthe,bdartherh@reverbnation.com,972-702-9317,8101 Victoria Place,Dallas,Texas,United States
991,Tabbie,Blanshard,tblanshardri@yellowbook.com,951-177-1277,94056 Mesta Center,Moreno Valley,California,United States
992,Stacey,Awton,sawtonrj@cornell.edu,202-782-1109,16739 Talmadge Place,Washington,District of Columbia,United States
993,Townsend,Woolcocks,twoolcocksrk@yellowpages.com,574-220-1416,562 Bartillon Park,South Bend,Indiana,United States
994,Willem,De Domenici,wdedomenicirl@ebay.com,646-759-2002,5195 Sundown Street,New York City,New York,United States
995,Sella,Sterley,ssterleyrm@cocolog-nifty.com,305-761-8607,199 Utah Road,Miami,Florida,United States
996,Jasper,Spary,jsparyrn@addthis.com,571-886-1781,27194 Arizona Plaza,Arlington,Virginia,United States
997,Nickolaus,Bettaney,nbettaneyro@geocities.jp,713-979-8299,27831 Moose Parkway,Houston,Texas,United States
998,Tripp,Baldacco,tbaldaccorp@bizjournals.com,858-851-5531,0 Mayer Alley,San Diego,California,United States
999,Gisella,Machel,gmachelrq@vk.com,402-223-2594,92 Mandrake Park,Omaha,Nebraska,United States
1000,Anetta,Base,abaserr@list-manage.com,602-120-4753,69215 Straubel Center,Phoenix,Arizona,United States
1001,Zahara,Kingcott,zkingcottrs@printfriendly.com,832-271-8559,80 Spenser Alley,Houston,Texas,United States
1002,Sarene,Woolfall,swoolfallrt@webeden.co.uk,717-858-7282,78 Evergreen Way,Harrisburg,Pennsylvania,United States
1003,Olav,Sakins,osakinsru@dyndns.org,918-495-9102,23 Fremont Plaza,Tulsa,Oklahoma,United States
1004,Donovan,Dargan,ddarganrv@discovery.com,713-675-7559,33014 Katie Trail,Humble,Texas,United States
1005,Jillian,Kennewell,jkennewellrw@usa.gov,706-837-6027,742 Homewood Trail,Augusta,Georgia,United States
1006,Izabel,O'Cosgra,iocosgrarx@nature.com,210-798-8394,22708 Mcguire Alley,San Antonio,Texas,United States
1007,Shalom,Sandeland,ssandelandry@ehow.com,712-566-2862,074 5th Center,Sioux City,Iowa,United States
1008,Adela,Hands,ahandsrz@drupal.org,504-272-7325,5 Division Road,Metairie,Louisiana,United States
1009,Janelle,Forton,jfortons0@joomla.org,434-871-4553,78 Everett Court,Charlottesville,Virginia,United States
1010,Sande,Swanwick,sswanwicks1@naver.com,202-974-5699,737 Petterle Lane,Washington,District of Columbia,United States
1011,Joceline,Lestor,jlestors2@intel.com,501-740-2359,62 Mallory Parkway,Little Rock,Arkansas,United States
1012,Melisande,Tarpey,mtarpeys3@eventbrite.com,302-208-4172,1474 Fuller Center,Wilmington,Delaware,United States
1013,Neron,Radenhurst,nradenhursts4@scientificamerican.com,440-454-0195,4089 Schiller Junction,Cleveland,Ohio,United States
1014,Rheta,Coiley,rcoileys5@google.co.uk,201-753-5096,311 Mccormick Circle,Jersey City,New Jersey,United States
1015,Angela,Faccini,afaccinis6@wikipedia.org,408-317-1099,17395 Ilene Trail,San Jose,California,United States
1016,Blake,Roger,brogers7@a8.net,336-971-8034,794 Fieldstone Way,Greensboro,North Carolina,United States
1017,Adriaens,Laws,alawss8@nymag.com,231-408-1771,7 Scofield Place,Muskegon,Michigan,United States
1018,Wendie,Foli,wfolis9@issuu.com,540-775-1750,658 Donald Terrace,Roanoke,Virginia,United States
1019,Jyoti,Goulstone,jgoulstonesa@jimdo.com,502-255-7101,51 Milwaukee Terrace,Louisville,Kentucky,United States
1020,Fonsie,Panther,fpanthersb@paypal.com,214-605-1595,7 Monica Trail,Dallas,Texas,United States
1021,Wolfgang,Russam,wrussamsc@reuters.com,303-810-6658,237 Manufacturers Center,Denver,Colorado,United States
1022,Matthieu,Hughes,mhughessd@simplemachines.org,304-762-9007,0695 Anderson Circle,Morgantown,West Virginia,United States
1023,Tye,Knevet,tknevetse@amazon.co.uk,419-190-8133,5126 Russell Court,Toledo,Ohio,United States
1024,Candice,Bexon,cbexonsf@msn.com,781-573-1061,9753 Dunning Hill,Newton,Massachusetts,United States
1025,Shaine,Tester,stestersg@springer.com,909-987-0253,067 Oak Hill,Pomona,California,United States
1026,Gilemette,Kemsley,gkemsleysh@fc2.com,617-103-7202,54664 Crownhardt Junction,Boston,Massachusetts,United States
1027,Brandise,Khalid,bkhalidsi@exblog.jp,503-497-2414,85631 Gerald Circle,Portland,Oregon,United States
1028,Essa,Saffon,esaffonsj@soundcloud.com,310-258-3590,8 Brown Place,Van Nuys,California,United States
1029,Jolyn,Stroder,jstrodersk@lulu.com,562-662-9734,73177 Rieder Avenue,Whittier,California,United States
1030,Jennette,Byford,jbyfordsl@si.edu,563-554-1609,7 Rigney Trail,Davenport,Iowa,United States
1031,Mattie,Sotheby,msothebysm@addthis.com,515-603-2724,7 Main Way,Des Moines,Iowa,United States
1032,Jonell,Haye,jhayesn@jalbum.net,404-529-6620,2951 Reinke Parkway,Atlanta,Georgia,United States
1033,Jessamyn,Normansell,jnormansellso@latimes.com,432-211-4459,06 Northwestern Park,Odessa,Texas,United States
1034,Maryjane,Seabright,mseabrightsp@plala.or.jp,954-438-3996,40997 Towne Crossing,Fort Lauderdale,Florida,United States
1035,Penelope,Scourge,pscourgesq@foxnews.com,757-837-7905,18 Manufacturers Place,Virginia Beach,Virginia,United States
1036,Corbie,Wolverson,cwolversonsr@cdc.gov,713-824-5211,69464 Corben Point,Houston,Texas,United States
1037,Mitch,Brimmicombe,mbrimmicombess@booking.com,773-329-6341,8 Raven Junction,Chicago,Illinois,United States
1038,Herby,Krug,hkrugst@jigsy.com,408-931-0792,5771 Bayside Way,San Jose,California,United States
1039,Winne,Tourle,wtourlesu@sciencedirect.com,916-894-9528,10 Pankratz Place,Sacramento,California,United States
1040,Onofredo,Linwood,olinwoodsv@amazon.com,814-838-5456,84 Autumn Leaf Crossing,Erie,Pennsylvania,United States
1041,Athene,Ellph,aellphsw@blinklist.com,734-491-1257,0637 North Court,Ann Arbor,Michigan,United States
1042,Levon,Ruzek,lruzeksx@huffingtonpost.com,318-164-9623,5919 Cambridge Crossing,Boston,Massachusetts,United States
1043,Mildrid,Savatier,msavatiersy@123-reg.co.uk,716-103-9041,61 Hoepker Point,Buffalo,New York,United States
1044,Rozina,Quixley,rquixleysz@printfriendly.com,407-202-0486,32836 Rockefeller Plaza,Winter Haven,Florida,United States
1045,Adiana,Digger,adiggert0@chicagotribune.com,325-958-1249,756 Morrow Way,Abilene,Texas,United States
1046,Willy,Fordy,wfordyt1@wisc.edu,515-798-9307,6575 Rieder Street,Des Moines,Iowa,United States
1047,Evey,Eburah,eeburaht2@so-net.ne.jp,405-396-4699,6522 Kedzie Parkway,Norman,Oklahoma,United States
1048,Claribel,Coleford,ccolefordt3@imageshack.us,765-621-6002,730 Springview Point,Crawfordsville,Indiana,United States
1049,Rick,Skerrett,rskerrettt4@java.com,251-565-6077,34 Hanover Hill,Mobile,Alabama,United States
1050,Fayette,Fannon,ffannont5@whitehouse.gov,718-313-2506,30559 North Junction,Bronx,New York,United States
1051,Anton,Gerson,agersont6@etsy.com,502-132-0149,7563 Arkansas Center,Louisville,Kentucky,United States
1052,Brigham,Spurgin,bspurgint7@unicef.org,863-393-3078,086 Gale Hill,Lakeland,Florida,United States
1053,Barron,Louth,bloutht8@ycombinator.com,814-978-4117,881 Hintze Plaza,Erie,Pennsylvania,United States
1054,Daven,Hummerston,dhummerstont9@behance.net,717-151-3948,4366 Miller Avenue,Lancaster,Pennsylvania,United States
1055,Terza,Cotton,tcottonta@vk.com,615-289-6756,16 Forest Dale Drive,Nashville,Tennessee,United States
1056,Giffer,Bonett,gbonetttb@bbb.org,713-748-4450,95561 Thierer Court,Houston,Texas,United States
1057,Peder,Scocroft,pscocrofttc@goodreads.com,309-270-7080,24 Pond Park,Peoria,Illinois,United States
1058,Julina,Tumayan,jtumayantd@bravesites.com,706-970-9770,1010 Westridge Crossing,Augusta,Georgia,United States
1059,Dev,Maro,dmarote@indiegogo.com,310-307-4793,2 Rockefeller Trail,Inglewood,California,United States
1060,Evangelina,Jindacek,ejindacektf@who.int,919-241-4739,9461 Derek Court,Raleigh,North Carolina,United States
1061,Avrit,Rimell,arimelltg@yolasite.com,423-271-6815,287 Kropf Way,Chattanooga,Tennessee,United States
1062,Marge,Bauckham,mbauckhamth@comcast.net,305-723-8918,76 Mosinee Park,Homestead,Florida,United States
1063,Hinze,Heggie,hheggieti@amazon.co.jp,713-405-8797,18 Independence Drive,Houston,Texas,United States
1064,Michale,Jonas,mjonastj@disqus.com,214-595-9243,1500 Fuller Trail,Dallas,Texas,United States
1065,Suzie,Harragin,sharragintk@taobao.com,303-929-4437,06770 Maywood Junction,Denver,Colorado,United States
1066,Brennen,Southernwood,bsouthernwoodtl@dyndns.org,817-396-9587,309 Miller Avenue,Fort Worth,Texas,United States
1067,Thomas,Veevers,tveeverstm@examiner.com,813-750-0848,379 Sunnyside Avenue,Clearwater,Florida,United States
1068,Leicester,Bouchard,lbouchardtn@arstechnica.com,202-251-3194,3 Morningstar Point,Washington,District of Columbia,United States
1069,Melisande,New,mnewto@zdnet.com,815-194-6455,62 Haas Street,Rockford,Illinois,United States
1070,Madlen,Rehme,mrehmetp@amazonaws.com,806-537-1218,484 Doe Crossing Place,Lubbock,Texas,United States
1071,Wye,Pareman,wparemantq@sfgate.com,602-659-5700,06540 Tomscot Court,Glendale,Arizona,United States
1072,Hayyim,Taylder,htayldertr@is.gd,404-792-7484,19826 Ridgeway Junction,Atlanta,Georgia,United States
1073,Reginald,Blaskett,rblaskettts@go.com,830-920-6710,8381 Novick Drive,San Antonio,Texas,United States
1074,Farleigh,Fairlie,ffairliett@pbs.org,702-431-6919,71 Ramsey Park,North Las Vegas,Nevada,United States
1075,Ardisj,Nealey,anealeytu@japanpost.jp,501-628-4043,943 Lillian Drive,Little Rock,Arkansas,United States
1076,Selena,Sturney,ssturneytv@gravatar.com,323-911-6625,84 Crownhardt Alley,Los Angeles,California,United States
1077,Mahalia,Dutnall,mdutnalltw@seattletimes.com,406-631-3922,8 Arrowood Court,Billings,Montana,United States
1078,Marga,Harrill,mharrilltx@comcast.net,585-290-2634,1 Sunfield Hill,Rochester,New York,United States
1079,Johnathan,Adne,jadnety@uiuc.edu,917-238-7362,72 Pankratz Hill,New York City,New York,United States
1080,Gerrie,Weavers,gweaverstz@creativecommons.org,410-193-7122,37 Weeping Birch Point,Baltimore,Maryland,United States
1081,Lynea,Pepper,lpepperu0@cbslocal.com,302-232-1585,22 Wayridge Way,Wilmington,Delaware,United States
1082,Marshal,Enticknap,menticknapu1@prweb.com,903-294-2565,75 Arrowood Terrace,Tyler,Texas,United States
1083,Leigha,Cruse,lcruseu2@illinois.edu,415-232-0455,76791 Ohio Pass,San Francisco,California,United States
1084,Adolph,Hartness,ahartnessu3@comsenz.com,786-931-8801,3792 Petterle Place,Miami,Florida,United States
1085,Margaretta,Lennon,mlennonu4@senate.gov,626-880-0901,6 7th Alley,Alhambra,California,United States
1086,Darsey,Woodrow,dwoodrowu5@europa.eu,318-917-1332,2497 Larry Avenue,Shreveport,Louisiana,United States
1087,Aileen,Pithie,apithieu6@google.com.au,202-202-2526,74 Hagan Hill,Washington,District of Columbia,United States
1088,Kermit,Kedslie,kkedslieu7@mail.ru,915-304-9647,2258 Little Fleur Plaza,El Paso,Texas,United States
1089,Nadiya,Scaife,nscaifeu8@redcross.org,843-225-9003,91 Surrey Hill,Charleston,South Carolina,United States
1090,Charlotta,Delia,cdeliau9@163.com,316-577-1326,47 Becker Junction,Wichita,Kansas,United States
1091,Adeline,Aartsen,aaartsenua@goodreads.com,941-273-8835,68107 Arrowood Trail,Seminole,Florida,United States
1092,Yolanda,Chantillon,ychantillonub@engadget.com,213-605-0752,9 Arizona Center,Los Angeles,California,United States
1093,Netti,Jacombs,njacombsuc@shutterfly.com,559-789-7723,182 Mcbride Terrace,Visalia,California,United States
1094,Eustace,Sills,esillsud@is.gd,702-395-0613,8874 Scoville Park,Las Vegas,Nevada,United States
1095,Zaneta,Baldick,zbaldickue@cloudflare.com,803-698-6585,72 Sutherland Lane,Columbia,South Carolina,United States
1096,Kaiser,Ormshaw,kormshawuf@theguardian.com,810-549-7430,36580 Parkside Parkway,Detroit,Michigan,United States
1097,Bogart,Kelner,bkelnerug@ebay.com,508-599-4306,28 Del Sol Plaza,Newton,Massachusetts,United States
1098,Claudius,Jubert,cjubertuh@npr.org,626-887-6432,474 New Castle Avenue,Pasadena,California,United States
1099,Gunner,Dye,gdyeui@berkeley.edu,775-561-6735,6 Sundown Lane,Reno,Nevada,United States
1100,Wilie,Owen,wowenuj@tripadvisor.com,928-571-2845,4 Shasta Street,Mesa,Arizona,United States
1101,Horatius,Babbidge,hbabbidgeuk@nba.com,971-521-6949,88 Corben Circle,Portland,Oregon,United States
1102,Corenda,Teas,cteasul@sohu.com,281-457-2006,8777 Boyd Parkway,Pasadena,Texas,United States
1103,Bartholomeus,Shellshear,bshellshearum@jugem.jp,504-558-4502,11 Mayer Junction,New Orleans,Louisiana,United States
1104,Leese,Ledrane,lledraneun@berkeley.edu,941-132-7511,9 Heath Trail,Bonita Springs,Florida,United States
1105,Thebault,Ferrieres,tferrieresuo@go.com,202-543-5106,805 Iowa Pass,Washington,District of Columbia,United States
1106,Jere,Gillie,jgillieup@geocities.jp,202-177-6227,2027 West Pass,Washington,District of Columbia,United States
1107,Saunders,Janosevic,sjanosevicuq@apple.com,212-679-9018,9 Mariners Cove Terrace,Jamaica,New York,United States
1108,Archambault,Waghorn,awaghornur@github.io,203-956-5290,0 Norway Maple Trail,Danbury,Connecticut,United States
1109,Horatius,Brennand,hbrennandus@paginegialle.it,202-673-0935,48 Tennyson Center,Washington,District of Columbia,United States
1110,Wilden,Fidilis,wfidilisut@bbc.co.uk,808-842-1295,4 Packers Point,Honolulu,Hawaii,United States
1111,Nester,Fairfoul,nfairfouluu@hc360.com,215-866-5824,64 Sheridan Pass,Philadelphia,Pennsylvania,United States
1112,Basil,Bartleet,bbartleetuv@360.cn,509-621-2344,680 Knutson Street,Spokane,Washington,United States
1113,Ramonda,Ruppel,rruppeluw@mysql.com,757-292-6984,46431 Fuller Hill,Virginia Beach,Virginia,United States
1114,Wendall,Donnachie,wdonnachieux@ucoz.ru,202-636-2688,0026 Bluejay Hill,Washington,District of Columbia,United States
1115,Kale,Elbourn,kelbournuy@soundcloud.com,303-425-3931,4 Cherokee Street,Aurora,Colorado,United States
1116,Russ,Scanes,rscanesuz@nba.com,803-567-4605,010 Butternut Street,Columbia,South Carolina,United States
1117,Dian,Lead,dleadv0@xinhuanet.com,608-970-1494,74 Hazelcrest Terrace,Madison,Wisconsin,United States
1118,Hurlee,Wassung,hwassungv1@go.com,408-702-3277,773 Barby Circle,San Jose,California,United States
1119,Claudie,Conkay,cconkayv2@google.co.uk,806-679-3923,150 Forest Dale Circle,Lubbock,Texas,United States
1120,Fitzgerald,Courage,fcouragev3@addthis.com,716-434-3697,4788 Service Crossing,Buffalo,New York,United States
1121,Sigismondo,McKinty,smckintyv4@house.gov,937-122-9813,6499 Schmedeman Park,Dayton,Ohio,United States
1122,Malchy,Greenan,mgreenanv5@wiley.com,214-724-7391,97 Jackson Circle,Dallas,Texas,United States
1123,Andros,Reuss,areussv6@virginia.edu,775-976-8420,26 Messerschmidt Trail,Reno,Nevada,United States
1124,Alice,Harrald,aharraldv7@amazon.com,770-205-7602,54608 Granby Terrace,Atlanta,Georgia,United States
1125,Nola,Colgrave,ncolgravev8@cargocollective.com,212-696-7708,6109 Pond Trail,New York City,New York,United States
1126,Howey,Dobbson,hdobbsonv9@tuttocitta.it,731-495-6024,63 Ruskin Road,Jackson,Tennessee,United States
1127,Randolf,Dillinton,rdillintonva@topsy.com,320-209-5156,7591 Havey Center,Saint Cloud,Minnesota,United States
1128,Britney,Gorioli,bgoriolivb@amazon.de,316-911-4599,816 Westerfield Drive,Wichita,Kansas,United States
1129,Chrysa,Dingate,cdingatevc@army.mil,718-901-6045,36372 Oak Hill,Jamaica,New York,United States
1130,Elliott,Mauditt,emaudittvd@indiatimes.com,812-391-3270,9683 Meadow Vale Avenue,Evansville,Indiana,United States
1131,Arney,Spilsted,aspilstedve@goodreads.com,203-188-2397,64 Carioca Lane,Fairfield,Connecticut,United States
1132,Clea,Bettanay,cbettanayvf@dagondesign.com,202-396-3775,8369 Goodland Plaza,Washington,District of Columbia,United States
1133,Gerty,Loseke,glosekevg@businessinsider.com,734-223-9158,7 Fair Oaks Way,Ann Arbor,Michigan,United States
1134,Tedd,Alelsandrowicz,talelsandrowiczvh@prweb.com,713-320-5512,74177 Annamark Road,Houston,Texas,United States
1135,Stanislaus,McIvor,smcivorvi@umich.edu,816-715-7017,45 Clyde Gallagher Road,Kansas City,Missouri,United States
1136,Jacintha,Brunnstein,jbrunnsteinvj@hao123.com,202-492-2678,14 Amoth Pass,Washington,District of Columbia,United States
1137,Gloriana,Crowdace,gcrowdacevk@census.gov,305-941-8005,504 Moose Circle,Miami,Florida,United States
1138,Wilek,Evenett,wevenettvl@paginegialle.it,651-982-0946,63 Tomscot Road,Saint Paul,Minnesota,United States
1139,Chrotoem,Girardi,cgirardivm@rediff.com,816-459-0730,98 International Alley,Kansas City,Missouri,United States
1140,Chantalle,Scruton,cscrutonvn@altervista.org,619-144-2423,825 Delladonna Parkway,San Diego,California,United States
1141,Samantha,Heasman,sheasmanvo@bigcartel.com,212-213-1242,6 Surrey Crossing,Jamaica,New York,United States
1142,Bethina,Kingsman,bkingsmanvp@geocities.jp,678-199-5714,4000 Northridge Crossing,Atlanta,Georgia,United States
1143,Leontyne,Kolak,lkolakvq@prlog.org,714-839-4559,60 Linden Park,Fullerton,California,United States
1144,Chiquita,Olijve,colijvevr@house.gov,612-627-1342,90013 Lillian Plaza,Minneapolis,Minnesota,United States
1145,Bone,Delafoy,bdelafoyvs@cdbaby.com,540-555-5683,4045 Pankratz Point,Roanoke,Virginia,United States
1146,Vassili,Alvaro,valvarovt@rediff.com,626-443-4936,67213 Basil Crossing,Los Angeles,California,United States
1147,Russ,Stanning,rstanningvu@gmpg.org,314-621-9999,760 Talmadge Terrace,Saint Louis,Missouri,United States
1148,Beltran,De Bruijne,bdebruijnevv@auda.org.au,816-410-4913,476 Judy Parkway,Kansas City,Missouri,United States
1149,Livia,Siviter,lsivitervw@irs.gov,714-334-1487,98 Carey Street,Los Angeles,California,United States
1150,Kristin,MacFaul,kmacfaulvx@earthlink.net,310-502-0307,925 Towne Junction,Inglewood,California,United States
1151,Kristal,Drust,kdrustvy@msn.com,806-571-9832,8 Valley Edge Crossing,Lubbock,Texas,United States
1152,Gregoor,Pickerill,gpickerillvz@auda.org.au,513-304-0732,5 Jackson Point,Cincinnati,Ohio,United States
1153,Arleta,Shiril,ashirilw0@ihg.com,860-307-1991,7 Chive Parkway,Hartford,Connecticut,United States
1154,Luther,Zolini,lzoliniw1@smh.com.au,972-121-2990,52037 4th Alley,Dallas,Texas,United States
1155,Bobby,Snowball,bsnowballw2@mapquest.com,214-415-0892,523 Shopko Park,Dallas,Texas,United States
1156,Carlina,Vecard,cvecardw3@domainmarket.com,504-772-1656,80155 Westridge Point,New Orleans,Louisiana,United States
1157,Ophelie,Brimson,obrimsonw4@yale.edu,404-730-4643,71721 Shasta Pass,Atlanta,Georgia,United States
1158,Ewan,Howells,ehowellsw5@smugmug.com,602-771-0294,32501 Merchant Road,Phoenix,Arizona,United States
1159,Mack,Cumming,mcummingw6@usa.gov,214-203-5717,1 Moland Crossing,Dallas,Texas,United States
1160,Pip,Bru,pbruw7@stanford.edu,971-345-8080,52988 New Castle Crossing,Portland,Oregon,United States
1161,Liane,Potteridge,lpotteridgew8@hatena.ne.jp,215-992-0129,547 Colorado Pass,Philadelphia,Pennsylvania,United States
1162,Marven,Otson,motsonw9@mapquest.com,646-435-9055,2492 Heffernan Point,New York City,New York,United States
1163,Bethina,Day,bdaywa@dmoz.org,309-236-2801,3 Portage Plaza,Peoria,Illinois,United States
1164,Camel,Sitlington,csitlingtonwb@walmart.com,510-695-0941,0478 Elgar Way,Oakland,California,United States
1165,Portie,Brobak,pbrobakwc@archive.org,408-682-9922,09 Rockefeller Terrace,San Jose,California,United States
1166,Branden,Pilbeam,bpilbeamwd@answers.com,608-583-9089,57 New Castle Terrace,Madison,Wisconsin,United States
1167,Geordie,McGowing,gmcgowingwe@gmpg.org,405-326-1876,6504 Grover Point,Oklahoma City,Oklahoma,United States
1168,Milka,Kinnane,mkinnanewf@utexas.edu,804-460-6739,85 Bluestem Terrace,Richmond,Virginia,United States
1169,Abbie,Domnick,adomnickwg@ca.gov,307-623-1012,2228 Delaware Alley,Cheyenne,Wyoming,United States
1170,Teodor,Jemmison,tjemmisonwh@noaa.gov,402-764-1331,325 Dixon Junction,Omaha,Nebraska,United States
1171,Devondra,Ruzic,druzicwi@marriott.com,717-489-7139,34045 Lawn Park,Harrisburg,Pennsylvania,United States
1172,Hugibert,Crennan,hcrennanwj@unesco.org,240-904-6060,9784 Dunning Hill,Gaithersburg,Maryland,United States
1173,Chelsae,Alasdair,calasdairwk@cyberchimps.com,773-437-2432,0377 East Plaza,Chicago,Illinois,United States
1174,Huntington,Jedrzejewski,hjedrzejewskiwl@europa.eu,412-806-0382,310 Waxwing Hill,Pittsburgh,Pennsylvania,United States
1175,Brena,Gabbitus,bgabbituswm@photobucket.com,303-429-5554,59894 Becker Alley,Denver,Colorado,United States
1176,Elana,Tessington,etessingtonwn@miitbeian.gov.cn,713-921-1054,81 Maywood Park,Houston,Texas,United States
1177,Jodee,Skeels,jskeelswo@exblog.jp,609-664-1637,9 Bobwhite Terrace,Trenton,New Jersey,United States
1178,Naoma,Doel,ndoelwp@umn.edu,954-313-0026,252 Surrey Lane,Fort Lauderdale,Florida,United States
1179,Bruis,Curbishley,bcurbishleywq@soup.io,253-208-9747,6 Banding Trail,Tacoma,Washington,United States
1180,Isadora,Hawford,ihawfordwr@chronoengine.com,706-328-7476,2 Bunting Way,Athens,Georgia,United States
1181,Pen,Hyne,phynews@samsung.com,727-407-4208,48257 Quincy Junction,Saint Petersburg,Florida,United States
1182,Elysee,Ortega,eortegawt@guardian.co.uk,212-251-6876,2 Fuller Center,Jamaica,New York,United States
1183,Gwendolen,Sumption,gsumptionwu@amazon.com,702-144-5833,6 Golf View Plaza,North Las Vegas,Nevada,United States
1184,Petronilla,Beavon,pbeavonwv@ibm.com,719-866-9526,98 Glacier Hill Parkway,Pueblo,Colorado,United States
1185,Jamie,Tace,jtaceww@cornell.edu,814-845-9798,26804 Fisk Point,Erie,Pennsylvania,United States
1186,Aldridge,Drewe,adrewewx@alibaba.com,203-958-2139,75 Westport Avenue,New Haven,Connecticut,United States
1187,Kellie,Abbes,kabbeswy@alibaba.com,812-131-2224,11442 Granby Pass,Evansville,Indiana,United States
1188,Jarred,Pennicard,jpennicardwz@amazon.co.uk,803-966-5802,187 Nobel Trail,Columbia,South Carolina,United States
1189,Wyn,Hairyes,whairyesx0@cnet.com,202-294-5714,6674 Northridge Point,Washington,District of Columbia,United States
1190,Jens,Malpas,jmalpasx1@myspace.com,225-642-4317,2435 Springs Drive,Baton Rouge,Louisiana,United States
1191,Maribeth,Puddle,mpuddlex2@w3.org,919-183-2747,53 Sutteridge Pass,Raleigh,North Carolina,United States
1192,Bordy,Orht,borhtx3@army.mil,386-996-7402,44381 Elgar Pass,Daytona Beach,Florida,United States
1193,Dunc,Goodwin,dgoodwinx4@newyorker.com,617-569-3106,23 Straubel Lane,Boston,Massachusetts,United States
1194,Konstantine,Horrell,khorrellx5@dropbox.com,616-219-5155,8596 Arapahoe Plaza,Grand Rapids,Michigan,United States
1195,Kristal,Canby,kcanbyx6@myspace.com,253-907-7733,80143 Monument Drive,Tacoma,Washington,United States
1196,Brigitte,Felkin,bfelkinx7@msn.com,770-757-8730,9937 Alpine Terrace,Atlanta,Georgia,United States
1197,Nola,McAline,nmcalinex8@drupal.org,734-868-2080,45040 Packers Avenue,Detroit,Michigan,United States
1198,Launce,O'Kielt,lokieltx9@wsj.com,203-979-6167,10326 Mallard Center,New Haven,Connecticut,United States
1199,Carrie,Danihelka,cdanihelkaxa@ask.com,916-311-7608,87 Ridge Oak Court,Sacramento,California,United States
1200,Augustine,Swindle,aswindlexb@tiny.cc,540-467-9205,946 Garrison Parkway,Roanoke,Virginia,United States
1201,Arlin,Silman,asilmanxc@51.la,863-596-1806,28 Transport Trail,Lakeland,Florida,United States
1202,Carmina,Heaphy,cheaphyxd@hugedomains.com,405-266-5778,9 Scofield Junction,Oklahoma City,Oklahoma,United States
1203,Lisetta,McCarlich,lmccarlichxe@uol.com.br,502-930-2523,440 Clemons Crossing,Louisville,Kentucky,United States
1204,Dee dee,Chetwind,dchetwindxf@w3.org,203-587-8162,68466 Killdeer Park,New Haven,Connecticut,United States
1205,Lock,O' Shea,losheaxg@php.net,304-840-5536,5 Oakridge Center,Charleston,West Virginia,United States
1206,Vanny,Heustace,vheustacexh@economist.com,414-154-5871,48 Hazelcrest Court,Milwaukee,Wisconsin,United States
1207,Merrill,Fagge,mfaggexi@ebay.co.uk,407-975-3359,6 Longview Park,Daytona Beach,Florida,United States
1208,Katusha,Jacobovitch,kjacobovitchxj@tumblr.com,502-485-2665,0710 American Ash Circle,Louisville,Kentucky,United States
1209,Gwenny,Beagan,gbeaganxk@51.la,804-368-9780,9659 Roth Alley,Richmond,Virginia,United States
1210,Carissa,Blabber,cblabberxl@businesswire.com,714-673-6739,7 Hoepker Plaza,Fullerton,California,United States
1211,Lauri,Santorini,lsantorinixm@bloglovin.com,602-891-1993,38834 Barnett Trail,Phoenix,Arizona,United States
1212,Shelagh,Whillock,swhillockxn@webeden.co.uk,772-415-5220,39764 Mesta Street,Fort Pierce,Florida,United States
1213,Ardenia,Blackmoor,ablackmoorxo@unblog.fr,918-485-1895,8638 Springview Place,Tulsa,Oklahoma,United States
1214,Ring,Buggs,rbuggsxp@tinyurl.com,940-334-4318,30 Melvin Crossing,Wichita Falls,Texas,United States
1215,Bastian,Swiers,bswiersxq@bbb.org,203-186-1425,34 Erie Drive,Danbury,Connecticut,United States
1216,Sonia,Sussams,ssussamsxr@qq.com,806-899-9258,1 Old Shore Parkway,Amarillo,Texas,United States
1217,Goran,Dearnly,gdearnlyxs@skyrock.com,305-663-1842,30 Cardinal Hill,Miami,Florida,United States
1218,Ive,Minillo,iminilloxt@addthis.com,419-203-8068,2 5th Trail,Mansfield,Ohio,United States
1219,Stefanie,Bundey,sbundeyxu@dot.gov,305-303-2134,8 1st Trail,Miami,Florida,United States
1220,Erina,Pinches,epinchesxv@prnewswire.com,850-242-5585,075 Eastwood Drive,Pensacola,Florida,United States
1221,Stacee,Chown,schownxw@joomla.org,210-400-5970,9741 American Ash Center,San Antonio,Texas,United States
1222,Fremont,Warmisham,fwarmishamxx@seattletimes.com,702-220-5667,7280 Garrison Crossing,Las Vegas,Nevada,United States
1223,Sebastian,Yearnsley,syearnsleyxy@nbcnews.com,240-548-9437,658 Longview Drive,Bethesda,Maryland,United States
1224,Ben,Grishukhin,bgrishukhinxz@paypal.com,816-999-0687,32773 Milwaukee Alley,Kansas City,Missouri,United States
1225,Giavani,Primo,gprimoy0@fastcompany.com,812-425-8418,71099 Cardinal Lane,Terre Haute,Indiana,United States
1226,Tudor,Sone,tsoney1@mac.com,915-670-5711,1 Delladonna Plaza,El Paso,Texas,United States
1227,Piper,Crimin,pcriminy2@chronoengine.com,717-748-1546,0 Talmadge Place,Lancaster,Pennsylvania,United States
1228,Hilton,Kitchener,hkitchenery3@baidu.com,602-596-0478,9 Melody Point,Phoenix,Arizona,United States
1229,Luelle,Halgarth,lhalgarthy4@surveymonkey.com,719-457-7073,131 Talisman Lane,Colorado Springs,Colorado,United States
1230,Jacquie,Rochford,jrochfordy5@wix.com,212-589-2438,57401 Merrick Parkway,New York City,New York,United States
1231,Robers,Nevins,rnevinsy6@sciencedirect.com,203-564-4027,90 Gateway Lane,Stamford,Connecticut,United States
1232,Cheston,Crossfeld,ccrossfeldy7@google.de,909-912-1793,94 Ludington Park,Pomona,California,United States
1233,Chery,Shephard,cshephardy8@businessinsider.com,330-454-2107,39 Luster Way,Youngstown,Ohio,United States
1234,Mufi,Tantrum,mtantrumy9@cnn.com,626-315-2911,7 Orin Hill,Corona,California,United States
1235,Chevalier,Nisbith,cnisbithya@elegantthemes.com,239-223-2952,6019 Lake View Terrace,Naples,Florida,United States
1236,Donovan,Gavigan,dgaviganyb@bloglovin.com,818-419-4171,19 Fordem Parkway,Los Angeles,California,United States
1237,Carole,Johns,cjohnsyc@biblegateway.com,202-470-9382,98 Schurz Plaza,Washington,District of Columbia,United States
1238,Jamal,Celiz,jcelizyd@cpanel.net,865-882-9192,8180 Ridge Oak Road,Knoxville,Tennessee,United States
1239,Staffard,Huriche,shuricheye@google.com.br,704-934-2483,35 Crowley Street,Charlotte,North Carolina,United States
1240,Frank,Spacey,fspaceyyf@pagesperso-orange.fr,954-213-4828,3 Gerald Parkway,Pompano Beach,Florida,United States
1241,Duffy,Wardlaw,dwardlawyg@indiatimes.com,202-162-7038,292 Service Pass,Washington,District of Columbia,United States
1242,Lothario,Dowyer,ldowyeryh@tumblr.com,212-366-2230,447 Sutteridge Court,Jamaica,New York,United States
1243,Hagen,Hannen,hhannenyi@toplist.cz,540-720-7257,3401 Eastlawn Place,Roanoke,Virginia,United States
1244,Yale,Spurge,yspurgeyj@si.edu,806-499-4453,34122 Tony Circle,Lubbock,Texas,United States
1245,Terrill,Style,tstyleyk@craigslist.org,323-575-0514,942 Gateway Alley,Los Angeles,California,United States
1246,Cyb,Perrot,cperrotyl@arizona.edu,404-388-3401,376 Veith Plaza,Atlanta,Georgia,United States
1247,Allx,Quinnelly,aquinnellyym@state.gov,317-815-0176,5 Springs Road,Indianapolis,Indiana,United States
1248,Ferdinande,Titmarsh,ftitmarshyn@epa.gov,773-753-4194,3986 Browning Crossing,Chicago,Illinois,United States
1249,Charlie,O'Reilly,coreillyyo@ustream.tv,202-407-8588,82 East Parkway,Alexandria,Virginia,United States
1250,Andrey,Salway,asalwayyp@360.cn,419-454-8025,48791 Heath Place,Toledo,Ohio,United States
1251,Boniface,Lezemore,blezemoreyq@google.pl,570-130-5415,562 Cardinal Junction,Scranton,Pennsylvania,United States
1252,Gordon,Oppie,goppieyr@bravesites.com,410-741-4849,4 Judy Junction,Laurel,Maryland,United States
1253,Dino,McCallam,dmccallamys@nih.gov,401-797-2256,23 Amoth Lane,Providence,Rhode Island,United States
1254,Donal,Raraty,draratyyt@amazon.co.jp,907-411-1099,928 Laurel Point,Juneau,Alaska,United States
1255,Glynnis,Blethin,gblethinyu@dyndns.org,208-786-8373,6158 Pierstorff Alley,Boise,Idaho,United States
1256,Andy,Loomis,aloomisyv@cdc.gov,323-348-0379,09114 Maryland Drive,Los Angeles,California,United States
1257,Rodrigo,Garrood,rgarroodyw@youtube.com,510-644-3389,5 Golf Pass,Richmond,California,United States
1258,Jasmina,Hubbold,jhubboldyx@tiny.cc,916-868-8857,70713 Warner Lane,Sacramento,California,United States
1259,Liv,Knowler,lknowleryy@mashable.com,203-664-3668,42 Declaration Avenue,Norwalk,Connecticut,United States
1260,Tuesday,Adamowitz,tadamowitzyz@cnbc.com,209-272-9194,65 Maple Lane,Stockton,California,United States
1261,Daryl,Brinsden,dbrinsdenz0@google.pl,269-421-5556,4827 Myrtle Point,Kalamazoo,Michigan,United States
1262,Marjy,Copo,mcopoz1@sfgate.com,972-835-2280,4186 Gina Terrace,Plano,Texas,United States
1263,Bette,Willmot,bwillmotz2@1und1.de,571-133-8927,29 Fordem Trail,Arlington,Virginia,United States
1264,Bevin,Joplin,bjoplinz3@cyberchimps.com,732-147-9290,9 Pennsylvania Terrace,New Brunswick,New Jersey,United States
1265,Audi,Lissandrini,alissandriniz4@home.pl,361-649-5403,7619 Tomscot Terrace,Corpus Christi,Texas,United States
1266,Ade,Labbati,alabbatiz5@livejournal.com,915-506-4576,88 Duke Circle,El Paso,Texas,United States
1267,Maegan,Niset,mnisetz6@ft.com,312-851-8413,6 East Trail,Chicago,Illinois,United States
1268,Farra,Johnson,fjohnsonz7@miibeian.gov.cn,239-553-3084,352 Bluestem Avenue,Cape Coral,Florida,United States
1269,Harlene,Nuss,hnussz8@imdb.com,901-370-0076,33794 Amoth Pass,Memphis,Tennessee,United States
1270,Norry,Gatty,ngattyz9@com.com,818-891-2042,7 Colorado Junction,Northridge,California,United States
1271,Cara,McCarrell,cmccarrellza@simplemachines.org,818-817-1616,5246 Anzinger Circle,Burbank,California,United States
1272,Melloney,Dimmne,mdimmnezb@spotify.com,302-759-8248,348 Packers Park,Newark,Delaware,United States
1273,Gerrie,Beaman,gbeamanzc@photobucket.com,202-609-3552,2 Meadow Ridge Crossing,Washington,District of Columbia,United States
1274,Joby,Rhys,jrhyszd@odnoklassniki.ru,209-517-6860,470 Northview Junction,Hayward,California,United States
1275,Herve,Conroy,hconroyze@kickstarter.com,408-542-5346,3505 Summer Ridge Center,San Jose,California,United States
1276,Riva,Medina,rmedinazf@princeton.edu,941-816-1051,54268 Pennsylvania Plaza,Bradenton,Florida,United States
1277,Cad,Tatnell,ctatnellzg@parallels.com,504-986-4447,48 Carberry Park,New Orleans,Louisiana,United States
1278,Nonnah,Beves,nbeveszh@fc2.com,214-794-3599,90 Anhalt Pass,Dallas,Texas,United States
1279,Chiarra,Blasl,cblaslzi@uol.com.br,502-246-1980,013 Sachtjen Point,Louisville,Kentucky,United States
1280,Mignonne,Boscher,mboscherzj@gnu.org,951-186-3828,4 Clemons Hill,Riverside,California,United States
1281,Betteanne,Rozier,brozierzk@naver.com,602-596-8860,9890 Prairie Rose Circle,Phoenix,Arizona,United States
1282,Audy,Kimm,akimmzl@google.pl,574-899-3946,604 Dahle Crossing,South Bend,Indiana,United States
1283,Everard,Ducroe,educroezm@ucsd.edu,615-163-5700,5 Loftsgordon Circle,Nashville,Tennessee,United States
1284,Cathrine,Snedker,csnedkerzn@comcast.net,301-184-0840,7 Thierer Way,Laurel,Maryland,United States
1285,Amandi,Cristol,acristolzo@booking.com,502-938-2550,9721 Golden Leaf Hill,Louisville,Kentucky,United States
1286,Danielle,Landa,dlandazp@google.pl,512-328-8209,3897 Grasskamp Crossing,Austin,Texas,United States
1287,Alessandra,Santi,asantizq@bbb.org,520-584-9103,9348 Crest Line Pass,Prescott,Arizona,United States
1288,Farleigh,Brundle,fbrundlezr@barnesandnoble.com,949-908-8929,729 Carberry Place,Irvine,California,United States
1289,Ardine,Aven,aavenzs@hatena.ne.jp,304-204-2872,15 Hayes Lane,Morgantown,West Virginia,United States
1290,Ciro,Setterfield,csetterfieldzt@java.com,661-245-0401,2 Maple Place,Van Nuys,California,United States
1291,Katleen,Ibeson,kibesonzu@t.co,916-847-3110,69762 Eggendart Center,Sacramento,California,United States
1292,Brodie,Sedgmond,bsedgmondzv@hatena.ne.jp,616-310-3768,2 Texas Circle,Grand Rapids,Michigan,United States
1293,Tamar,Mazillius,tmazilliuszw@comsenz.com,303-717-0662,91 Cardinal Parkway,Denver,Colorado,United States
1294,Sherilyn,Clell,sclellzx@last.fm,210-723-6205,2 Lighthouse Bay Court,San Antonio,Texas,United States
1295,Kimbra,Allkins,kallkinszy@liveinternet.ru,405-760-6856,4 Tennessee Plaza,Oklahoma City,Oklahoma,United States
1296,Bennett,Cockayme,bcockaymezz@i2i.jp,303-989-0079,4085 Packers Alley,Denver,Colorado,United States
1297,Tybi,Caudelier,tcaudelier100@ovh.net,712-506-0558,322 Lakewood Junction,Sioux City,Iowa,United States
1298,Theda,Bassano,tbassano101@blog.com,904-628-5051,33238 Sutherland Plaza,Jacksonville,Florida,United States
1299,Myrtice,Ballentime,mballentime102@trellian.com,407-913-2969,40967 Eagan Court,Orlando,Florida,United States
1300,Anya,Artiss,aartiss103@symantec.com,573-943-4859,64 Hermina Drive,Columbia,Missouri,United States
1301,Maure,Proudley,mproudley104@webnode.com,574-397-1439,41139 Thierer Place,South Bend,Indiana,United States
1302,Marcel,Spilsburie,mspilsburie105@simplemachines.org,305-773-6999,2 Village Circle,Miami,Florida,United States
1303,Gabby,Bullar,gbullar106@chicagotribune.com,816-468-4628,29090 Mcguire Place,Kansas City,Missouri,United States
1304,Sherwin,Daber,sdaber107@google.nl,203-156-1480,2 Sherman Junction,Norwalk,Connecticut,United States
1305,Wilton,Cranage,wcranage108@telegraph.co.uk,770-536-2181,68284 Mitchell Drive,Atlanta,Georgia,United States
1306,Randy,Lanfranconi,rlanfranconi109@go.com,559-920-2967,0 Grim Street,Fresno,California,United States
1307,Ardyce,Turpie,aturpie10a@microsoft.com,303-717-6188,78 Haas Court,Boulder,Colorado,United States
1308,Andonis,Goodhand,agoodhand10b@kickstarter.com,484-244-6693,36 Marquette Way,Valley Forge,Pennsylvania,United States
1309,Odey,Thurborn,othurborn10c@pinterest.com,602-800-1700,73398 Dwight Alley,Phoenix,Arizona,United States
1310,Marylee,Dugall,mdugall10d@dmoz.org,831-568-7326,7 Hollow Ridge Parkway,Salinas,California,United States
1311,Claribel,Osgardby,cosgardby10e@oaic.gov.au,215-545-5403,8 Coleman Crossing,Philadelphia,Pennsylvania,United States
1312,Ted,Duckham,tduckham10f@vinaora.com,949-583-8678,122 Riverside Drive,Irvine,California,United States
1313,Didi,Ohms,dohms10g@japanpost.jp,304-143-2938,77981 Vahlen Junction,Charleston,West Virginia,United States
1314,Cathryn,Broadway,cbroadway10h@netvibes.com,650-293-0484,7 Stang Junction,San Jose,California,United States
1315,Thaddus,Godman,tgodman10i@instagram.com,316-793-7991,02850 Stephen Street,Wichita,Kansas,United States
1316,Clywd,Beddoe,cbeddoe10j@booking.com,915-147-6403,2 Springview Park,El Paso,Texas,United States
1317,Gilemette,Cracie,gcracie10k@shutterfly.com,786-864-2163,076 Anderson Crossing,Hialeah,Florida,United States
1318,Forrester,Triplet,ftriplet10l@stumbleupon.com,702-540-3276,9380 Laurel Trail,Las Vegas,Nevada,United States
1319,Cletis,Langmead,clangmead10m@netscape.com,757-228-1117,2922 Rigney Alley,Norfolk,Virginia,United States
1320,Romona,Webburn,rwebburn10n@scientificamerican.com,502-555-6019,2 Red Cloud Circle,Louisville,Kentucky,United States
1321,Karil,Mawman,kmawman10o@nyu.edu,502-476-3398,830 Union Court,Louisville,Kentucky,United States
1322,Willard,Hairs,whairs10p@nydailynews.com,321-760-8991,817 Kingsford Crossing,Melbourne,Florida,United States
1323,Jerry,Iggulden,jiggulden10q@soup.io,682-566-5600,64 Springview Trail,Fort Worth,Texas,United States
1324,Vivia,Chasen,vchasen10r@hubpages.com,754-232-4250,5218 Clyde Gallagher Park,Fort Lauderdale,Florida,United States
1325,Lilith,Spiby,lspiby10s@baidu.com,330-594-8846,81038 Scott Court,Canton,Ohio,United States
1326,Trace,Crufts,tcrufts10t@kickstarter.com,203-216-7198,89 Bobwhite Lane,Bridgeport,Connecticut,United States
1327,Bastian,Borleace,bborleace10u@yellowbook.com,754-789-3658,65661 Dixon Circle,Pompano Beach,Florida,United States
1328,Michail,Leedal,mleedal10v@cnbc.com,330-991-2082,7 Becker Court,Warren,Ohio,United States
1329,Matilda,Sharma,msharma10w@wisc.edu,719-207-9718,4 Magdeline Plaza,Pueblo,Colorado,United States
1330,Corrianne,Mounfield,cmounfield10x@goo.gl,563-414-8144,8208 Eliot Junction,Davenport,Iowa,United States
1331,Alfie,Dace,adace10y@deliciousdays.com,615-978-2955,9021 Bultman Alley,Nashville,Tennessee,United States
1332,Flory,Gero,fgero10z@ebay.com,904-188-0350,630 Claremont Junction,Jacksonville,Florida,United States
1333,Hyacinthe,Fargher,hfargher110@virginia.edu,202-414-4421,21 New Castle Lane,Washington,District of Columbia,United States
1334,Rubina,Posner,rposner111@odnoklassniki.ru,512-127-7719,76 Lien Street,Austin,Texas,United States
1335,Field,Skippings,fskippings112@usnews.com,225-962-4189,307 Columbus Center,Baton Rouge,Louisiana,United States
1336,Marga,MacCahey,mmaccahey113@e-recht24.de,570-780-0131,39 Tony Court,Scranton,Pennsylvania,United States
1337,Yoshi,Lehrahan,ylehrahan114@fastcompany.com,816-955-1578,394 Starling Trail,Kansas City,Missouri,United States
1338,Nealy,Yushkin,nyushkin115@51.la,239-208-0996,0893 Loftsgordon Parkway,Naples,Florida,United States
1339,Ofelia,Blondell,oblondell116@cafepress.com,614-710-8972,77 Clove Pass,Columbus,Ohio,United States
1340,Sawyer,Pobjay,spobjay117@latimes.com,434-571-3685,47 Monterey Court,Charlottesville,Virginia,United States
1341,Minnnie,Huggens,mhuggens118@ovh.net,520-468-0677,1 Vermont Plaza,Tucson,Arizona,United States
1342,Beverlie,Judd,bjudd119@artisteer.com,262-244-5846,21015 Mandrake Circle,Racine,Wisconsin,United States
1343,Dahlia,Dymott,ddymott11a@samsung.com,785-258-4925,2 Dwight Circle,Topeka,Kansas,United States
1344,Nerta,Manneville,nmanneville11b@github.io,757-748-8291,6 Straubel Crossing,Virginia Beach,Virginia,United States
1345,Colene,Hannabuss,channabuss11c@vinaora.com,310-149-7177,5 Fairfield Center,Los Angeles,California,United States
1346,Alexis,Comins,acomins11d@nature.com,480-318-3371,3 Grover Way,Scottsdale,Arizona,United States
1347,Clerissa,Tindall,ctindall11e@fotki.com,915-537-9551,64639 Morrow Road,El Paso,Texas,United States
1348,Charissa,Spry,cspry11f@sun.com,212-180-7530,49 Debs Crossing,New York City,New York,United States
1349,Jeni,Cawkill,jcawkill11g@cbslocal.com,405-690-9485,607 Eagle Crest Court,Oklahoma City,Oklahoma,United States
1350,Durward,Itshak,ditshak11h@a8.net,903-961-5369,87 Nelson Lane,Tyler,Texas,United States
1351,Alex,Sijmons,asijmons11i@newyorker.com,562-114-3558,1446 Macpherson Drive,Long Beach,California,United States
1352,Arie,Guerin,aguerin11j@xinhuanet.com,559-573-0386,99592 4th Trail,Fresno,California,United States
1353,Evered,Ireland,eireland11k@nasa.gov,203-267-1835,96958 Messerschmidt Way,New Haven,Connecticut,United States
1354,Cynthy,Harkes,charkes11l@hostgator.com,920-798-0944,947 Caliangt Junction,Appleton,Wisconsin,United States
1355,Garvey,Schukert,gschukert11m@gov.uk,205-171-6748,7 Novick Junction,Birmingham,Alabama,United States
1356,Bear,Benwell,bbenwell11n@free.fr,813-573-7586,7570 Emmet Lane,Tampa,Florida,United States
1357,Borden,Jaxon,bjaxon11o@ustream.tv,786-321-4034,2874 Washington Center,Miami,Florida,United States
1358,Caldwell,Castell,ccastell11p@wikispaces.com,706-202-8431,136 Graceland Drive,Columbus,Georgia,United States
1359,Dorri,Crowhurst,dcrowhurst11q@harvard.edu,239-999-1236,611 American Parkway,Naples,Florida,United States
1360,Sharlene,Benez,sbenez11r@boston.com,718-756-6781,5 Ridge Oak Trail,Brooklyn,New York,United States
1361,Kirsten,Chambers,kchambers11s@g.co,212-127-4703,5910 Meadow Vale Road,New York City,New York,United States
1362,Gay,Jozefowicz,gjozefowicz11t@oakley.com,301-797-7396,45025 David Pass,Silver Spring,Maryland,United States
1363,Vilhelmina,Longega,vlongega11u@printfriendly.com,714-526-9770,4269 Eastwood Trail,Irvine,California,United States
1364,Tiler,Reading,treading11v@buzzfeed.com,410-297-3261,1 Manley Junction,Baltimore,Maryland,United States
1365,Caitrin,O'Hengerty,cohengerty11w@sourceforge.net,763-900-7636,2432 Cordelia Road,Minneapolis,Minnesota,United States
1366,Channa,Mouton,cmouton11x@virginia.edu,361-420-9722,84 Golden Leaf Hill,Corpus Christi,Texas,United States
1367,Sunshine,Fluck,sfluck11y@cam.ac.uk,202-205-8592,64 Superior Court,Washington,District of Columbia,United States
1368,Marlin,Lebbon,mlebbon11z@altervista.org,347-863-2926,46015 Texas Parkway,Flushing,New York,United States
1369,Iolanthe,Harriagn,iharriagn120@imgur.com,408-771-0487,8 Manufacturers Circle,San Jose,California,United States
1370,Agosto,Redmayne,aredmayne121@typepad.com,303-779-1452,9 Birchwood Trail,Denver,Colorado,United States
1371,Kenyon,Panner,kpanner122@aboutads.info,208-133-9893,4990 Reinke Park,Boise,Idaho,United States
1372,Cedric,Petrusch,cpetrusch123@oracle.com,480-600-7028,529 Hoffman Trail,Mesa,Arizona,United States
1373,Cosette,Lewcock,clewcock124@sphinn.com,813-630-4478,95 Farragut Way,Tampa,Florida,United States
1374,Eimile,Locard,elocard125@yellowbook.com,202-973-3192,9 Holy Cross Circle,Washington,District of Columbia,United States
1375,Lorna,Ellicott,lellicott126@cpanel.net,281-473-3019,22922 Springview Pass,Houston,Texas,United States
1376,Margalo,Crummy,mcrummy127@mac.com,315-527-3648,261 Haas Parkway,Utica,New York,United States
1377,Nettle,Jendrach,njendrach128@ebay.com,716-204-9958,4 Comanche Street,Buffalo,New York,United States
1378,Ulysses,Chipping,uchipping129@hud.gov,352-626-2815,917 Sachtjen Court,Ocala,Florida,United States
1379,Sisely,Seawright,sseawright12a@hud.gov,320-493-2273,47951 Pine View Crossing,Saint Cloud,Minnesota,United States
1380,Salome,Brack,sbrack12b@businesswire.com,571-978-8626,4923 Sherman Pass,Fairfax,Virginia,United States
1381,Vaclav,Dibson,vdibson12c@dagondesign.com,915-398-4988,7 Chive Parkway,El Paso,Texas,United States
1382,Merrily,Sambals,msambals12d@barnesandnoble.com,805-605-9441,053 Banding Pass,Santa Barbara,California,United States
1383,Jennette,Ryce,jryce12e@google.com.br,469-828-7414,7772 Victoria Drive,Dallas,Texas,United States
1384,Laurice,Poyzer,lpoyzer12f@addtoany.com,571-839-1982,128 Hazelcrest Avenue,Fairfax,Virginia,United States
1385,Salome,Fasler,sfasler12g@xing.com,305-386-9440,659 Ronald Regan Plaza,Miami,Florida,United States
1386,Dionisio,Weavers,dweavers12h@amazon.co.jp,260-978-7609,27 Mcguire Lane,Fort Wayne,Indiana,United States
1387,Marcy,Cardon,mcardon12i@ihg.com,605-169-4164,932 Mcguire Circle,Sioux Falls,South Dakota,United States
1388,Cinda,Conry,cconry12j@si.edu,859-562-7274,95802 Bobwhite Plaza,Lexington,Kentucky,United States
1389,Fraser,Handsheart,fhandsheart12k@sciencedirect.com,916-987-2525,5 Linden Circle,Sacramento,California,United States
1390,Arlana,Devons,adevons12l@multiply.com,612-440-9822,52683 Hoffman Court,Minneapolis,Minnesota,United States
1391,Gabriel,Sallnow,gsallnow12m@google.com.br,336-549-7909,87389 Mccormick Plaza,Greensboro,North Carolina,United States
1392,Hershel,Birwhistle,hbirwhistle12n@skype.com,502-941-8142,84117 Texas Plaza,Louisville,Kentucky,United States
1393,Shantee,Bilbrey,sbilbrey12o@mozilla.com,814-256-5460,4 Elgar Hill,Johnstown,Pennsylvania,United States
1394,Coral,Chaffe,cchaffe12p@unicef.org,718-158-3591,8892 Erie Pass,Bronx,New York,United States
1395,Herbie,Christofides,hchristofides12q@ezinearticles.com,541-323-8622,9 Lighthouse Bay Street,Eugene,Oregon,United States
1396,Joni,Swinyard,jswinyard12r@newyorker.com,859-177-2550,997 Ludington Hill,Lexington,Kentucky,United States
1397,Claretta,Bedson,cbedson12s@merriam-webster.com,505-380-1236,9 Sunnyside Hill,Albuquerque,New Mexico,United States
1398,Kaleb,Napton,knapton12t@harvard.edu,817-757-4500,79 Mendota Place,Fort Worth,Texas,United States
1399,Melany,Kamienski,mkamienski12u@harvard.edu,216-562-3208,73 Straubel Pass,Cleveland,Ohio,United States
1400,Clayborne,Payler,cpayler12v@angelfire.com,704-756-0289,06 Garrison Drive,Charlotte,North Carolina,United States
1401,Delmer,Franklen,dfranklen12w@desdev.cn,202-829-1576,40422 Amoth Road,Washington,District of Columbia,United States
1402,Alden,Leydon,aleydon12x@tumblr.com,214-955-6865,5024 Myrtle Lane,Dallas,Texas,United States
1403,Keene,Giacoppo,kgiacoppo12y@imdb.com,318-650-2107,44656 Macpherson Way,Shreveport,Louisiana,United States
1404,Caritta,Cattellion,ccattellion12z@blogspot.com,702-925-8421,5602 Fremont Terrace,Las Vegas,Nevada,United States
1405,Estel,Goforth,egoforth130@army.mil,239-556-1415,19267 Dovetail Place,Naples,Florida,United States
1406,Carlotta,Paolini,cpaolini131@go.com,915-524-4749,8 Golden Leaf Lane,El Paso,Texas,United States
1407,Salome,Shatliffe,sshatliffe132@alexa.com,225-853-2744,31 Cambridge Avenue,Baton Rouge,Louisiana,United States
1408,Anica,Haisell,ahaisell133@shop-pro.jp,850-377-6137,54 Hoepker Way,Pensacola,Florida,United States
1409,Meggy,Hollingdale,mhollingdale134@wordpress.org,704-536-5657,1136 Beilfuss Lane,Charlotte,North Carolina,United States
1410,Nancey,Tonks,ntonks135@indiatimes.com,719-367-6971,88839 Summer Ridge Circle,Colorado Springs,Colorado,United States
1411,Nicolis,Sinncock,nsinncock136@networkadvertising.org,208-834-6807,4 Maple Wood Lane,Pocatello,Idaho,United States
1412,Claudine,Spottswood,cspottswood137@springer.com,803-232-6334,52 Erie Terrace,Columbia,South Carolina,United States
1413,Etienne,Spargo,espargo138@vimeo.com,303-720-3077,8036 Bunting Street,Denver,Colorado,United States
1414,Lion,Backhurst,lbackhurst139@sun.com,916-393-5331,945 Anniversary Circle,Sacramento,California,United States
1415,Indira,Akers,iakers13a@nhs.uk,941-778-3305,85 Corscot Drive,Bradenton,Florida,United States
1416,Ravi,Arondel,rarondel13b@geocities.jp,325-424-4501,2810 Bunting Junction,Abilene,Texas,United States
1417,Karmen,Loyndon,kloyndon13c@usnews.com,917-112-5722,20 Shelley Place,Bronx,New York,United States
1418,Toinette,Heggadon,theggadon13d@homestead.com,785-586-3569,50546 Manitowish Center,Topeka,Kansas,United States
1419,Mavra,Sivell,msivell13e@shinystat.com,601-352-1864,56 Helena Circle,Jackson,Mississippi,United States
1420,Berry,Ickovic,bickovic13f@springer.com,315-810-7306,8 Bobwhite Street,Utica,New York,United States
1421,Jacquelyn,Deverille,jdeverille13g@godaddy.com,806-939-8745,14729 Wayridge Way,Lubbock,Texas,United States
1422,Cornelius,Huckster,chuckster13h@hp.com,512-879-2745,57 Northfield Lane,Austin,Texas,United States
1423,Nikita,Duckels,nduckels13i@princeton.edu,610-111-3761,8141 Erie Parkway,Allentown,Pennsylvania,United States
1424,Antonia,Yeskov,ayeskov13j@pcworld.com,615-196-8824,02 Namekagon Center,Nashville,Tennessee,United States
1425,Floyd,Parades,fparades13k@freewebs.com,203-397-5770,49 Spohn Park,New Haven,Connecticut,United States
1426,Ola,Hunnicutt,ohunnicutt13l@webnode.com,512-349-7052,4953 Walton Crossing,Austin,Texas,United States
1427,Paton,Graves,pgraves13m@oaic.gov.au,202-195-2992,22802 Bonner Drive,Washington,District of Columbia,United States
1428,Nev,Dockrey,ndockrey13n@alibaba.com,727-824-4670,499 Melrose Trail,Largo,Florida,United States
1429,Alena,Ambrosini,aambrosini13o@issuu.com,240-491-1293,619 Little Fleur Terrace,Frederick,Maryland,United States
1430,Nico,Dukesbury,ndukesbury13p@devhub.com,334-819-5429,786 Southridge Park,Montgomery,Alabama,United States
1431,Karlik,Wolsey,kwolsey13q@scientificamerican.com,202-431-5586,070 Dovetail Plaza,Bethesda,Maryland,United States
1432,Zorah,Dollar,zdollar13r@wisc.edu,818-953-1450,4 Almo Park,Los Angeles,California,United States
1433,Osmond,Mayow,omayow13s@i2i.jp,410-563-0543,79 Texas Road,Baltimore,Maryland,United States
1434,Keeley,Gatrell,kgatrell13t@businessinsider.com,804-319-2965,68950 Vernon Avenue,Richmond,Virginia,United States
1435,Britt,Bick,bbick13u@issuu.com,510-416-9525,1477 Paget Road,Berkeley,California,United States
1436,Rikki,Switzer,rswitzer13v@a8.net,901-205-2653,13351 Morrow Plaza,Memphis,Tennessee,United States
1437,Johnnie,Bruffell,jbruffell13w@telegraph.co.uk,208-612-3137,32 Waywood Crossing,Boise,Idaho,United States
1438,Abigail,Britland,abritland13x@freewebs.com,432-744-2942,37 Almo Center,Midland,Texas,United States
1439,Egan,Munnion,emunnion13y@51.la,917-576-8302,04 Utah Place,Bronx,New York,United States
1440,Glynda,Bierton,gbierton13z@yale.edu,212-775-4304,81 Clarendon Place,New York City,New York,United States
1441,Leyla,Passingham,lpassingham140@wordpress.com,602-342-3972,659 Monterey Way,Phoenix,Arizona,United States
1442,Suzi,Elan,selan141@people.com.cn,816-193-3774,22 Merry Pass,Independence,Missouri,United States
1443,Amargo,Jewers,ajewers142@prweb.com,801-107-8479,81 Larry Junction,Salt Lake City,Utah,United States
1444,Iormina,Giovannoni,igiovannoni143@smh.com.au,310-254-2939,8 Wayridge Center,Garden Grove,California,United States
1445,Aggi,Billingsly,abillingsly144@vinaora.com,407-247-0728,47432 Old Gate Point,Orlando,Florida,United States
1446,Michael,Divisek,mdivisek145@usa.gov,972-625-2425,1 Merchant Parkway,Plano,Texas,United States
1447,Vina,Kleinhaut,vkleinhaut146@miitbeian.gov.cn,503-570-9904,0 Crownhardt Plaza,Beaverton,Oregon,United States
1448,Janeen,Fassmann,jfassmann147@arstechnica.com,812-748-0883,4 Anthes Lane,Evansville,Indiana,United States
1449,Pearle,Meriott,pmeriott148@meetup.com,713-572-2629,15 Mosinee Terrace,Houston,Texas,United States
1450,Cal,Getty,cgetty149@wikipedia.org,858-492-6983,255 Northport Road,Oceanside,California,United States
1451,Janet,Sterry,jsterry14a@constantcontact.com,907-794-9370,4 Mifflin Trail,Anchorage,Alaska,United States
1452,Kevan,BoHlingolsen,kbohlingolsen14b@hhs.gov,202-171-2811,8 Saint Paul Terrace,Washington,District of Columbia,United States
1453,Hildegaard,Prebble,hprebble14c@ustream.tv,214-598-2959,2518 Stang Terrace,Dallas,Texas,United States
1454,Kaine,Iglesias,kiglesias14d@istockphoto.com,212-563-1741,303 Grim Drive,New York City,New York,United States
1455,Anetta,Gilardengo,agilardengo14e@mail.ru,918-252-4742,19495 Arizona Circle,Tulsa,Oklahoma,United States
1456,Rodolphe,Quaintance,rquaintance14f@technorati.com,757-286-7215,97219 Westport Plaza,Norfolk,Virginia,United States
1457,Phil,Smithyman,psmithyman14g@com.com,402-283-7215,119 Delaware Lane,Lincoln,Nebraska,United States
1458,Ianthe,Copley,icopley14h@house.gov,202-838-7415,14 Ludington Plaza,Washington,District of Columbia,United States
1459,Oliy,Nuemann,onuemann14i@arizona.edu,518-651-9188,69 Kinsman Place,Albany,New York,United States
1460,Jannelle,Gosnay,jgosnay14j@si.edu,562-559-0117,38408 Iowa Parkway,Long Beach,California,United States
1461,Charlot,Govan,cgovan14k@va.gov,505-209-8947,6228 Chinook Lane,Albuquerque,New Mexico,United States
1462,Claire,Cahan,ccahan14l@intel.com,774-750-7484,2870 Grover Hill,Worcester,Massachusetts,United States
1463,Chloris,Pietrasik,cpietrasik14m@dion.ne.jp,662-718-4055,484 Golf View Hill,Columbus,Mississippi,United States
1464,Lelah,Verlander,lverlander14n@techcrunch.com,515-192-0400,54177 Eagan Street,Des Moines,Iowa,United States
1465,Xenia,Ambrogi,xambrogi14o@dropbox.com,315-760-0391,50274 Elka Drive,Syracuse,New York,United States
1466,Aldus,Veld,aveld14p@wikimedia.org,702-777-0208,50 Sheridan Lane,Las Vegas,Nevada,United States
1467,Billie,Windress,bwindress14q@weebly.com,504-546-4254,227 Johnson Point,Metairie,Louisiana,United States
1468,Saxon,Larkby,slarkby14r@umich.edu,786-365-0851,5 Rusk Park,Miami,Florida,United States
1469,Elsi,Queenborough,equeenborough14s@tuttocitta.it,503-881-4014,7158 Center Terrace,Portland,Oregon,United States
1470,Neille,Blackaby,nblackaby14t@example.com,518-302-2051,4532 Center Circle,Albany,New York,United States
1471,Elaina,Showen,eshowen14u@hostgator.com,405-825-5731,77112 Stoughton Parkway,Oklahoma City,Oklahoma,United States
1472,Loni,Cleworth,lcleworth14v@technorati.com,814-985-9711,2 Morningstar Place,Erie,Pennsylvania,United States
1473,Alanna,Rorke,arorke14w@oakley.com,706-482-2073,6 Arkansas Pass,Augusta,Georgia,United States
1474,Minette,Copplestone,mcopplestone14x@usnews.com,912-592-8282,4 Anhalt Court,Savannah,Georgia,United States
1475,Gabi,Leads,gleads14y@weebly.com,915-885-0587,5556 Pepper Wood Lane,El Paso,Texas,United States
1476,Hercule,Medlin,hmedlin14z@indiegogo.com,510-947-9840,939 Nelson Trail,Sacramento,California,United States
1477,Tate,Scarlon,tscarlon150@wikipedia.org,678-702-7779,5368 Acker Circle,Atlanta,Georgia,United States
1478,Brett,Strickler,bstrickler151@constantcontact.com,510-918-7117,3 Mockingbird Avenue,Oakland,California,United States
1479,Hoyt,Fullager,hfullager152@cbsnews.com,312-204-3547,99 Westport Drive,Chicago,Illinois,United States
1480,Katerina,Dyerson,kdyerson153@twitpic.com,253-228-5061,758 Mallory Crossing,Tacoma,Washington,United States
1481,Gothart,Kingdom,gkingdom154@google.com,314-931-2386,7106 Petterle Hill,Saint Louis,Missouri,United States
1482,Hally,Leasor,hleasor155@mapquest.com,313-615-8561,067 Almo Crossing,Detroit,Michigan,United States
1483,Alwin,Silcox,asilcox156@weibo.com,702-711-5590,21432 Cascade Center,Las Vegas,Nevada,United States
1484,Lesley,Woodthorpe,lwoodthorpe157@pcworld.com,415-461-9574,2122 Vidon Center,San Francisco,California,United States
1485,Shepard,Sackler,ssackler158@pagesperso-orange.fr,240-655-9176,7 Ilene Parkway,Bowie,Maryland,United States
1486,Lonnie,Gillum,lgillum159@columbia.edu,662-983-6581,324 Stone Corner Lane,Columbus,Mississippi,United States
1487,Marigold,Fitt,mfitt15a@theglobeandmail.com,903-485-3860,3587 Duke Plaza,Tyler,Texas,United States
1488,West,Ninnis,wninnis15b@vk.com,718-454-3827,138 Trailsway Street,Staten Island,New York,United States
1489,Alejoa,McFeate,amcfeate15c@dropbox.com,336-115-0509,54 Bunker Hill Junction,Winston Salem,North Carolina,United States
1490,Batsheva,Tims,btims15d@technorati.com,951-955-5088,411 Stuart Plaza,Moreno Valley,California,United States
1491,Aluin,Whorall,awhorall15e@scribd.com,636-877-0619,1272 Stephen Junction,Saint Louis,Missouri,United States
1492,Diannne,Jillis,djillis15f@hostgator.com,312-854-6180,0 Pierstorff Park,Chicago,Illinois,United States
1493,Carlie,Mapson,cmapson15g@dot.gov,434-152-7510,26 Bluejay Avenue,Lynchburg,Virginia,United States
1494,Gavra,Seabert,gseabert15h@twitpic.com,832-313-7052,3890 Maple Wood Parkway,Houston,Texas,United States
1495,Nicolis,Straughan,nstraughan15i@craigslist.org,813-203-3812,209 Ilene Court,Tampa,Florida,United States
1496,Lissa,Henderson,lhenderson15j@howstuffworks.com,318-732-6014,4 Pankratz Plaza,Shreveport,Louisiana,United States
1497,Con,Broyd,cbroyd15k@dell.com,404-665-0194,82 Mosinee Crossing,Atlanta,Georgia,United States
1498,Cecilio,Girardez,cgirardez15l@blinklist.com,469-633-8483,6 Carey Road,Plano,Texas,United States
1499,Ronnie,Dufour,rdufour15m@apple.com,509-855-0326,2 Holy Cross Way,Spokane,Washington,United States
1500,Lewie,Keenlayside,lkeenlayside15n@cdbaby.com,404-433-0817,86 Buena Vista Drive,Atlanta,Georgia,United States
1501,Currey,Marsay,cmarsay15o@hostgator.com,915-985-1310,9 Northwestern Drive,El Paso,Texas,United States
1502,Townsend,Dog,tdog15p@wsj.com,205-547-5008,7 Susan Trail,Birmingham,Alabama,United States
1503,Marcellus,Beche,mbeche15q@virginia.edu,213-660-3090,4 Artisan Parkway,Los Angeles,California,United States
1504,Ralf,Abell,rabell15r@creativecommons.org,571-538-4914,00382 Hauk Center,Sterling,Virginia,United States
1505,Parry,Klossek,pklossek15s@creativecommons.org,814-694-6212,452 Fairfield Parkway,Johnstown,Pennsylvania,United States
1506,Starr,Bernardes,sbernardes15t@jimdo.com,732-128-8271,9653 Huxley Center,New Brunswick,New Jersey,United States
1507,Gnni,Crellin,gcrellin15u@bandcamp.com,510-995-6533,8 Petterle Park,Berkeley,California,United States
1508,Davy,Sharper,dsharper15v@google.it,203-722-6844,81638 Fulton Circle,New Haven,Connecticut,United States
1509,Karoly,Klambt,kklambt15w@zimbio.com,212-749-1252,33432 Portage Park,Brooklyn,New York,United States
1510,Kristin,Crumley,kcrumley15x@xinhuanet.com,213-466-1113,98 Fair Oaks Point,North Hollywood,California,United States
1511,Sheila,Janowski,sjanowski15y@list-manage.com,480-446-1665,5 Dahle Terrace,Phoenix,Arizona,United States
1512,Garnet,McOmish,gmcomish15z@cornell.edu,702-440-2857,8923 Dahle Crossing,Las Vegas,Nevada,United States
1513,Robena,Cicerone,rcicerone160@answers.com,202-431-1568,02365 Haas Way,Washington,District of Columbia,United States
1514,Loutitia,Caldero,lcaldero161@sun.com,732-132-5446,22 Golden Leaf Way,New Brunswick,New Jersey,United States
1515,Roxy,Desforges,rdesforges162@hubpages.com,765-447-5386,0624 Crownhardt Point,Lafayette,Indiana,United States
1516,Zulema,Reeks,zreeks163@geocities.jp,915-671-3647,70 Porter Avenue,El Paso,Texas,United States
1517,Robby,Kenefick,rkenefick164@canalblog.com,804-388-5856,8 Moland Hill,Richmond,Virginia,United States
1518,Aurelea,Inston,ainston165@rakuten.co.jp,917-347-2954,97 Eastlawn Terrace,Jamaica,New York,United States
1519,Alister,Waiton,awaiton166@guardian.co.uk,336-216-0414,14 Lerdahl Avenue,Greensboro,North Carolina,United States
1520,Lotte,Gredden,lgredden167@omniture.com,727-460-6553,5502 Rieder Parkway,Saint Petersburg,Florida,United States
1521,Vinny,McGaughey,vmcgaughey168@networksolutions.com,718-101-6669,675 Continental Trail,Brooklyn,New York,United States
1522,Lenard,Jaggi,ljaggi169@nba.com,330-987-0548,36463 Maple Wood Circle,Akron,Ohio,United States
1523,Mommy,Henlon,mhenlon16a@china.com.cn,239-205-2270,8 Maple Trail,Naples,Florida,United States
1524,Joycelin,Sausman,jsausman16b@nhs.uk,251-455-6119,95958 Lerdahl Drive,Mobile,Alabama,United States
1525,Kinsley,Porkiss,kporkiss16c@jalbum.net,262-313-7245,7385 Iowa Parkway,Racine,Wisconsin,United States
1526,Sybilla,Yurocjkin,syurocjkin16d@weather.com,520-592-1747,8948 Center Way,Tucson,Arizona,United States
1527,Taber,Lanceter,tlanceter16e@techcrunch.com,901-973-9543,2 Memorial Crossing,Memphis,Tennessee,United States
1528,Tabby,Boik,tboik16f@bbc.co.uk,972-243-9208,486 Badeau Drive,Dallas,Texas,United States
1529,Benita,Astell,bastell16g@sun.com,937-838-9919,4 Sutteridge Pass,Dayton,Ohio,United States
1530,Pooh,Slowcock,pslowcock16h@naver.com,202-989-8654,76483 Del Sol Road,Washington,District of Columbia,United States
1531,Cathleen,Pietz,cpietz16i@reference.com,937-652-3837,730 Hooker Alley,Hamilton,Ohio,United States
1532,Lucho,Enrich,lenrich16j@slideshare.net,408-370-4618,394 Westerfield Junction,San Jose,California,United States
1533,Em,Yanyshev,eyanyshev16k@craigslist.org,540-297-0741,46 Anderson Plaza,Roanoke,Virginia,United States
1534,Shandie,Deme,sdeme16l@businessinsider.com,210-371-2902,8054 Novick Trail,San Antonio,Texas,United States
1535,Darrin,Brittles,dbrittles16m@hatena.ne.jp,215-357-8892,794 Dryden Park,Philadelphia,Pennsylvania,United States
1536,Kaspar,Marlowe,kmarlowe16n@elegantthemes.com,630-618-3070,5113 Brickson Park Junction,Naperville,Illinois,United States
1537,Dania,Wallicker,dwallicker16o@blogspot.com,619-251-4052,71 Daystar Circle,San Diego,California,United States
1538,Harriet,Lanigan,hlanigan16p@google.de,404-796-1279,83157 Blackbird Drive,Atlanta,Georgia,United States
1539,Eugenio,Dauby,edauby16q@redcross.org,806-913-8139,81843 Mcguire Street,Lubbock,Texas,United States
1540,Giuditta,Betke,gbetke16r@army.mil,314-533-9831,8716 Bobwhite Crossing,Saint Louis,Missouri,United States
1541,Glennis,Beaushaw,gbeaushaw16s@tumblr.com,205-581-5318,842 Heath Avenue,Tuscaloosa,Alabama,United States
1542,Addison,Snowling,asnowling16t@salon.com,706-594-4405,54347 Cherokee Lane,Cumming,Georgia,United States
1543,Arlyn,Blenkinship,ablenkinship16u@trellian.com,813-834-7936,05 Old Gate Drive,Clearwater,Florida,United States
1544,Jose,Jenton,jjenton16v@google.fr,810-386-9475,60 Jenna Way,Flint,Michigan,United States
1545,Valentine,Ballay,vballay16w@so-net.ne.jp,562-576-6442,71198 Kim Alley,Los Angeles,California,United States
1546,Chere,Hawk,chawk16x@theatlantic.com,763-396-1483,5 Kipling Place,Monticello,Minnesota,United States
1547,Tracy,Iston,tiston16y@wordpress.com,719-187-6897,8 Sloan Road,Colorado Springs,Colorado,United States
1548,Cari,Tonge,ctonge16z@com.com,719-247-8585,82 Sommers Point,Colorado Springs,Colorado,United States
1549,Rosco,Cavil,rcavil170@tamu.edu,405-617-3529,7 Waubesa Terrace,Oklahoma City,Oklahoma,United States
1550,Pepillo,Rearie,prearie171@umich.edu,513-136-2048,75123 Blue Bill Park Parkway,Cincinnati,Ohio,United States
1551,Jae,Root,jroot172@marriott.com,410-140-3705,3930 Holy Cross Trail,Baltimore,Maryland,United States
1552,Ruthie,Freezor,rfreezor173@comsenz.com,623-193-7381,5 Hoard Place,Phoenix,Arizona,United States
1553,Dreddy,Faithfull,dfaithfull174@businessinsider.com,630-214-9030,2 Pine View Point,Naperville,Illinois,United States
1554,Kerrill,Leborgne,kleborgne175@bloglovin.com,212-958-8097,6940 Hoffman Trail,New York City,New York,United States
1555,Edeline,Gooding,egooding176@virginia.edu,407-329-7242,59 Pawling Trail,Orlando,Florida,United States
1556,Reinhard,Droogan,rdroogan177@bizjournals.com,646-368-2250,97 Fulton Alley,New York City,New York,United States
1557,Jacobo,Olesen,jolesen178@ycombinator.com,405-820-8755,48 Melrose Court,Oklahoma City,Oklahoma,United States
1558,Akim,Payton,apayton179@comcast.net,305-103-8020,33250 Sommers Center,Miami,Florida,United States
1559,Slade,Brelsford,sbrelsford17a@tripadvisor.com,615-283-6885,3018 Kennedy Road,Nashville,Tennessee,United States
1560,Louella,Lemon,llemon17b@pbs.org,530-539-5399,75 Westerfield Street,South Lake Tahoe,California,United States
1561,Bibby,Frye,bfrye17c@hexun.com,202-795-0649,58 Mayer Terrace,Washington,District of Columbia,United States
1562,Wilek,Hansana,whansana17d@cargocollective.com,217-489-2803,3910 Delaware Point,Springfield,Illinois,United States
1563,Lissy,Doy,ldoy17e@sfgate.com,401-779-5452,77493 Brentwood Place,Providence,Rhode Island,United States
1564,Tierney,Poleykett,tpoleykett17f@google.com.br,508-759-0390,52083 Cody Alley,Worcester,Massachusetts,United States
1565,Caspar,Plascott,cplascott17g@behance.net,818-404-2850,20 Erie Point,North Hollywood,California,United States
1566,Stesha,Matthew,smatthew17h@wordpress.com,318-552-8939,2434 Portage Place,Shreveport,Louisiana,United States
1567,Sancho,Vigus,svigus17i@yandex.ru,717-281-3724,5 Cambridge Point,York,Pennsylvania,United States
1568,Beret,Emanueli,bemanueli17j@si.edu,704-991-8458,6 Northwestern Pass,Charlotte,North Carolina,United States
1569,Jeno,Routham,jroutham17k@techcrunch.com,904-502-7082,0 Moland Junction,Jacksonville,Florida,United States
1570,Redd,Lusher,rlusher17l@ted.com,909-806-1292,67193 Bluejay Alley,San Bernardino,California,United States
1571,Adelheid,Dalligan,adalligan17m@seesaa.net,209-514-5888,0 Dottie Court,Hayward,California,United States
1572,Kizzee,Burney,kburney17n@princeton.edu,619-529-1433,709 3rd Pass,San Diego,California,United States
1573,Mahmoud,Strangman,mstrangman17o@clickbank.net,515-894-4471,5054 Stephen Hill,Des Moines,Iowa,United States
1574,Merralee,Samter,msamter17p@ucla.edu,419-556-9915,1765 Brentwood Point,Toledo,Ohio,United States
1575,Tilly,Airdrie,tairdrie17q@tmall.com,520-985-8086,02 Quincy Street,Tucson,Arizona,United States
1576,Auguste,Benduhn,abenduhn17r@bloomberg.com,361-755-4599,1 Pine View Hill,Corpus Christi,Texas,United States
1577,Nehemiah,Arnley,narnley17s@technorati.com,804-867-5045,87 Green Ridge Avenue,Richmond,Virginia,United States
1578,Marja,Matoshin,mmatoshin17t@blogger.com,954-774-3861,6 Stoughton Drive,Orlando,Florida,United States
1579,Phedra,Dulwitch,pdulwitch17u@ibm.com,928-981-2129,975 Texas Junction,Prescott,Arizona,United States
1580,Lyell,Crabtree,lcrabtree17v@nationalgeographic.com,859-709-7533,73 Oriole Avenue,Lexington,Kentucky,United States
1581,Aldus,Reyburn,areyburn17w@eventbrite.com,915-603-2657,01 Jackson Avenue,El Paso,Texas,United States
1582,Nickola,Seath,nseath17x@geocities.com,303-471-1457,4 Moland Parkway,Boulder,Colorado,United States
1583,Kym,Josse,kjosse17y@mapy.cz,402-816-8552,062 Kennedy Road,Omaha,Nebraska,United States
1584,Rachael,Wakely,rwakely17z@icq.com,239-822-1225,8 Ridgeview Point,Cape Coral,Florida,United States
1585,Gerard,Oxer,goxer180@examiner.com,414-412-0145,51276 Forster Hill,Milwaukee,Wisconsin,United States
1586,Bobby,Heimes,bheimes181@indiatimes.com,512-135-0119,2774 Del Sol Parkway,Round Rock,Texas,United States
1587,Roger,Singyard,rsingyard182@163.com,513-113-1031,666 Sheridan Road,Cincinnati,Ohio,United States
1588,Blanche,Zoppie,bzoppie183@addtoany.com,202-610-8734,65568 Aberg Avenue,Washington,District of Columbia,United States
1589,Araldo,Dimitrov,adimitrov184@ehow.com,952-314-3841,955 Golden Leaf Crossing,Maple Plain,Minnesota,United States
1590,Early,Lamartine,elamartine185@pcworld.com,215-396-4571,57934 Moose Court,Philadelphia,Pennsylvania,United States
1591,Arline,Lafford,alafford186@google.es,573-945-1617,801 Maple Wood Trail,Columbia,Missouri,United States
1592,Celine,Zaniolo,czaniolo187@soup.io,754-158-2703,470 Warbler Plaza,Fort Lauderdale,Florida,United States
1593,Ermin,Joint,ejoint188@infoseek.co.jp,757-120-0905,45 Corry Street,Newport News,Virginia,United States
1594,Perle,Troppmann,ptroppmann189@reuters.com,202-143-5777,4880 Memorial Point,Washington,District of Columbia,United States
1595,Delia,Solly,dsolly18a@phoca.cz,612-579-1030,38156 Magdeline Lane,Minneapolis,Minnesota,United States
1596,Tiphanie,Gemeau,tgemeau18b@theatlantic.com,706-887-1907,022 Gina Avenue,Augusta,Georgia,United States
1597,Enriqueta,Mallard,emallard18c@imageshack.us,405-512-1722,37198 Crownhardt Street,Oklahoma City,Oklahoma,United States
1598,Leodora,Oxborough,loxborough18d@printfriendly.com,408-799-1886,72 Surrey Trail,San Jose,California,United States
1599,Holly,Kingswood,hkingswood18e@indiatimes.com,713-303-3156,09766 Sycamore Park,Houston,Texas,United States
1600,Brittany,Robberts,brobberts18f@unc.edu,407-159-4907,115 Sutherland Alley,Orlando,Florida,United States
1601,Tawnya,Bilbey,tbilbey18g@icq.com,303-551-2233,2 Lakewood Gardens Parkway,Denver,Colorado,United States
1602,Belva,Izakson,bizakson18h@yandex.ru,352-852-5277,85887 Londonderry Point,Brooksville,Florida,United States
1603,Dorothy,Kewzick,dkewzick18i@paginegialle.it,724-357-7113,0706 Memorial Parkway,New Castle,Pennsylvania,United States
1604,Henrietta,Brassill,hbrassill18j@nasa.gov,712-348-4955,719 Oxford Alley,Sioux City,Iowa,United States
1605,Benedict,Lochead,blochead18k@ycombinator.com,518-935-6930,51 Donald Parkway,Albany,New York,United States
1606,Hamlin,Miskelly,hmiskelly18l@imdb.com,702-586-2849,9970 Rowland Trail,Santa Barbara,California,United States
1607,Ezmeralda,Aloshikin,ealoshikin18m@umn.edu,661-830-3372,1021 Jenna Street,Lancaster,California,United States
1608,Stesha,Antosch,santosch18n@dropbox.com,561-416-5773,18 Anthes Center,Lake Worth,Florida,United States
1609,Richard,Rittelmeyer,rrittelmeyer18o@illinois.edu,908-355-4370,17 Duke Park,Elizabeth,New Jersey,United States
1610,Lari,Kearford,lkearford18p@tripod.com,202-372-1108,68817 Melby Park,Washington,District of Columbia,United States
1611,Courtenay,Carter,ccarter18q@thetimes.co.uk,612-232-8761,1461 Bayside Hill,Minneapolis,Minnesota,United States
1612,Janith,Hillum,jhillum18r@a8.net,412-822-8951,5 Milwaukee Plaza,Pittsburgh,Pennsylvania,United States
1613,Gail,Creamen,gcreamen18s@eventbrite.com,717-144-9000,44290 Rowland Hill,Harrisburg,Pennsylvania,United States
1614,Bernelle,Ducker,bducker18t@sun.com,815-601-7163,754 Walton Court,Rockford,Illinois,United States
1615,Freeman,Tibb,ftibb18u@cocolog-nifty.com,816-966-7239,05 Memorial Alley,Kansas City,Missouri,United States
1616,Terri,Windley,twindley18v@infoseek.co.jp,281-793-9459,175 Oxford Road,Houston,Texas,United States
1617,Arel,Bricknell,abricknell18w@ustream.tv,434-879-5526,497 Nelson Point,Lynchburg,Virginia,United States
1618,Silas,Stockton,sstockton18x@nih.gov,202-773-0714,5807 Petterle Pass,Washington,District of Columbia,United States
1619,Mariel,Fyall,mfyall18y@sina.com.cn,918-184-0450,45 Gateway Alley,Tulsa,Oklahoma,United States
1620,Kris,Bourdice,kbourdice18z@wordpress.com,240-349-3993,570 Springs Way,Rockville,Maryland,United States
1621,Merv,Chittenden,mchittenden190@liveinternet.ru,202-649-0266,9 Carey Center,Washington,District of Columbia,United States
1622,Flory,Sawney,fsawney191@sbwire.com,754-278-3428,114 Waubesa Avenue,Fort Lauderdale,Florida,United States
1623,Brande,Swiffen,bswiffen192@bigcartel.com,724-204-8030,5135 Manitowish Place,Pittsburgh,Pennsylvania,United States
1624,Kirsteni,Burgne,kburgne193@salon.com,571-365-0557,30 Anderson Avenue,Arlington,Virginia,United States
1625,Colin,Yeulet,cyeulet194@marriott.com,214-920-9017,6914 Linden Junction,Dallas,Texas,United States
1626,Carina,Found,cfound195@wikia.com,217-597-1405,8 Stang Road,Springfield,Illinois,United States
1627,Marcelline,Flindall,mflindall196@slate.com,409-145-3991,3654 Emmet Court,Beaumont,Texas,United States
1628,Henrie,Weigh,hweigh197@washingtonpost.com,623-879-5763,8 Havey Parkway,Phoenix,Arizona,United States
1629,Geoff,Kruger,gkruger198@jimdo.com,402-530-0550,16938 Mcbride Street,Lincoln,Nebraska,United States
1630,Perceval,Dollard,pdollard199@opera.com,808-228-3837,7 Oxford Park,Honolulu,Hawaii,United States
1631,Say,Harnell,sharnell19a@mit.edu,432-644-7845,4 Oak Court,Midland,Texas,United States
1632,Wilmer,Sterre,wsterre19b@slate.com,919-866-1424,71789 Badeau Center,Raleigh,North Carolina,United States
1633,Lyn,Flowerdew,lflowerdew19c@irs.gov,515-848-5823,1990 Banding Lane,Des Moines,Iowa,United States
1634,De witt,Rattray,drattray19d@wordpress.org,319-505-4692,1 Bunker Hill Avenue,Cedar Rapids,Iowa,United States
1635,Gretchen,Poulter,gpoulter19e@globo.com,281-604-7626,3435 Birchwood Place,Houston,Texas,United States
1636,Miguela,Elliker,melliker19f@bbb.org,608-701-9287,7259 Village Green Crossing,Madison,Wisconsin,United States
1637,Burnaby,Bazylets,bbazylets19g@phpbb.com,916-482-7271,90 Havey Alley,Sacramento,California,United States
1638,Krissie,Schleicher,kschleicher19h@examiner.com,816-142-8995,35 Corben Parkway,Lees Summit,Missouri,United States
1639,Bord,Rasp,brasp19i@google.es,360-574-1713,29 Glendale Circle,Vancouver,Washington,United States
1640,Bronny,Ricart,bricart19j@woothemes.com,786-531-8609,62 Tony Road,Homestead,Florida,United States
1641,Orlando,MacGillavery,omacgillavery19k@time.com,651-294-9343,87499 Main Point,Minneapolis,Minnesota,United States
1642,Marcelle,Ringer,mringer19l@nasa.gov,208-567-3343,76655 Cardinal Terrace,Boise,Idaho,United States
1643,Mollee,Ollie,mollie19m@drupal.org,404-887-3704,74 Washington Junction,Gainesville,Georgia,United States
1644,Bradley,Burnage,bburnage19n@newyorker.com,706-510-3085,72070 Reinke Place,Columbus,Georgia,United States
1645,Rex,Migheli,rmigheli19o@blogs.com,615-333-5237,787 Westport Way,Nashville,Tennessee,United States
1646,Alice,Booth-Jarvis,aboothjarvis19p@so-net.ne.jp,918-874-2051,6 Messerschmidt Pass,Tulsa,Oklahoma,United States
1647,Arlin,Juste,ajuste19q@weather.com,901-273-9237,3817 Monterey Drive,Memphis,Tennessee,United States
1648,Fabe,Youings,fyouings19r@cbsnews.com,505-822-1371,20 Westport Junction,Albuquerque,New Mexico,United States
1649,Jeanie,Icke,jicke19s@marketwatch.com,757-629-3574,7663 Northview Point,Norfolk,Virginia,United States
1650,Hattie,Pollins,hpollins19t@imgur.com,702-783-7555,9 Dottie Way,Las Vegas,Nevada,United States
1651,Dud,McBayne,dmcbayne19u@tumblr.com,615-210-0377,623 Charing Cross Way,Nashville,Tennessee,United States
1652,Buddie,Gaitskill,bgaitskill19v@who.int,407-731-6855,6326 Onsgard Park,Orlando,Florida,United States
1653,Joe,Artingstall,jartingstall19w@columbia.edu,520-763-0855,9949 Hollow Ridge Court,Tucson,Arizona,United States
1654,Remington,Glyne,rglyne19x@newyorker.com,513-238-0340,618 Superior Court,Cincinnati,Ohio,United States
1655,Fanechka,Dumphry,fdumphry19y@paypal.com,301-735-5060,86 Banding Parkway,Rockville,Maryland,United States
1656,Minnnie,Bernardeschi,mbernardeschi19z@mozilla.com,719-396-2470,87 Clarendon Circle,Colorado Springs,Colorado,United States
1657,Ines,Walkley,iwalkley1a0@columbia.edu,785-915-2705,8832 Corry Point,Topeka,Kansas,United States
1658,Merl,Guenther,mguenther1a1@liveinternet.ru,719-865-7566,19306 Haas Street,Colorado Springs,Colorado,United States
1659,Whit,Silmon,wsilmon1a2@patch.com,334-905-5651,87601 Hanson Plaza,Montgomery,Alabama,United States
1660,Christian,Undrill,cundrill1a3@tamu.edu,808-867-7437,1133 Reinke Junction,Honolulu,Hawaii,United States
1661,Lisa,Cordingley,lcordingley1a4@bing.com,501-344-6753,08713 Welch Plaza,Hot Springs National Park,Arkansas,United States
1662,Arda,Smouten,asmouten1a5@cdbaby.com,304-285-8668,07475 Wayridge Center,Huntington,West Virginia,United States
1663,Harlen,Merchant,hmerchant1a6@irs.gov,312-357-2605,5 Monica Avenue,Chicago,Illinois,United States
1664,Glenna,Wimlett,gwimlett1a7@tripadvisor.com,410-781-2762,7593 Schmedeman Street,Baltimore,Maryland,United States
1665,Edi,Kynett,ekynett1a8@live.com,405-248-6279,98 Mosinee Avenue,Oklahoma City,Oklahoma,United States
1666,Tate,Sallowaye,tsallowaye1a9@w3.org,210-992-4322,0 Gerald Place,San Antonio,Texas,United States
1667,Pierette,Wilfing,pwilfing1aa@patch.com,304-647-2400,26 Ronald Regan Place,Charleston,West Virginia,United States
1668,Roxie,Petrina,rpetrina1ab@sphinn.com,602-545-2408,84 Mosinee Street,Phoenix,Arizona,United States
1669,Oran,Cail,ocail1ac@joomla.org,940-928-0127,09906 Northwestern Point,Wichita Falls,Texas,United States
1670,Opaline,Ryott,oryott1ad@shop-pro.jp,336-934-4459,32 Havey Terrace,Greensboro,North Carolina,United States
1671,Caprice,Matys,cmatys1ae@vkontakte.ru,208-881-6742,1889 Heffernan Crossing,Boise,Idaho,United States
1672,Miquela,Esgate,mesgate1af@fema.gov,206-396-1802,8633 Ridgeway Lane,Seattle,Washington,United States
1673,Janeen,Osboldstone,josboldstone1ag@youtu.be,314-474-1748,7 Green Hill,Saint Louis,Missouri,United States
1674,Tiffi,Delleschi,tdelleschi1ah@shutterfly.com,215-962-5287,4 Eastlawn Court,Philadelphia,Pennsylvania,United States
1675,Christyna,Hardway,chardway1ai@360.cn,651-694-9688,74249 Tony Parkway,Saint Paul,Minnesota,United States
1676,Bartholomeus,Lamberti,blamberti1aj@smh.com.au,954-650-5229,89484 Ridge Oak Parkway,Orlando,Florida,United States
1677,Hyacinthie,Weekes,hweekes1ak@miibeian.gov.cn,217-496-1940,0061 Artisan Way,Decatur,Illinois,United States
1678,Dexter,Lumox,dlumox1al@facebook.com,267-618-7086,0772 Coolidge Road,Bethlehem,Pennsylvania,United States
1679,Lulu,Franz,lfranz1am@ihg.com,832-873-8066,03526 Manitowish Court,Houston,Texas,United States
1680,Jodie,Coyle,jcoyle1an@xrea.com,518-219-1275,0119 Center Center,Albany,New York,United States
1681,Sallyann,Shimmings,sshimmings1ao@statcounter.com,419-985-8470,31 Prairieview Avenue,Toledo,Ohio,United States
1682,Olivier,Knight,oknight1ap@themeforest.net,734-780-9186,9 Ramsey Drive,Ann Arbor,Michigan,United States
1683,Alley,Dyka,adyka1aq@mozilla.org,505-319-3412,39481 Monument Hill,Albuquerque,New Mexico,United States
1684,Annis,Brounsell,abrounsell1ar@wp.com,314-797-6668,0 Granby Place,Saint Louis,Missouri,United States
1685,Eli,Mcsarry,emcsarry1as@springer.com,810-476-9126,16261 Loeprich Center,Flint,Michigan,United States
1686,Aleece,Biddleston,abiddleston1at@creativecommons.org,803-532-0567,29 John Wall Junction,Columbia,South Carolina,United States
1687,Florentia,Langham,flangham1au@seesaa.net,267-158-4775,7472 Anniversary Drive,Philadelphia,Pennsylvania,United States
1688,Leopold,Gladdor,lgladdor1av@spiegel.de,623-740-9009,7151 Sheridan Lane,Scottsdale,Arizona,United States
1689,Lothaire,Bromige,lbromige1aw@ucoz.ru,832-123-3050,39 Granby Pass,Katy,Texas,United States
1690,Terrance,Housego,thousego1ax@comsenz.com,509-518-0509,02 Eastlawn Road,Spokane,Washington,United States
1691,Evelyn,Iacoviello,eiacoviello1ay@nature.com,720-813-7093,531 Mendota Court,Boulder,Colorado,United States
1692,Ailey,Elbourne,aelbourne1az@cornell.edu,803-419-1449,07 High Crossing Trail,Columbia,South Carolina,United States
1693,Myrtia,Duggen,mduggen1b0@baidu.com,202-294-7159,030 Spohn Street,Washington,District of Columbia,United States
1694,Basilius,Endle,bendle1b1@alexa.com,571-289-2492,193 Golf View Plaza,Arlington,Virginia,United States
1695,Maribelle,Beseke,mbeseke1b2@google.com.hk,405-665-3364,9 Mayer Street,Oklahoma City,Oklahoma,United States
1696,Madonna,Wass,mwass1b3@ucla.edu,518-206-4322,7 Shasta Place,Albany,New York,United States
1697,Patin,Stansbury,pstansbury1b4@odnoklassniki.ru,856-918-2094,5683 Esch Junction,Camden,New Jersey,United States
1698,Lauren,Marshland,lmarshland1b5@theatlantic.com,404-342-3322,78423 Waxwing Way,Atlanta,Georgia,United States
1699,Fraser,Pellett,fpellett1b6@toplist.cz,215-779-0268,9558 Sauthoff Avenue,Philadelphia,Pennsylvania,United States
1700,Gerard,Simond,gsimond1b7@cloudflare.com,952-969-8381,90649 Nevada Alley,Young America,Minnesota,United States
1701,Ammamaria,Muzzini,amuzzini1b8@blogspot.com,850-766-4004,24 Boyd Court,Pinellas Park,Florida,United States
1702,Chelsy,Crate,ccrate1b9@purevolume.com,904-321-7865,59 Alpine Alley,Saint Augustine,Florida,United States
1703,Brendon,Fearnall,bfearnall1ba@salon.com,251-946-3900,53 Riverside Pass,Mobile,Alabama,United States
1704,Nadia,Bycraft,nbycraft1bb@nature.com,256-859-3416,15962 Claremont Plaza,Gadsden,Alabama,United States
1705,Almeda,De Bellis,adebellis1bc@meetup.com,713-110-1593,8 Lillian Street,Humble,Texas,United States
1706,Puff,Yeowell,pyeowell1bd@fda.gov,646-945-7189,47 Jackson Parkway,New York City,New York,United States
1707,Chan,O'Daly,codaly1be@slideshare.net,718-493-4699,99 Goodland Place,Staten Island,New York,United States
1708,Maible,Braganza,mbraganza1bf@ftc.gov,516-767-2467,82013 Veith Place,Great Neck,New York,United States
1709,Marion,Zealy,mzealy1bg@geocities.jp,202-557-3634,8836 Luster Hill,Silver Spring,Maryland,United States
1710,Raine,Lang,rlang1bh@sciencedirect.com,714-873-7780,068 Sheridan Court,Garden Grove,California,United States
1711,Omero,Bernardotte,obernardotte1bi@wikimedia.org,626-836-5729,5 Petterle Road,Los Angeles,California,United States
1712,Falkner,Gunny,fgunny1bj@yolasite.com,719-267-5025,677 Scofield Hill,Colorado Springs,Colorado,United States
1713,Melisandra,Yerrill,myerrill1bk@indiegogo.com,917-520-5725,0670 Porter Point,New York City,New York,United States
1714,Lacey,Holehouse,lholehouse1bl@gnu.org,407-876-9305,4 Charing Cross Parkway,Orlando,Florida,United States
1715,Bearnard,Luff,bluff1bm@cbslocal.com,337-441-1377,69897 Armistice Hill,Lake Charles,Louisiana,United States
1716,Eddy,Danahar,edanahar1bn@networkadvertising.org,216-338-5912,69 Melvin Court,Cleveland,Ohio,United States
1717,Norry,Wickham,nwickham1bo@hao123.com,304-442-8551,1 Stephen Alley,Huntington,West Virginia,United States
1718,Giacomo,Fernandez,gfernandez1bp@google.co.uk,804-137-6029,043 Helena Street,Richmond,Virginia,United States
1719,Farrand,Radenhurst,fradenhurst1bq@w3.org,505-584-9402,48 Acker Junction,Albuquerque,New Mexico,United States
1720,Desdemona,Oglevie,doglevie1br@illinois.edu,512-274-3219,78 Kipling Park,Austin,Texas,United States
1721,Wynny,Butfield,wbutfield1bs@networksolutions.com,702-346-1091,6104 Dexter Park,Las Vegas,Nevada,United States
1722,Conroy,Palfery,cpalfery1bt@rambler.ru,731-442-5276,48413 Forest Dale Trail,Jackson,Tennessee,United States
1723,Lemmie,Frangione,lfrangione1bu@digg.com,718-769-3724,3 Schmedeman Terrace,Bronx,New York,United States
1724,Koralle,Demicoli,kdemicoli1bv@chron.com,304-942-8416,73 Manufacturers Alley,Huntington,West Virginia,United States
1725,Joseph,Drakers,jdrakers1bw@delicious.com,702-347-3572,35643 Scofield Drive,Las Vegas,Nevada,United States
1726,Meryl,Kohrding,mkohrding1bx@shop-pro.jp,402-956-0990,828 Kedzie Hill,Lincoln,Nebraska,United States
1727,Emelda,Kleehuhler,ekleehuhler1by@imdb.com,602-883-6652,618 High Crossing Plaza,Phoenix,Arizona,United States
1728,Eugenio,Fawdery,efawdery1bz@networksolutions.com,951-424-4849,926 Glacier Hill Avenue,Corona,California,United States
1729,Ethelin,Banbury,ebanbury1c0@wsj.com,502-597-1816,45 Dottie Crossing,Louisville,Kentucky,United States
1730,Georgianne,Scorton,gscorton1c1@discovery.com,616-223-8101,3 Brentwood Place,Grand Rapids,Michigan,United States
1731,Kacie,Sheircliffe,ksheircliffe1c2@china.com.cn,915-141-8340,9 Bellgrove Plaza,El Paso,Texas,United States
1732,Edee,Groombridge,egroombridge1c3@businesswire.com,507-192-4580,144 Maryland Crossing,Rochester,Minnesota,United States
1733,Antonino,Cattermoul,acattermoul1c4@google.co.uk,816-836-5165,916 Monica Parkway,Lees Summit,Missouri,United States
1734,Melloney,Eglinton,meglinton1c5@odnoklassniki.ru,702-192-0735,8 Westend Court,Las Vegas,Nevada,United States
1735,Francyne,Damato,fdamato1c6@apple.com,816-141-7454,27094 Esch Court,Kansas City,Kansas,United States
1736,Tuck,McIlvaney,tmcilvaney1c7@dmoz.org,504-428-6119,241 Almo Plaza,New Orleans,Louisiana,United States
1737,Ermina,Twinbrow,etwinbrow1c8@aboutads.info,434-203-8206,20 Dovetail Pass,Charlottesville,Virginia,United States
1738,Starr,Bossingham,sbossingham1c9@blogs.com,334-256-1356,2 Sunbrook Drive,Montgomery,Alabama,United States
1739,Krista,Chappelow,kchappelow1ca@wikimedia.org,651-939-7177,97409 Spohn Drive,Minneapolis,Minnesota,United States
1740,Nollie,Muat,nmuat1cb@eventbrite.com,206-643-6299,3 Judy Road,Seattle,Washington,United States
1741,Ludwig,Meiner,lmeiner1cc@addthis.com,225-936-1152,4 Spohn Drive,Baton Rouge,Louisiana,United States
1742,Gina,Bevington,gbevington1cd@so-net.ne.jp,678-225-8142,620 Hanover Hill,Atlanta,Georgia,United States
1743,Kasper,Hrishchenko,khrishchenko1ce@over-blog.com,719-408-1923,501 Oak Center,Colorado Springs,Colorado,United States
1744,Bevvy,Domoney,bdomoney1cf@umn.edu,312-956-3046,789 Marcy Court,Chicago,Illinois,United States
1745,Violante,Maidens,vmaidens1cg@weebly.com,586-325-1450,9653 Oriole Hill,Warren,Michigan,United States
1746,Michaelina,Buchett,mbuchett1ch@themeforest.net,502-572-3913,4182 Chinook Crossing,Louisville,Kentucky,United States
1747,Robinet,Shanklin,rshanklin1ci@jiathis.com,347-615-0049,859 Pawling Center,New York City,New York,United States
1748,Tan,Merriment,tmerriment1cj@accuweather.com,410-421-6562,86 Everett Center,Baltimore,Maryland,United States
1749,Ramsey,Rizzardo,rrizzardo1ck@vk.com,518-186-3989,4 Anthes Hill,Schenectady,New York,United States
1750,Sloane,Lantiff,slantiff1cl@delicious.com,509-768-9654,7786 East Avenue,Spokane,Washington,United States
1751,Sydel,Churchlow,schurchlow1cm@mysql.com,707-760-4264,7195 American Ash Point,Santa Rosa,California,United States
1752,Sonia,McOnie,smconie1cn@phpbb.com,202-797-8145,7 Rusk Drive,Washington,District of Columbia,United States
1753,Izak,Pantin,ipantin1co@ustream.tv,512-238-0471,77 Lakewood Gardens Circle,Austin,Texas,United States
1754,Fletch,Cuffin,fcuffin1cp@weather.com,812-232-1872,501 Kedzie Alley,Jeffersonville,Indiana,United States
1755,Verina,Sandiland,vsandiland1cq@thetimes.co.uk,619-586-4451,0765 Delaware Drive,San Diego,California,United States
1756,Worthington,Macieiczyk,wmacieiczyk1cr@telegraph.co.uk,916-507-1264,209 Bobwhite Pass,Sacramento,California,United States
1757,Noel,Coyett,ncoyett1cs@bizjournals.com,804-221-9287,70 Tennessee Avenue,Richmond,Virginia,United States
1758,Norrie,McCloughlin,nmccloughlin1ct@paginegialle.it,203-730-4092,0791 Erie Court,Danbury,Connecticut,United States
1759,Eolande,Eccott,eeccott1cu@nbcnews.com,304-143-8646,69235 American Ash Terrace,Huntington,West Virginia,United States
1760,Kaitlyn,Attwood,kattwood1cv@yandex.ru,562-301-8563,892 Stuart Alley,Whittier,California,United States
1761,Ines,Pattisson,ipattisson1cw@aol.com,505-838-5104,8 Moland Alley,Las Cruces,New Mexico,United States
1762,Almeria,Jadczak,ajadczak1cx@ezinearticles.com,304-671-2109,724 Atwood Pass,Huntington,West Virginia,United States
1763,Oates,Le Sarr,olesarr1cy@rambler.ru,786-334-2570,642 Beilfuss Park,Miami,Florida,United States
1764,Micheal,Yate,myate1cz@example.com,352-450-3159,22135 Sauthoff Place,Gainesville,Florida,United States
1765,Cody,Schechter,cschechter1d0@si.edu,518-381-5771,7 Darwin Lane,Schenectady,New York,United States
1766,Temp,Blackall,tblackall1d1@blog.com,212-117-7926,12 Sauthoff Crossing,New York City,New York,United States
1767,Gabriela,Tuft,gtuft1d2@goodreads.com,334-636-2297,844 Arrowood Drive,Montgomery,Alabama,United States
1768,Arnuad,Stellino,astellino1d3@histats.com,706-725-6634,086 Linden Avenue,Athens,Georgia,United States
1769,Earle,Mayhow,emayhow1d4@webs.com,843-411-4563,095 Waubesa Hill,Charleston,South Carolina,United States
1770,Layla,Halsey,lhalsey1d5@amazon.com,949-176-2954,711 South Court,Santa Clara,California,United States
1771,Rafaelita,Lighton,rlighton1d6@wikia.com,904-980-4340,500 Corben Court,Jacksonville,Florida,United States
1772,Bren,Strettle,bstrettle1d7@ezinearticles.com,714-256-4709,6986 Sunfield Crossing,Los Angeles,California,United States
1773,Constantino,Mansfield,cmansfield1d8@lycos.com,859-422-0859,3 Jay Drive,Lexington,Kentucky,United States
1774,Hildegaard,Caiger,hcaiger1d9@cnbc.com,804-547-8973,80 Lyons Terrace,Richmond,Virginia,United States
1775,Annemarie,Dossetter,adossetter1da@surveymonkey.com,360-634-7826,1 Del Mar Road,Olympia,Washington,United States
1776,Margie,Rossi,mrossi1db@yahoo.co.jp,214-213-7713,25 Declaration Way,Dallas,Texas,United States
1777,Payton,Gwalter,pgwalter1dc@usda.gov,915-897-8949,351 Debs Hill,El Paso,Texas,United States
1778,Ollie,Raycroft,oraycroft1dd@psu.edu,818-269-1312,2 Vera Parkway,North Hollywood,California,United States
1779,Janette,Iremonger,jiremonger1de@theguardian.com,718-355-4135,938 Hazelcrest Drive,Brooklyn,New York,United States
1780,Wain,Brashier,wbrashier1df@msu.edu,303-794-0199,91 Summerview Drive,Denver,Colorado,United States
1781,Jamie,Matevosian,jmatevosian1dg@nsw.gov.au,417-353-5985,9 Claremont Drive,Springfield,Missouri,United States
1782,Gaylene,Haine,ghaine1dh@sciencedaily.com,661-294-9326,05477 Sutteridge Circle,Lancaster,California,United States
1783,Binny,Dixey,bdixey1di@typepad.com,719-742-8637,8622 Helena Road,Colorado Springs,Colorado,United States
1784,Jamie,Daws,jdaws1dj@shop-pro.jp,785-100-6079,4668 Oakridge Place,Topeka,Kansas,United States
1785,Nathalie,Bliben,nbliben1dk@disqus.com,815-458-6549,04028 Elgar Terrace,Joliet,Illinois,United States
1786,Otis,Wakely,owakely1dl@tamu.edu,785-832-4444,08799 Canary Alley,Topeka,Kansas,United States
1787,Silva,Semonin,ssemonin1dm@dedecms.com,702-731-4227,785 Autumn Leaf Way,Las Vegas,Nevada,United States
1788,Nanete,Pimblotte,npimblotte1dn@goo.ne.jp,617-884-2023,5 Bluejay Plaza,Boston,Massachusetts,United States
1789,Solly,Martugin,smartugin1do@furl.net,623-260-7250,9 Tony Court,Glendale,Arizona,United States
1790,Meredithe,McWhinnie,mmcwhinnie1dp@japanpost.jp,317-325-7310,4 Arrowood Park,Indianapolis,Indiana,United States
1791,Stanislaw,Burtt,sburtt1dq@cbslocal.com,952-884-4260,523 Pennsylvania Lane,Saint Paul,Minnesota,United States
1792,Kristin,Khrishtafovich,kkhrishtafovich1dr@moonfruit.com,770-803-6166,98130 Hagan Plaza,Gainesville,Georgia,United States
1793,Bernadette,De la Barre,bdelabarre1ds@gmpg.org,757-374-5400,93620 Randy Center,Newport News,Virginia,United States
1794,Gerik,Lilie,glilie1dt@usda.gov,971-786-7466,7266 Sullivan Junction,Portland,Oregon,United States
1795,Emelina,Geraldo,egeraldo1du@rakuten.co.jp,334-589-4119,26930 Melody Way,Montgomery,Alabama,United States
1796,Francisco,Ronisch,fronisch1dv@pinterest.com,571-761-6035,189 Heffernan Street,Alexandria,Virginia,United States
1797,Ardelia,Barstowk,abarstowk1dw@shutterfly.com,614-831-7969,8841 Ridgeview Way,Columbus,Ohio,United States
1798,Archibaldo,Robinette,arobinette1dx@stumbleupon.com,808-352-6649,249 School Circle,Honolulu,Hawaii,United States
1799,Bee,Tunnoch,btunnoch1dy@nba.com,860-721-8387,0 Sachtjen Park,Hartford,Connecticut,United States
1800,Melessa,Swindall,mswindall1dz@amazon.de,865-672-2415,93228 Green Ridge Pass,Knoxville,Tennessee,United States
1801,Auberon,Mantripp,amantripp1e0@princeton.edu,323-285-3144,6 Lighthouse Bay Plaza,Los Angeles,California,United States
1802,Gabi,Freen,gfreen1e1@creativecommons.org,502-697-5029,19 Delaware Drive,Louisville,Kentucky,United States
1803,Sibyl,D'Oyley,sdoyley1e2@livejournal.com,816-494-0123,09 Fair Oaks Way,Kansas City,Missouri,United States
1804,Dalt,Petow,dpetow1e3@patch.com,501-606-4742,42881 Superior Junction,North Little Rock,Arkansas,United States
1805,Iorgo,Alwin,ialwin1e4@dot.gov,785-988-2395,9094 Washington Circle,Topeka,Kansas,United States
1806,Hedi,Sandal,hsandal1e5@edublogs.org,402-679-9316,030 Declaration Plaza,Omaha,Nebraska,United States
1807,Jessi,McKaile,jmckaile1e6@macromedia.com,206-978-4139,20 Daystar Lane,Seattle,Washington,United States
1808,Lia,Lackner,llackner1e7@google.es,727-512-3373,8957 Esker Park,Clearwater,Florida,United States
1809,Mara,Bellino,mbellino1e8@statcounter.com,701-643-5661,587 Service Road,Fargo,North Dakota,United States
1810,Tiffie,Mound,tmound1e9@cornell.edu,305-184-6226,19 Vermont Crossing,Hollywood,Florida,United States
1811,Julianna,Dobson,jdobson1ea@51.la,785-152-8452,1 Shasta Trail,Topeka,Kansas,United States
1812,Nikoletta,Davinet,ndavinet1eb@businessweek.com,786-301-8150,82 Memorial Hill,Miami,Florida,United States
1813,Marybeth,Jacques,mjacques1ec@topsy.com,303-544-3018,142 Rutledge Road,Denver,Colorado,United States
1814,Kendell,Gascoigne,kgascoigne1ed@people.com.cn,702-247-7390,7 Nova Road,Las Vegas,Nevada,United States
1815,Romy,Belderson,rbelderson1ee@auda.org.au,828-824-4827,6 Summer Ridge Hill,Asheville,North Carolina,United States
1816,Donn,Jelfs,djelfs1ef@nifty.com,727-583-5095,6 Florence Point,Clearwater,Florida,United States
1817,Niki,Ripping,nripping1eg@google.co.uk,706-982-3252,24200 Jay Place,Columbus,Georgia,United States
1818,Caesar,Dilke,cdilke1eh@google.ca,651-638-9135,6259 Derek Drive,Minneapolis,Minnesota,United States
1819,Rosabel,Breitling,rbreitling1ei@pinterest.com,360-828-9973,96856 Declaration Avenue,Vancouver,Washington,United States
1820,Richy,Czajkowska,rczajkowska1ej@slate.com,904-515-8134,2 Ronald Regan Trail,Jacksonville,Florida,United States
1821,Pammi,Shillum,pshillum1ek@msn.com,704-232-4699,3 Acker Terrace,Charlotte,North Carolina,United States
1822,Lora,Beevers,lbeevers1el@reverbnation.com,918-213-2389,363 Sommers Alley,Tulsa,Oklahoma,United States
1823,Malcolm,Mabbitt,mmabbitt1em@geocities.jp,918-571-9474,22661 Macpherson Place,Tulsa,Oklahoma,United States
1824,Shawn,Klemps,sklemps1en@tmall.com,502-721-6734,3 Mesta Plaza,Louisville,Kentucky,United States
1825,Hattie,Megson,hmegson1eo@apple.com,205-448-0510,036 Delladonna Trail,Birmingham,Alabama,United States
1826,Davide,Pantlin,dpantlin1ep@sciencedaily.com,907-666-7137,974 Cottonwood Way,Anchorage,Alaska,United States
1827,Florri,Lucius,flucius1eq@wiley.com,803-296-2844,8754 Hoepker Lane,Columbia,South Carolina,United States
1828,Marjy,Bramsen,mbramsen1er@craigslist.org,203-244-3658,9 Westridge Junction,Fairfield,Connecticut,United States
1829,Hadley,Wemm,hwemm1es@de.vu,253-989-6306,44327 Harper Avenue,Tacoma,Washington,United States
1830,Peadar,Betho,pbetho1et@cloudflare.com,718-939-8315,92353 Mitchell Circle,Brooklyn,New York,United States
1831,Timmy,Vearnals,tvearnals1eu@gnu.org,305-181-9108,5 Armistice Crossing,Miami,Florida,United States
1832,Yetty,Arlett,yarlett1ev@seesaa.net,816-368-2834,039 West Alley,Kansas City,Missouri,United States
1833,Lucho,Fasset,lfasset1ew@alexa.com,937-506-8252,102 La Follette Alley,Dayton,Ohio,United States
1834,Nanni,Rosenshine,nrosenshine1ex@google.de,608-283-6866,18 Morningstar Drive,Madison,Wisconsin,United States
1835,Eva,Paton,epaton1ey@altervista.org,316-891-3831,83949 Stang Point,Wichita,Kansas,United States
1836,Obidiah,Von Salzberg,ovonsalzberg1ez@cbsnews.com,414-104-4979,30400 Comanche Lane,Milwaukee,Wisconsin,United States
1837,Armand,Probbin,aprobbin1f0@sogou.com,714-407-8540,9 Carpenter Point,Orange,California,United States
1838,Camile,Dallemore,cdallemore1f1@shutterfly.com,317-430-4101,4537 Dakota Way,Indianapolis,Indiana,United States
1839,Mead,Laurent,mlaurent1f2@salon.com,917-279-8371,908 Burrows Plaza,Bronx,New York,United States
1840,Jamey,Quainton,jquainton1f3@geocities.jp,716-328-1140,08067 Westerfield Terrace,Buffalo,New York,United States
1841,Merrilee,Kinze,mkinze1f4@bbc.co.uk,410-366-7122,6 North Hill,Silver Spring,Maryland,United States
1842,Lillian,Jewkes,ljewkes1f5@wunderground.com,316-777-5975,5 Jana Plaza,Wichita,Kansas,United States
1843,Lou,Segge,lsegge1f6@seesaa.net,719-845-5777,5 Lakewood Gardens Trail,Pueblo,Colorado,United States
1844,Cornelius,Vasyukov,cvasyukov1f7@ezinearticles.com,305-610-2291,12 Debs Terrace,Boca Raton,Florida,United States
1845,Job,Handmore,jhandmore1f8@umn.edu,205-737-5444,18 Delladonna Lane,Birmingham,Alabama,United States
1846,Blair,Learoyde,blearoyde1f9@pagesperso-orange.fr,203-359-2957,2114 Sherman Way,Danbury,Connecticut,United States
1847,Jillayne,Franzotto,jfranzotto1fa@un.org,757-376-6873,533 Oneill Place,Newport News,Virginia,United States
1848,Ilene,Cornuau,icornuau1fb@dailymotion.com,253-736-8208,80530 Mcbride Plaza,Tacoma,Washington,United States
1849,Bond,Grenshiels,bgrenshiels1fc@woothemes.com,469-217-1587,12 Coolidge Parkway,Plano,Texas,United States
1850,Ellswerth,Naire,enaire1fd@samsung.com,941-301-4563,70189 Caliangt Hill,Bradenton,Florida,United States
1851,Rutger,Duberry,rduberry1fe@ihg.com,202-207-1225,2 Texas Circle,Washington,District of Columbia,United States
1852,Joshua,Labroue,jlabroue1ff@blogs.com,386-192-5222,6000 Tennessee Avenue,Daytona Beach,Florida,United States
1853,Elia,Riccardelli,ericcardelli1fg@upenn.edu,404-273-9804,14878 Sauthoff Terrace,Atlanta,Georgia,United States
1854,Manolo,Bielby,mbielby1fh@blogspot.com,703-353-9166,33 Fieldstone Street,Alexandria,Virginia,United States
1855,Sheela,Pyrton,spyrton1fi@delicious.com,504-443-2590,32920 Old Shore Road,New Orleans,Louisiana,United States
1856,Wait,McCurtain,wmccurtain1fj@tmall.com,702-375-2291,1383 Goodland Center,Las Vegas,Nevada,United States
1857,Cedric,Wibrow,cwibrow1fk@rediff.com,414-799-3042,657 Hauk Crossing,Milwaukee,Wisconsin,United States
1858,Nicholas,Casini,ncasini1fl@wix.com,443-583-3555,49360 Schiller Avenue,Baltimore,Maryland,United States
1859,Zea,Coxhead,zcoxhead1fm@salon.com,505-827-5183,6286 Mendota Street,Santa Fe,New Mexico,United States
1860,Wiatt,Delamaine,wdelamaine1fn@a8.net,716-782-9487,09995 Dahle Center,Buffalo,New York,United States
1861,Jacky,McGonnell,jmcgonnell1fo@dmoz.org,407-837-7157,96 Kensington Junction,Orlando,Florida,United States
1862,Glenine,Sheerman,gsheerman1fp@behance.net,920-134-1859,78236 Huxley Plaza,Appleton,Wisconsin,United States
1863,Kari,Windous,kwindous1fq@live.com,909-106-2417,9257 Bunker Hill Alley,San Bernardino,California,United States
1864,Isidro,Dunning,idunning1fr@addthis.com,504-931-5540,54 Barnett Park,New Orleans,Louisiana,United States
1865,Eva,Gulland,egulland1fs@histats.com,941-712-5517,61826 Southridge Alley,Sarasota,Florida,United States
1866,Kyla,Showen,kshowen1ft@nsw.gov.au,971-971-9917,92254 Lighthouse Bay Crossing,Salem,Oregon,United States
1867,Willi,Mochar,wmochar1fu@uiuc.edu,918-638-3957,3 Warbler Pass,Tulsa,Oklahoma,United States
1868,Ludwig,Dearlove,ldearlove1fv@gmpg.org,234-526-9758,7 Arkansas Lane,Akron,Ohio,United States
1869,Pippa,Seckom,pseckom1fw@washingtonpost.com,402-124-8189,69 Corscot Center,Omaha,Nebraska,United States
1870,Lani,Bydaway,lbydaway1fx@theguardian.com,585-237-4396,318 International Drive,Rochester,New York,United States
1871,Burgess,Tankard,btankard1fy@github.io,717-610-0206,618 Badeau Plaza,Harrisburg,Pennsylvania,United States
1872,Hinda,MacShirrie,hmacshirrie1fz@youtube.com,704-224-6906,42192 Northfield Way,Charlotte,North Carolina,United States
1873,Harmony,Bartocci,hbartocci1g0@reddit.com,425-896-8547,04632 Rutledge Parkway,Seattle,Washington,United States
1874,Isobel,Ziehm,iziehm1g1@delicious.com,615-407-8095,650 Lyons Road,Nashville,Tennessee,United States
1875,Valerie,Matusovsky,vmatusovsky1g2@house.gov,786-591-1197,51119 Harbort Crossing,Miami,Florida,United States
1876,Marion,Foulsham,mfoulsham1g3@shareasale.com,720-592-6919,0 Hudson Trail,Denver,Colorado,United States
1877,Alyss,Badam,abadam1g4@ted.com,612-877-4971,53 Elka Way,Minneapolis,Minnesota,United States
1878,Kellen,Pearde,kpearde1g5@nyu.edu,407-354-1420,67765 West Terrace,Orlando,Florida,United States
1879,Tara,Aumerle,taumerle1g6@arstechnica.com,806-262-9723,25 Debs Court,Lubbock,Texas,United States
1880,Noel,Morgans,nmorgans1g7@smh.com.au,317-835-6730,0818 Melvin Plaza,Indianapolis,Indiana,United States
1881,Malvina,Sedgman,msedgman1g8@guardian.co.uk,502-711-1672,913 Towne Alley,Louisville,Kentucky,United States
1882,Amargo,Tunnoch,atunnoch1g9@technorati.com,717-540-3279,7 Dexter Place,Lancaster,Pennsylvania,United States
1883,Durand,Fessier,dfessier1ga@rakuten.co.jp,860-503-2364,96 Northport Circle,Hartford,Connecticut,United States
1884,Estel,Follacaro,efollacaro1gb@rambler.ru,361-365-9873,0056 Fairview Parkway,Corpus Christi,Texas,United States
1885,Laurent,Groll,lgroll1gc@arstechnica.com,517-953-7462,5598 Aberg Center,Lansing,Michigan,United States
1886,Marty,Mathew,mmathew1gd@unicef.org,505-319-3615,50 Carioca Plaza,Albuquerque,New Mexico,United States
1887,Elmer,Seneschal,eseneschal1ge@hibu.com,513-393-9805,030 Nobel Avenue,Cincinnati,Ohio,United States
1888,Brier,Boolsen,bboolsen1gf@whitehouse.gov,719-330-6311,2384 Eastlawn Court,Colorado Springs,Colorado,United States
1889,Sissy,Jeal,sjeal1gg@bloglines.com,734-679-4824,468 Alpine Place,Southfield,Michigan,United States
1890,Julie,Elgie,jelgie1gh@omniture.com,402-732-5100,9986 Delladonna Plaza,Lincoln,Nebraska,United States
1891,Shelley,Golledge,sgolledge1gi@dailymotion.com,806-746-3550,03762 Emmet Pass,Amarillo,Texas,United States
1892,Orrin,Rego,orego1gj@technorati.com,530-417-7914,565 Anniversary Crossing,South Lake Tahoe,California,United States
1893,Sadye,Zum Felde,szumfelde1gk@amazon.de,225-205-5975,0468 Kings Drive,Baton Rouge,Louisiana,United States
1894,Ingamar,Clell,iclell1gl@reuters.com,813-223-3020,2324 New Castle Terrace,Saint Petersburg,Florida,United States
1895,Hartwell,Heynen,hheynen1gm@diigo.com,915-621-7017,24 Hoard Parkway,El Paso,Texas,United States
1896,Bobbette,Warrender,bwarrender1gn@youtube.com,757-838-4851,59 Luster Place,Chesapeake,Virginia,United States
1897,Heidi,Sharvill,hsharvill1go@independent.co.uk,217-937-4590,7 Karstens Avenue,Springfield,Illinois,United States
1898,Porty,Budgen,pbudgen1gp@weebly.com,423-243-6410,195 Debra Trail,Chattanooga,Tennessee,United States
1899,Viola,MacDwyer,vmacdwyer1gq@seattletimes.com,402-583-0420,18643 Veith Court,Lincoln,Nebraska,United States
1900,Muffin,Zanneli,mzanneli1gr@army.mil,216-847-0336,74 Judy Place,Cleveland,Ohio,United States
1901,Hali,Brummell,hbrummell1gs@skyrock.com,516-839-0303,39 Reinke Parkway,Port Washington,New York,United States
1902,Allis,Cassie,acassie1gt@xing.com,239-656-1875,6939 Ridge Oak Way,Naples,Florida,United States
1903,Zilvia,Sibthorp,zsibthorp1gu@china.com.cn,407-270-9315,255 Crownhardt Trail,Orlando,Florida,United States
1904,Dar,Scragg,dscragg1gv@com.com,915-930-5588,572 Oak Pass,El Paso,Texas,United States
1905,Ramsey,Scrace,rscrace1gw@blinklist.com,225-525-3091,82 Macpherson Parkway,Baton Rouge,Louisiana,United States
1906,Elfrieda,Stienham,estienham1gx@cbc.ca,585-819-3662,23982 Fulton Avenue,Rochester,New York,United States
1907,Washington,Itzcak,witzcak1gy@nsw.gov.au,571-312-2096,500 Melrose Trail,Arlington,Virginia,United States
1908,Padget,Ovey,povey1gz@princeton.edu,727-826-8770,02 Morrow Junction,Saint Petersburg,Florida,United States
1909,Livvy,Risbridger,lrisbridger1h0@clickbank.net,281-714-6324,78033 Morrow Street,Houston,Texas,United States
1910,Rae,Harborow,rharborow1h1@google.es,775-572-5339,75 Cambridge Circle,Reno,Nevada,United States
1911,Kathlin,Seymour,kseymour1h2@shareasale.com,303-594-2472,96 Brown Circle,Denver,Colorado,United States
1912,Ollie,Limpricht,olimpricht1h3@vinaora.com,520-349-7545,93360 Michigan Drive,Tucson,Arizona,United States
1913,Happy,Parlott,hparlott1h4@nydailynews.com,202-454-4953,691 8th Junction,Washington,District of Columbia,United States
1914,Darius,Kabisch,dkabisch1h5@homestead.com,970-668-7819,59875 Ridge Oak Park,Fort Collins,Colorado,United States
1915,Kakalina,Cresswell,kcresswell1h6@jigsy.com,212-834-6479,6626 Nancy Way,New York City,New York,United States
1916,Monica,Asquith,masquith1h7@ehow.com,907-457-6658,852 Village Street,Anchorage,Alaska,United States
1917,Valentina,Ainley,vainley1h8@360.cn,915-924-5262,146 Logan Parkway,El Paso,Texas,United States
1918,Lorrie,Borles,lborles1h9@npr.org,813-946-2095,9 Birchwood Place,Tampa,Florida,United States
1919,Ozzie,Varrow,ovarrow1ha@china.com.cn,405-322-9517,6 Memorial Plaza,Oklahoma City,Oklahoma,United States
1920,Heywood,Vittle,hvittle1hb@examiner.com,314-675-0450,598 Butternut Hill,Saint Louis,Missouri,United States
1921,Dyanna,Brogden,dbrogden1hc@answers.com,918-675-5970,50010 Village Court,Tulsa,Oklahoma,United States
1922,Durante,Climar,dclimar1hd@gov.uk,304-278-1994,39 Vermont Drive,Charleston,West Virginia,United States
1923,Darcey,Coffelt,dcoffelt1he@123-reg.co.uk,304-930-1736,24 Village Crossing,Charleston,West Virginia,United States
1924,Brien,Heckney,bheckney1hf@blogtalkradio.com,412-866-0329,6537 Butternut Pass,Pittsburgh,Pennsylvania,United States
1925,Englebert,Gittoes,egittoes1hg@mayoclinic.com,330-257-2703,24163 Manitowish Court,Akron,Ohio,United States
1926,Ezequiel,Merrington,emerrington1hh@gizmodo.com,712-839-4717,0 Fulton Center,Omaha,Nebraska,United States
1927,Catherine,Loncaster,cloncaster1hi@harvard.edu,702-753-4516,81167 Maple Wood Junction,Las Vegas,Nevada,United States
1928,Celestia,Gulleford,cgulleford1hj@geocities.jp,816-289-1768,46 Merrick Point,Lees Summit,Missouri,United States
1929,Elinore,Lunn,elunn1hk@prlog.org,205-940-8464,961 Hoard Place,Birmingham,Alabama,United States
1930,Manya,Byron,mbyron1hl@pen.io,614-940-3864,809 Fuller Way,Columbus,Ohio,United States
1931,Leda,Peasnone,lpeasnone1hm@mediafire.com,818-815-5803,9960 Esch Junction,Van Nuys,California,United States
1932,Sayre,Lawes,slawes1hn@goo.gl,540-120-1495,08362 Ohio Park,Charlottesville,Virginia,United States
1933,Cristi,Burgiss,cburgiss1ho@nymag.com,318-726-1979,2 Veith Plaza,Shreveport,Louisiana,United States
1934,Mirabella,Ardling,mardling1hp@lycos.com,508-502-6392,43 Wayridge Junction,Worcester,Massachusetts,United States
1935,Edmund,Wheelton,ewheelton1hq@nymag.com,202-761-8144,86 Mesta Hill,Washington,District of Columbia,United States
1936,Martynne,Tweddle,mtweddle1hr@seesaa.net,417-893-7943,7 Eggendart Crossing,Springfield,Missouri,United States
1937,Des,Suero,dsuero1hs@tinypic.com,813-808-4540,452 5th Avenue,Tampa,Florida,United States
1938,Haley,Whitechurch,hwhitechurch1ht@ning.com,803-543-7057,2251 Bluestem Lane,Columbia,South Carolina,United States
1939,Frank,Vinck,fvinck1hu@netlog.com,312-158-4879,747 Bonner Park,Chicago,Illinois,United States
1940,Tynan,Wycliffe,twycliffe1hv@dion.ne.jp,916-462-3955,88 Acker Center,Sacramento,California,United States
1941,Vaughan,Cheese,vcheese1hw@admin.ch,913-792-7751,34 Pepper Wood Court,Shawnee Mission,Kansas,United States
1942,Rhody,Yerrill,ryerrill1hx@aboutads.info,202-899-7889,30280 Northwestern Terrace,Washington,District of Columbia,United States
1943,Rourke,Pattesall,rpattesall1hy@live.com,915-910-7664,32303 Crowley Avenue,El Paso,Texas,United States
1944,Kendre,Clemas,kclemas1hz@bloomberg.com,269-541-2206,403 Bartelt Place,Kalamazoo,Michigan,United States
1945,Dani,Philott,dphilott1i0@eepurl.com,813-794-8487,4417 Badeau Trail,Tampa,Florida,United States
1946,Ann-marie,Galle,agalle1i1@livejournal.com,646-950-5404,4585 Bluejay Street,New York City,New York,United States
1947,Randolph,Syms,rsyms1i2@ifeng.com,970-162-9990,180 Forest Dale Lane,Grand Junction,Colorado,United States
1948,Thaine,Wallas,twallas1i3@ycombinator.com,806-956-3390,946 Longview Lane,Amarillo,Texas,United States
1949,Terra,Jepps,tjepps1i4@sitemeter.com,530-428-0370,100 Mallard Drive,Sacramento,California,United States
1950,Edlin,Lassey,elassey1i5@craigslist.org,802-801-8182,6262 Rowland Parkway,Montpelier,Vermont,United States
1951,Tessi,Iddy,tiddy1i6@marriott.com,909-107-2670,2445 Vahlen Court,San Bernardino,California,United States
1952,Brandise,Tarbox,btarbox1i7@usatoday.com,509-766-4850,369 Blaine Junction,Spokane,Washington,United States
1953,Bartolomeo,McGonnell,bmcgonnell1i8@epa.gov,814-560-5325,78 Little Fleur Point,Erie,Pennsylvania,United States
1954,Marrilee,Odgaard,modgaard1i9@kickstarter.com,757-978-1090,7 Vahlen Alley,Virginia Beach,Virginia,United States
1955,Lionello,Benediktovich,lbenediktovich1ia@i2i.jp,713-725-4321,8036 Declaration Trail,Houston,Texas,United States
1956,Katina,Raincin,kraincin1ib@google.co.jp,303-968-9415,56221 Derek Terrace,Arvada,Colorado,United States
1957,Barny,MacNeill,bmacneill1ic@1688.com,716-559-3612,44 Brickson Park Alley,Buffalo,New York,United States
1958,Joyann,Jonke,jjonke1id@chicagotribune.com,781-857-7121,0 Elgar Avenue,Newton,Massachusetts,United States
1959,Dolph,Echlin,dechlin1ie@eepurl.com,760-352-1299,9580 Prentice Place,San Bernardino,California,United States
1960,Hildegaard,Crossman,hcrossman1if@twitter.com,915-411-5116,7 Menomonie Court,El Paso,Texas,United States
1961,Christen,Doree,cdoree1ig@sciencedaily.com,816-159-0324,0011 Kim Alley,Lees Summit,Missouri,United States
1962,Zed,Washington,zwashington1ih@google.cn,919-281-0363,092 Rigney Park,Raleigh,North Carolina,United States
1963,Ibby,Quadling,iquadling1ii@nyu.edu,614-374-6064,804 Hintze Center,Columbus,Ohio,United States
1964,Kelsy,Tuny,ktuny1ij@godaddy.com,832-876-9712,2327 Longview Avenue,Houston,Texas,United States
1965,Hammad,Champkins,hchampkins1ik@reuters.com,330-527-8648,323 Bay Hill,Warren,Ohio,United States
1966,Ludvig,MacIlwrick,lmacilwrick1il@fda.gov,972-299-1180,941 Manufacturers Hill,Plano,Texas,United States
1967,Townsend,Naisey,tnaisey1im@blogtalkradio.com,312-852-5754,45131 Delladonna Avenue,Chicago,Illinois,United States
1968,Ailis,Bozward,abozward1in@newsvine.com,404-994-8888,75 Truax Court,Atlanta,Georgia,United States
1969,Phip,Trapp,ptrapp1io@qq.com,630-292-3788,5841 Oriole Circle,Chicago,Illinois,United States
1970,Gretal,Whayman,gwhayman1ip@wiley.com,850-245-4492,1544 Walton Way,Pensacola,Florida,United States
1971,Roman,Josh,rjosh1iq@soup.io,217-295-1629,7 Northridge Hill,Springfield,Illinois,United States
1972,Huntley,Chown,hchown1ir@dyndns.org,202-179-6703,6 Almo Alley,Washington,District of Columbia,United States
1973,Skelly,Varnham,svarnham1is@jalbum.net,937-358-7322,2 Farwell Trail,Dayton,Ohio,United States
1974,Kim,O'Dare,kodare1it@prlog.org,443-573-8800,3701 Randy Pass,Baltimore,Maryland,United States
1975,Teresa,Signori,tsignori1iu@dot.gov,816-862-1823,3 Fallview Lane,Kansas City,Missouri,United States
1976,Emili,Blindermann,eblindermann1iv@ihg.com,504-343-2482,832 Lillian Road,Metairie,Louisiana,United States
1977,Hatty,Ivison,hivison1iw@blogger.com,805-277-3428,0723 Commercial Place,San Luis Obispo,California,United States
1978,Glynis,Fedoronko,gfedoronko1ix@about.com,765-155-0090,11 Waxwing Lane,Lafayette,Indiana,United States
1979,Hieronymus,Stronge,hstronge1iy@yale.edu,501-855-1791,2 Sugar Lane,Little Rock,Arkansas,United States
1980,Rae,Mantripp,rmantripp1iz@taobao.com,313-189-4704,807 Briar Crest Circle,Detroit,Michigan,United States
1981,Dana,Novotna,dnovotna1j0@networksolutions.com,918-994-4021,63483 Pine View Terrace,Tulsa,Oklahoma,United States
1982,Gearard,Daniels,gdaniels1j1@virginia.edu,773-953-2464,16 Dryden Trail,Chicago,Illinois,United States
1983,Laural,Wrixon,lwrixon1j2@elegantthemes.com,405-957-1510,890 Starling Alley,Oklahoma City,Oklahoma,United States
1984,Sheffield,Feldbrin,sfeldbrin1j3@phpbb.com,916-596-6587,020 Marcy Plaza,Sacramento,California,United States
1985,Rab,Jozwik,rjozwik1j4@mozilla.org,915-677-9827,41946 Kim Road,El Paso,Texas,United States
1986,Orel,Churchman,ochurchman1j5@nih.gov,408-507-0936,39 Oak Valley Crossing,San Jose,California,United States
1987,Tedman,Duffill,tduffill1j6@imdb.com,757-724-0585,01070 Dunning Park,Norfolk,Virginia,United States
1988,Hester,Jakoubec,hjakoubec1j7@mail.ru,239-461-4184,882 Mccormick Place,Fort Myers,Florida,United States
1989,Sher,MacClenan,smacclenan1j8@weibo.com,941-560-6213,25237 Katie Alley,Bradenton,Florida,United States
1990,Eldredge,Dregan,edregan1j9@bloglovin.com,320-452-8218,464 Cottonwood Point,Saint Cloud,Minnesota,United States
1991,Jeth,Gillions,jgillions1ja@nature.com,505-531-1996,8149 Crowley Hill,Albuquerque,New Mexico,United States
1992,Fidelity,Epps,fepps1jb@apache.org,414-473-6483,7 Donald Place,Milwaukee,Wisconsin,United States
1993,Pammi,Try,ptry1jc@vimeo.com,510-281-8395,4186 Sycamore Court,Berkeley,California,United States
1994,Roth,Patman,rpatman1jd@nydailynews.com,240-821-7695,3 Almo Point,Bowie,Maryland,United States
1995,Mia,Melland,mmelland1je@prnewswire.com,217-377-0461,3 Killdeer Terrace,Springfield,Illinois,United States
1996,Claiborne,Mullarkey,cmullarkey1jf@unblog.fr,212-766-0329,28 High Crossing Center,New York City,New York,United States
1997,Shaun,Jills,sjills1jg@wunderground.com,319-944-0647,861 Morningstar Parkway,Iowa City,Iowa,United States
1998,Andi,Manwaring,amanwaring1jh@wiley.com,774-582-5400,10678 Autumn Leaf Lane,Waltham,Massachusetts,United States
1999,Sher,Quarry,squarry1ji@1688.com,202-241-8377,2 Garrison Alley,Washington,District of Columbia,United States
2000,Herculie,Crabb,hcrabb1jj@hao123.com,918-630-0045,28 Farragut Pass,Tulsa,Oklahoma,United States
2001,Yettie,Rintoul,yrintoul1jk@whitehouse.gov,804-806-3041,2 Bartillon Way,Richmond,Virginia,United States
2002,Nichole,Drummond,ndrummond1jl@bloglines.com,361-540-8698,8011 Mccormick Court,Corpus Christi,Texas,United States
2003,Donalt,Minihane,dminihane1jm@youtu.be,254-724-1800,16520 Loftsgordon Court,Waco,Texas,United States
2004,Faber,Heggie,fheggie1jn@admin.ch,646-207-4318,0636 5th Park,New York City,New York,United States
2005,Denney,Raubenheim,draubenheim1jo@rediff.com,407-895-0519,908 Mitchell Hill,Orlando,Florida,United States
2006,Conant,Bryer,cbryer1jp@salon.com,304-789-8712,48493 Russell Point,Charleston,West Virginia,United States
2007,Francklyn,Lake,flake1jq@reverbnation.com,330-193-9975,5 Parkside Point,Akron,Ohio,United States
2008,Lucio,Helks,lhelks1jr@cloudflare.com,904-777-7126,14 Maple Trail,Jacksonville,Florida,United States
2009,Doloritas,Corkitt,dcorkitt1js@zdnet.com,212-640-9952,0 Shelley Avenue,New York City,New York,United States
2010,Brandise,Palin,bpalin1jt@tumblr.com,509-946-8077,18 Packers Terrace,Spokane,Washington,United States
2011,Pattie,Velten,pvelten1ju@geocities.com,417-530-6665,59 Fairview Way,Springfield,Missouri,United States
2012,Marice,Forrest,mforrest1jv@redcross.org,402-118-6821,649 7th Terrace,Omaha,Nebraska,United States
2013,Elaine,Snook,esnook1jw@ask.com,718-496-3036,853 Fordem Place,Flushing,New York,United States
2014,Roi,Fulkes,rfulkes1jx@ibm.com,601-989-7793,121 Texas Court,Hattiesburg,Mississippi,United States
2015,Reinold,Vardey,rvardey1jy@elegantthemes.com,704-149-0153,28 Clove Avenue,Charlotte,North Carolina,United States
2016,Theresita,Lacroutz,tlacroutz1jz@surveymonkey.com,941-264-0620,3 Eliot Terrace,Naples,Florida,United States
2017,Garfield,Raccio,graccio1k0@jugem.jp,316-250-3144,13116 Quincy Crossing,Wichita,Kansas,United States
2018,Krishna,Dollard,kdollard1k1@bigcartel.com,919-694-6271,67 Cambridge Crossing,Raleigh,North Carolina,United States
2019,Gillian,Shird,gshird1k2@bluehost.com,334-503-1691,1 Holmberg Place,Montgomery,Alabama,United States
2020,Marieann,Bohling,mbohling1k3@macromedia.com,412-173-6623,02052 Evergreen Terrace,Pittsburgh,Pennsylvania,United States
2021,Jarret,Greig,jgreig1k4@netvibes.com,701-909-0247,940 Lillian Center,Fargo,North Dakota,United States
2022,Teresina,Rehme,trehme1k5@ed.gov,413-857-9315,8 La Follette Plaza,Springfield,Massachusetts,United States
2023,Selia,Wiskar,swiskar1k6@tamu.edu,816-373-6279,4716 Dennis Avenue,Independence,Missouri,United States
2024,Griffie,Nevinson,gnevinson1k7@furl.net,919-666-4074,406 Artisan Crossing,Durham,North Carolina,United States
2025,Barbee,Quare,bquare1k8@apache.org,719-787-2092,2656 Knutson Center,Colorado Springs,Colorado,United States
2026,Gerardo,Sisson,gsisson1k9@about.me,361-533-5259,49 Mallard Center,Corpus Christi,Texas,United States
2027,Natasha,Lamden,nlamden1ka@ed.gov,816-771-0599,7397 Kedzie Terrace,Independence,Missouri,United States
2028,Kelsy,Gooch,kgooch1kb@bandcamp.com,330-964-3680,503 Butterfield Place,Akron,Ohio,United States
2029,Gwenette,Swoffer,gswoffer1kc@360.cn,727-832-2711,8631 Sunbrook Circle,Tampa,Florida,United States
2030,Wadsworth,Pigeon,wpigeon1kd@intel.com,202-362-3986,64096 Boyd Pass,Washington,District of Columbia,United States
2031,Balduin,Doorey,bdoorey1ke@ustream.tv,915-727-7426,19 Del Sol Avenue,El Paso,Texas,United States
2032,Randie,Boc,rboc1kf@4shared.com,601-217-1112,18174 Mandrake Terrace,Jackson,Mississippi,United States
2033,Wald,Devlin,wdevlin1kg@yandex.ru,574-307-8457,85 Harper Court,South Bend,Indiana,United States
2034,Hildy,Karys,hkarys1kh@seattletimes.com,309-806-7352,05 Cascade Avenue,Peoria,Illinois,United States
2035,Lucais,Fessions,lfessions1ki@google.com.br,605-928-2757,656 Reindahl Plaza,Sioux Falls,South Dakota,United States
2036,Muffin,Ezele,mezele1kj@homestead.com,918-562-3172,832 Buena Vista Plaza,Tulsa,Oklahoma,United States
2037,Dorena,Moorhead,dmoorhead1kk@bluehost.com,520-982-3816,66 Melody Point,Tucson,Arizona,United States
2038,Maurita,Gosnay,mgosnay1kl@hp.com,940-552-2844,2 Melvin Way,Wichita Falls,Texas,United States
2039,Kelsy,Sowersby,ksowersby1km@trellian.com,256-766-9218,8275 Utah Plaza,Huntsville,Alabama,United States
2040,Ofelia,Edmed,oedmed1kn@gmpg.org,361-752-5618,920 Loomis Pass,Corpus Christi,Texas,United States
2041,Allina,Gibson,agibson1ko@printfriendly.com,646-242-9101,45 Upham Plaza,New York City,New York,United States
2042,Gillie,Mazdon,gmazdon1kp@scientificamerican.com,706-689-4819,92476 Becker Center,Athens,Georgia,United States
2043,Francene,Mawditt,fmawditt1kq@ihg.com,303-166-4392,56 Calypso Junction,Denver,Colorado,United States
2044,Cordie,Onele,conele1kr@gmpg.org,510-440-9754,031 Maryland Place,Oakland,California,United States
2045,Lorine,Minall,lminall1ks@cnet.com,719-894-0167,414 Fuller Circle,Colorado Springs,Colorado,United States
2046,Dedra,Courtonne,dcourtonne1kt@facebook.com,609-385-4082,6 Basil Way,Trenton,New Jersey,United States
2047,Giulietta,Beel,gbeel1ku@netvibes.com,323-923-4106,21966 Homewood Court,Los Angeles,California,United States
2048,Brittney,Van der Kruis,bvanderkruis1kv@networksolutions.com,845-197-3180,18 Dawn Plaza,White Plains,New York,United States
2049,Elka,Ledram,eledram1kw@simplemachines.org,480-556-4785,08078 Green Pass,Gilbert,Arizona,United States
2050,Ryan,Talby,rtalby1kx@nsw.gov.au,559-524-0835,05 Nobel Avenue,Fresno,California,United States
2051,Rose,Hardware,rhardware1ky@symantec.com,317-541-0692,282 Grim Street,Indianapolis,Indiana,United States
2052,Pauli,Widdocks,pwiddocks1kz@unicef.org,718-897-7895,00 Cardinal Avenue,Brooklyn,New York,United States
2053,Roldan,McGonigle,rmcgonigle1l0@hc360.com,203-615-5238,7487 Myrtle Street,Norwalk,Connecticut,United States
2054,Woodrow,Warlow,wwarlow1l1@weather.com,918-764-1575,1556 Eastwood Pass,Tulsa,Oklahoma,United States
2055,Rosemaria,Pitchers,rpitchers1l2@jugem.jp,314-496-0493,42819 Vera Trail,Saint Louis,Missouri,United States
2056,Benyamin,Parlatt,bparlatt1l3@globo.com,202-203-4929,933 Miller Road,Washington,District of Columbia,United States
2057,Dame,Surman-Wells,dsurmanwells1l4@artisteer.com,214-529-2651,07 Mockingbird Alley,Irving,Texas,United States
2058,Theresita,Cristol,tcristol1l5@ucsd.edu,503-334-6039,108 Lighthouse Bay Trail,Portland,Oregon,United States
2059,Vivienne,Lindner,vlindner1l6@ameblo.jp,901-525-6730,56529 Prentice Plaza,Memphis,Tennessee,United States
2060,Cornelius,Sessuns,csessuns1l7@dagondesign.com,260-999-1570,94667 Killdeer Drive,Fort Wayne,Indiana,United States
2061,Mufi,Zmitruk,mzmitruk1l8@jalbum.net,908-432-4616,61887 Crescent Oaks Avenue,Elizabeth,New Jersey,United States
2062,Jone,Killingbeck,jkillingbeck1l9@utexas.edu,260-317-3308,000 Amoth Lane,Fort Wayne,Indiana,United States
2063,Camella,Ruston,cruston1la@utexas.edu,336-247-5309,76 North Point,Greensboro,North Carolina,United States
2064,Les,Giron,lgiron1lb@odnoklassniki.ru,858-301-7494,4814 Morrow Place,San Francisco,California,United States
2065,Winnah,Caudrelier,wcaudrelier1lc@salon.com,214-619-6822,67 Muir Center,Dallas,Texas,United States
2066,Brittaney,Trevance,btrevance1ld@flickr.com,907-678-1961,874 Logan Drive,Fairbanks,Alaska,United States
2067,Marjory,Chiplin,mchiplin1le@shareasale.com,757-945-5934,194 Swallow Terrace,Hampton,Virginia,United States
2068,Kerry,Stalley,kstalley1lf@lulu.com,216-296-4663,341 Tennessee Pass,Cleveland,Ohio,United States
2069,Dewitt,Schustl,dschustl1lg@trellian.com,858-975-5000,1862 Talmadge Pass,San Diego,California,United States
2070,Ricard,Chapman,rchapman1lh@comsenz.com,314-792-4865,44804 Swallow Junction,Saint Louis,Missouri,United States
2071,Giff,Ixer,gixer1li@un.org,615-815-3889,86706 Buell Terrace,Nashville,Tennessee,United States
2072,Owen,Raddish,oraddish1lj@reddit.com,571-711-7808,36449 Dryden Way,Merrifield,Virginia,United States
2073,Dosi,Khilkov,dkhilkov1lk@thetimes.co.uk,770-266-0700,20 Valley Edge Hill,Atlanta,Georgia,United States
2074,Tremaine,Wagstaffe,twagstaffe1ll@samsung.com,907-166-3750,9 Fuller Drive,Anchorage,Alaska,United States
2075,Janessa,Newrick,jnewrick1lm@hostgator.com,970-752-4338,1 Elgar Crossing,Greeley,Colorado,United States
2076,Latrena,Tomaszynski,ltomaszynski1ln@unblog.fr,317-544-1332,309 American Crossing,Indianapolis,Indiana,United States
2077,Grace,Cornbill,gcornbill1lo@ucoz.com,314-996-5872,510 Jay Street,Saint Louis,Missouri,United States
2078,Philippe,Ferminger,pferminger1lp@etsy.com,954-748-1721,0 Melby Terrace,West Palm Beach,Florida,United States
2079,Berti,Greg,bgreg1lq@cnbc.com,330-907-6877,6 Gateway Avenue,Warren,Ohio,United States
2080,Broddie,Oxenham,boxenham1lr@ucoz.ru,217-981-6604,6866 Moland Parkway,Springfield,Illinois,United States
2081,Agnese,Denizet,adenizet1ls@shinystat.com,818-829-7887,65 Mccormick Court,Torrance,California,United States
2082,Ely,Tayt,etayt1lt@bbc.co.uk,602-226-5645,83 Hazelcrest Court,Glendale,Arizona,United States
2083,Mano,Barrat,mbarrat1lu@delicious.com,916-143-1729,414 1st Street,Sacramento,California,United States
2084,Roanne,Muccino,rmuccino1lv@hud.gov,772-943-6274,95 Bay Parkway,Fort Pierce,Florida,United States
2085,Hettie,Waud,hwaud1lw@bloglovin.com,309-712-3654,27252 Village Green Parkway,Peoria,Illinois,United States
2086,Alexander,Roath,aroath1lx@blog.com,214-286-1739,2 Reinke Park,Dallas,Texas,United States
2087,Saba,Jacmar,sjacmar1ly@yandex.ru,404-441-3549,77 Center Street,Atlanta,Georgia,United States
2088,Kermy,Brognot,kbrognot1lz@msn.com,615-865-0710,41 Eastwood Pass,Murfreesboro,Tennessee,United States
2089,Reinold,Hanley,rhanley1m0@census.gov,202-818-9978,94 Ramsey Point,Washington,District of Columbia,United States
2090,Daisy,Spalls,dspalls1m1@java.com,718-885-5164,60288 Burrows Court,New York City,New York,United States
2091,Zebedee,Netti,znetti1m2@gmpg.org,901-923-6495,07781 Twin Pines Point,Memphis,Tennessee,United States
2092,Ryan,Haggus,rhaggus1m3@smugmug.com,573-303-6651,81 Goodland Way,Columbia,Missouri,United States
2093,Madonna,Woodfield,mwoodfield1m4@soundcloud.com,512-254-3004,1 Sauthoff Way,Austin,Texas,United States
2094,Allix,Esom,aesom1m5@delicious.com,770-824-1454,6912 Mayfield Road,Lawrenceville,Georgia,United States
2095,Lorita,Wallington,lwallington1m6@slate.com,804-667-3676,158 Coleman Point,Richmond,Virginia,United States
2096,Tommy,Pixton,tpixton1m7@earthlink.net,254-995-5104,98 Debs Road,Temple,Texas,United States
2097,Alyce,Ellick,aellick1m8@who.int,309-121-3630,45128 Lunder Parkway,Peoria,Illinois,United States
2098,Cordy,Gutcher,cgutcher1m9@java.com,502-961-1688,218 Springs Parkway,Louisville,Kentucky,United States
2099,Alonso,Petrichat,apetrichat1ma@istockphoto.com,330-274-0044,3 Lotheville Pass,Akron,Ohio,United States
2100,Redd,Georgel,rgeorgel1mb@usda.gov,775-996-3064,2716 Raven Parkway,Reno,Nevada,United States
2101,Bobbie,Franchyonok,bfranchyonok1mc@abc.net.au,302-323-3349,2327 Westridge Plaza,Wilmington,Delaware,United States
2102,Kala,Geratasch,kgeratasch1md@cdc.gov,412-452-8119,51311 Tomscot Junction,Pittsburgh,Pennsylvania,United States
2103,Shay,Godbolt,sgodbolt1me@storify.com,330-460-2839,7 Ilene Park,Canton,Ohio,United States
2104,Rourke,Kinworthy,rkinworthy1mf@aol.com,770-662-3791,4009 Loftsgordon Circle,Duluth,Georgia,United States
2105,Veradis,Atherton,vatherton1mg@mit.edu,812-513-7334,579 Stephen Road,Evansville,Indiana,United States
2106,Sara,Durning,sdurning1mh@china.com.cn,310-456-6710,282 Sauthoff Court,Torrance,California,United States
2107,Artemus,Ettels,aettels1mi@google.pl,515-629-4144,205 Montana Trail,Des Moines,Iowa,United States
2108,Tarrah,Hannam,thannam1mj@hp.com,651-274-0262,38275 Elmside Circle,Saint Paul,Minnesota,United States
2109,Nevins,Gonsalo,ngonsalo1mk@discuz.net,541-815-9285,20638 Gulseth Hill,Eugene,Oregon,United States
2110,Cullan,Pawelec,cpawelec1ml@google.co.jp,713-283-0489,083 Havey Junction,Houston,Texas,United States
2111,Selena,Linster,slinster1mm@hp.com,202-117-1479,2 Longview Court,Washington,District of Columbia,United States
2112,Vic,Kornacki,vkornacki1mn@earthlink.net,971-892-2855,633 Ridge Oak Terrace,Portland,Oregon,United States
2113,Faulkner,Jeannon,fjeannon1mo@prweb.com,316-652-2005,7418 Sycamore Place,Wichita,Kansas,United States
2114,Sebastiano,Hutchens,shutchens1mp@nymag.com,651-511-4372,383 Warner Pass,Saint Paul,Minnesota,United States
2115,Cobbie,Sail,csail1mq@alibaba.com,321-376-6893,628 Starling Parkway,Orlando,Florida,United States
2116,Kris,Bende,kbende1mr@linkedin.com,817-513-8192,55 Nancy Terrace,Fort Worth,Texas,United States
2117,Lexie,Fullicks,lfullicks1ms@oakley.com,404-120-7909,77 Morningstar Park,Atlanta,Georgia,United States
2118,Charita,Rotherham,crotherham1mt@addthis.com,303-221-1503,526 Anniversary Lane,Denver,Colorado,United States
2119,Mignon,Banham,mbanham1mu@washingtonpost.com,901-818-2709,3408 Pepper Wood Lane,Memphis,Tennessee,United States
2120,Christian,Dionsetto,cdionsetto1mv@engadget.com,509-203-4697,70898 Drewry Center,Spokane,Washington,United States
2121,Jackie,Piens,jpiens1mw@prweb.com,303-419-7882,21282 Hoffman Pass,Denver,Colorado,United States
2122,Naomi,Bramstom,nbramstom1mx@artisteer.com,915-543-0530,3 Burning Wood Pass,El Paso,Texas,United States
2123,Natalee,Rowswell,nrowswell1my@drupal.org,501-820-3646,033 Ridgeway Way,North Little Rock,Arkansas,United States
2124,Waite,Boutflour,wboutflour1mz@prweb.com,918-107-7484,4 Morrow Circle,Tulsa,Oklahoma,United States
2125,Lennard,Soal,lsoal1n0@yelp.com,716-538-5484,63468 Golf View Plaza,Buffalo,New York,United States
2126,Perl,Zeal,pzeal1n1@twitpic.com,808-173-0578,540 Monica Center,Honolulu,Hawaii,United States
2127,Karalee,Studdert,kstuddert1n2@gov.uk,518-506-6979,1 Blackbird Court,Albany,New York,United States
2128,Evelin,Runsey,erunsey1n3@deliciousdays.com,251-653-1856,9010 Golden Leaf Road,Mobile,Alabama,United States
2129,Rose,Streatfeild,rstreatfeild1n4@cbc.ca,719-301-4037,203 Dayton Court,Colorado Springs,Colorado,United States
2130,Esme,Southerden,esoutherden1n5@eepurl.com,801-278-6890,9237 Barnett Circle,Salt Lake City,Utah,United States
2131,Gussy,Bernardelli,gbernardelli1n6@sohu.com,816-370-7005,32168 Tennessee Drive,Kansas City,Missouri,United States
2132,Roobbie,Godehard.sf,rgodehardsf1n7@quantcast.com,203-654-8938,0 Roxbury Terrace,New Haven,Connecticut,United States
2133,Angelika,Rodgers,arodgers1n8@state.gov,901-794-5101,5090 Annamark Pass,Memphis,Tennessee,United States
2134,Giavani,Vasin,gvasin1n9@comcast.net,765-807-8064,68 Tennessee Terrace,Indianapolis,Indiana,United States
2135,Lavinia,Edmands,ledmands1na@nymag.com,502-736-6610,09721 Buhler Plaza,Louisville,Kentucky,United States
2136,Blinni,Brandolini,bbrandolini1nb@redcross.org,512-766-7766,48 Delladonna Drive,Austin,Texas,United States
2137,Warner,Grayham,wgrayham1nc@bandcamp.com,713-342-2400,210 Bultman Place,Houston,Texas,United States
2138,Fons,Bilofsky,fbilofsky1nd@berkeley.edu,314-920-2706,344 Pankratz Court,Saint Louis,Missouri,United States
2139,Gabrila,Dudny,gdudny1ne@diigo.com,763-165-7389,2466 Mosinee Parkway,Loretto,Minnesota,United States
2140,Carmen,Murphey,cmurphey1nf@java.com,405-666-3216,43407 Independence Place,Oklahoma City,Oklahoma,United States
2141,Rourke,Vasin,rvasin1ng@slashdot.org,210-347-5187,224 Carberry Terrace,San Antonio,Texas,United States
2142,Hewet,Whiterod,hwhiterod1nh@webnode.com,617-259-1310,80858 Debra Pass,Lynn,Massachusetts,United States
2143,Marena,Beggini,mbeggini1ni@nyu.edu,202-370-8490,8 Sloan Alley,Washington,District of Columbia,United States
2144,Leeann,Evett,levett1nj@amazon.com,313-870-8378,5 Manitowish Court,Detroit,Michigan,United States
2145,Troy,Holyland,tholyland1nk@blogtalkradio.com,859-628-1656,2838 Pepper Wood Avenue,Lexington,Kentucky,United States
2146,Aimil,Wiz,awiz1nl@youtu.be,903-579-8668,41 Memorial Junction,Texarkana,Texas,United States
2147,Alexio,MacCourt,amaccourt1nm@hibu.com,936-484-9196,459 Dixon Plaza,Conroe,Texas,United States
2148,Hendrika,Maw,hmaw1nn@xrea.com,318-284-8959,79094 Morrow Junction,Alexandria,Louisiana,United States
2149,Ketty,Bromwich,kbromwich1no@techcrunch.com,317-733-8161,5054 Delladonna Plaza,Indianapolis,Indiana,United States
2150,Sibella,Coenraets,scoenraets1np@wp.com,202-837-4985,436 Eagan Place,Washington,District of Columbia,United States
2151,Elvyn,Dungay,edungay1nq@businessinsider.com,202-598-8081,646 Haas Hill,Washington,District of Columbia,United States
2152,Noe,Chatten,nchatten1nr@com.com,956-724-3752,2564 School Circle,Laredo,Texas,United States
2153,Adora,Stockin,astockin1ns@europa.eu,563-182-2525,505 Petterle Center,Davenport,Iowa,United States
2154,Valdemar,Giacomozzo,vgiacomozzo1nt@bravesites.com,843-227-2838,8518 Pawling Court,Florence,South Carolina,United States
2155,Julietta,Kilvington,jkilvington1nu@hp.com,706-444-5776,87179 Kennedy Drive,Augusta,Georgia,United States
2156,Darn,Rignoldes,drignoldes1nv@theatlantic.com,213-138-2583,6997 Oak Avenue,North Hollywood,California,United States
2157,Marv,Strongitharm,mstrongitharm1nw@github.io,513-777-6158,85481 1st Plaza,Cincinnati,Ohio,United States
2158,Riane,Retallick,rretallick1nx@berkeley.edu,225-898-4138,2 Declaration Trail,Baton Rouge,Louisiana,United States
2159,Berne,Conner,bconner1ny@google.pl,816-592-2434,5130 Anhalt Park,Lees Summit,Missouri,United States
2160,Alyss,Runge,arunge1nz@reference.com,915-750-5048,3 Moland Point,El Paso,Texas,United States
2161,Traci,Wallentin,twallentin1o0@apache.org,954-676-1696,1 Carberry Alley,Fort Lauderdale,Florida,United States
2162,Tomi,Andren,tandren1o1@wordpress.com,904-963-1589,30145 Doe Crossing Center,Jacksonville,Florida,United States
2163,Gino,Bowler,gbowler1o2@mlb.com,971-661-3530,03845 Northridge Center,Portland,Oregon,United States
2164,Sebastiano,Johantges,sjohantges1o3@flickr.com,317-607-7177,30 Barnett Park,Indianapolis,Indiana,United States
2165,Sholom,Barnwell,sbarnwell1o4@privacy.gov.au,901-792-4952,389 Toban Terrace,Memphis,Tennessee,United States
2166,Baudoin,Doggart,bdoggart1o5@bigcartel.com,832-463-4738,6 Sutteridge Terrace,Houston,Texas,United States
2167,Abrahan,Champion,achampion1o6@bbc.co.uk,209-100-1796,838 Bartillon Alley,Fresno,California,United States
2168,Lennard,Yepiskov,lyepiskov1o7@mediafire.com,512-190-1225,3 Meadow Valley Crossing,Austin,Texas,United States
2169,Celle,Dike,cdike1o8@i2i.jp,785-937-9577,8243 Anhalt Road,Topeka,Kansas,United States
2170,Raffarty,Hambidge,rhambidge1o9@mozilla.org,936-851-3687,9 Hanover Lane,Houston,Texas,United States
2171,Nicolis,Polgreen,npolgreen1oa@ucoz.ru,212-112-2953,18 Independence Center,New York City,New York,United States
2172,Alexandros,Glennard,aglennard1ob@about.com,260-676-4721,8 Stoughton Hill,Fort Wayne,Indiana,United States
2173,Lindy,Croxon,lcroxon1oc@redcross.org,314-889-3563,4 Morrow Drive,Saint Louis,Missouri,United States
2174,Huey,Ronchka,hronchka1od@prlog.org,334-701-8066,073 Mcbride Pass,Montgomery,Alabama,United States
2175,Ephrayim,Gyrgorcewicx,egyrgorcewicx1oe@facebook.com,408-854-7042,93206 Golf Course Junction,San Jose,California,United States
2176,Querida,Gallally,qgallally1of@omniture.com,202-355-7569,7405 Anzinger Point,Washington,District of Columbia,United States
2177,Domenico,Dory,ddory1og@sogou.com,330-662-3962,8563 Marcy Hill,Canton,Ohio,United States
2178,Kurt,Seamons,kseamons1oh@accuweather.com,603-406-8205,3 Schiller Trail,Portsmouth,New Hampshire,United States
2179,Othilie,McCloughen,omccloughen1oi@hhs.gov,702-607-5896,49 Katie Park,Las Vegas,Nevada,United States
2180,Gothart,Capinetti,gcapinetti1oj@marriott.com,203-628-8157,71628 Commercial Lane,Waterbury,Connecticut,United States
2181,Dugald,Syres,dsyres1ok@zimbio.com,508-119-1860,7251 Atwood Street,Worcester,Massachusetts,United States
2182,Seward,Robion,srobion1ol@sogou.com,617-439-5167,2203 Monterey Lane,Boston,Massachusetts,United States
2183,Ernst,Panther,epanther1om@usatoday.com,724-570-5552,808 Green Alley,Pittsburgh,Pennsylvania,United States
2184,Celina,O'Carrol,cocarrol1on@spiegel.de,702-582-7634,34 Burning Wood Pass,Las Vegas,Nevada,United States
2185,Pavla,Pietruszewicz,ppietruszewicz1oo@studiopress.com,202-992-1548,7134 Delladonna Alley,Washington,District of Columbia,United States
2186,Tobit,Petraitis,tpetraitis1op@vk.com,251-139-1374,344 Oriole Junction,Mobile,Alabama,United States
2187,Cordelia,Bomb,cbomb1oq@devhub.com,212-474-9666,83 Huxley Pass,New York City,New York,United States
2188,Carlen,Gomar,cgomar1or@nba.com,402-474-6000,48 Eagle Crest Avenue,Omaha,Nebraska,United States
2189,Quinn,Beckmann,qbeckmann1os@imgur.com,206-522-8362,2024 Pierstorff Junction,Seattle,Washington,United States
2190,Dari,Bendon,dbendon1ot@wordpress.org,303-602-0857,6555 Bultman Hill,Denver,Colorado,United States
2191,Leanna,Iacofo,liacofo1ou@pinterest.com,843-259-4006,9380 Lake View Terrace,Charleston,South Carolina,United States
2192,Danell,Mackieson,dmackieson1ov@networksolutions.com,256-559-2155,6397 Stone Corner Place,Huntsville,Alabama,United States
2193,Raffarty,Partener,rpartener1ow@weather.com,240-734-5952,692 Valley Edge Hill,Gaithersburg,Maryland,United States
2194,De,O'Gorman,dogorman1ox@tripod.com,414-847-5421,4 Rusk Road,Milwaukee,Wisconsin,United States
2195,Serene,Woolaston,swoolaston1oy@ox.ac.uk,202-966-2307,52459 Delaware Way,Washington,District of Columbia,United States
2196,Frank,Toby,ftoby1oz@pcworld.com,952-583-2768,6 Stuart Junction,Maple Plain,Minnesota,United States
2197,Ricki,Kershow,rkershow1p0@tripod.com,859-455-8955,79843 Hintze Place,Lexington,Kentucky,United States
2198,Boigie,Gillani,bgillani1p1@independent.co.uk,614-969-4460,38767 Susan Pass,Columbus,Ohio,United States
2199,Ivonne,Bedbury,ibedbury1p2@uiuc.edu,682-359-5394,8676 Duke Court,Fort Worth,Texas,United States
2200,Josy,Traynor,jtraynor1p3@house.gov,812-795-0493,79 Spenser Plaza,Evansville,Indiana,United States
2201,Yuma,Vinall,yvinall1p4@about.com,901-207-4729,46508 3rd Drive,Memphis,Tennessee,United States
2202,Brigida,Webermann,bwebermann1p5@mysql.com,360-188-1023,490 Clove Crossing,Olympia,Washington,United States
2203,Marinna,Jellis,mjellis1p6@twitpic.com,773-538-2005,2 Delladonna Road,Chicago,Illinois,United States
2204,Dita,Oller,doller1p7@latimes.com,251-962-8917,19 Cascade Point,Mobile,Alabama,United States
2205,Minetta,Adnett,madnett1p8@deviantart.com,843-661-4843,85 Longview Place,Charleston,South Carolina,United States
2206,Noell,Heifer,nheifer1p9@opensource.org,954-721-1921,434 Golf Junction,Fort Lauderdale,Florida,United States
2207,Kellsie,Goucher,kgoucher1pa@cpanel.net,901-210-5573,07 Iowa Court,Memphis,Tennessee,United States
2208,Erminie,Moss,emoss1pb@statcounter.com,231-431-8040,8492 Dottie Crossing,Muskegon,Michigan,United States
2209,Farrell,Sturror,fsturror1pc@cam.ac.uk,254-768-3635,6272 Barby Circle,Waco,Texas,United States
2210,Jaquenette,Hutable,jhutable1pd@eepurl.com,205-951-6313,051 Thierer Avenue,Birmingham,Alabama,United States
2211,Hamlen,Tomlinson,htomlinson1pe@wisc.edu,561-259-6103,86 Riverside Avenue,Palm Bay,Florida,United States
2212,Rheta,Trustram,rtrustram1pf@dyndns.org,213-125-6327,1 Corben Lane,Van Nuys,California,United States
2213,Gino,Bleazard,gbleazard1pg@soundcloud.com,214-867-0284,12 Moland Place,Dallas,Texas,United States
2214,Lindie,Hebner,lhebner1ph@technorati.com,317-880-3509,685 Mendota Terrace,Indianapolis,Indiana,United States
2215,Catina,Trimming,ctrimming1pi@ca.gov,850-694-5054,136 Shelley Hill,Panama City,Florida,United States
2216,Bebe,Blodg,bblodg1pj@istockphoto.com,605-908-4281,8 Butternut Pass,Sioux Falls,South Dakota,United States
2217,Trixy,Garm,tgarm1pk@rambler.ru,812-814-6880,3 Loftsgordon Parkway,Evansville,Indiana,United States
2218,Thibaud,Krzyzaniak,tkrzyzaniak1pl@mayoclinic.com,971-684-8020,70613 Petterle Place,Portland,Oregon,United States
2219,Christye,Janous,cjanous1pm@desdev.cn,313-544-5670,3 Schlimgen Circle,Detroit,Michigan,United States
2220,Alys,Eichmann,aeichmann1pn@globo.com,609-114-0123,53544 Charing Cross Terrace,Trenton,New Jersey,United States
2221,Brunhilde,Tompkiss,btompkiss1po@meetup.com,203-213-2033,910 Kim Hill,Norwalk,Connecticut,United States
2222,Alma,Benson,abenson1pp@google.ru,414-132-8502,8 Mosinee Alley,Milwaukee,Wisconsin,United States
2223,Zoe,Duckhouse,zduckhouse1pq@prweb.com,309-753-8301,75 Anniversary Alley,Carol Stream,Illinois,United States
2224,Rayna,Knowlman,rknowlman1pr@hao123.com,704-187-0497,3831 Hermina Way,Charlotte,North Carolina,United States
2225,Netty,Alwood,nalwood1ps@scribd.com,610-417-6393,265 Hintze Avenue,Philadelphia,Pennsylvania,United States
2226,Dynah,Bruhke,dbruhke1pt@tamu.edu,913-492-7480,1515 Everett Point,Kansas City,Kansas,United States
2227,Gelya,Lynas,glynas1pu@narod.ru,860-296-0603,394 Calypso Terrace,Hartford,Connecticut,United States
2228,Mischa,Jedrzejczyk,mjedrzejczyk1pv@omniture.com,682-465-0089,42 Pennsylvania Junction,Fort Worth,Texas,United States
2229,Rana,Simpkin,rsimpkin1pw@reverbnation.com,214-883-8198,45314 Troy Center,Dallas,Texas,United States
2230,Miran,Nicol,mnicol1px@a8.net,304-322-2741,11606 Lukken Drive,Charleston,West Virginia,United States
2231,Constantin,Brigden,cbrigden1py@artisteer.com,602-759-4318,2849 Magdeline Avenue,Phoenix,Arizona,United States
2232,Evelina,Phebey,ephebey1pz@noaa.gov,419-965-6365,43 Helena Way,Mansfield,Ohio,United States
2233,Margareta,Winear,mwinear1q0@bravesites.com,210-129-3754,61 Brown Trail,San Antonio,Texas,United States
2234,Greer,Klaiser,gklaiser1q1@dion.ne.jp,601-939-4505,35 Dakota Center,Hattiesburg,Mississippi,United States
2235,Finley,Ervine,fervine1q2@europa.eu,559-922-8873,34153 Browning Place,Fresno,California,United States
2236,Jenelle,Larham,jlarham1q3@narod.ru,915-398-7448,581 Forest Road,El Paso,Texas,United States
2237,Michaelina,Tenby,mtenby1q4@jigsy.com,864-160-9331,34325 Mendota Place,Greenville,South Carolina,United States
2238,York,Skehens,yskehens1q5@livejournal.com,865-803-1613,33 Waubesa Park,Knoxville,Tennessee,United States
2239,Rhiamon,Amberg,ramberg1q6@etsy.com,352-155-9094,1 Reindahl Court,Spring Hill,Florida,United States
2240,Nertie,MacKall,nmackall1q7@ted.com,734-236-8836,24 Vermont Street,Dearborn,Michigan,United States
2241,Katharyn,Balfre,kbalfre1q8@statcounter.com,413-966-7284,2589 Chinook Junction,Springfield,Massachusetts,United States
2242,Julee,Winsiowiecki,jwinsiowiecki1q9@spotify.com,219-757-5665,0 Westport Parkway,Gary,Indiana,United States
2243,Hobie,Manwell,hmanwell1qa@wired.com,202-299-0463,975 Old Gate Crossing,Washington,District of Columbia,United States
2244,Bennie,Royle,broyle1qb@google.pl,571-355-2714,6961 Red Cloud Way,Sterling,Virginia,United States
2245,Rodney,Diack,rdiack1qc@google.ca,336-239-1305,2 Carberry Junction,Greensboro,North Carolina,United States
2246,Latashia,Meindl,lmeindl1qd@php.net,407-401-2879,6689 Mcguire Avenue,Winter Haven,Florida,United States
2247,Jaimie,MacIver,jmaciver1qe@nbcnews.com,202-294-9236,5 Lien Terrace,Washington,District of Columbia,United States
2248,Dyan,Bichener,dbichener1qf@wikia.com,813-593-6399,86535 Anhalt Junction,Tampa,Florida,United States
2249,Nessi,Harm,nharm1qg@msu.edu,626-562-2290,15 Golf Course Road,Pasadena,California,United States
2250,Buffy,Ivanishev,bivanishev1qh@meetup.com,484-680-8478,4 Brickson Park Road,Valley Forge,Pennsylvania,United States
2251,Maurizio,O'Looney,molooney1qi@google.fr,816-237-7771,416 Surrey Road,Kansas City,Missouri,United States
2252,Ardyce,Clyburn,aclyburn1qj@example.com,616-756-6195,5 Charing Cross Park,Grand Rapids,Michigan,United States
2253,Aurelia,Bowditch,abowditch1qk@bigcartel.com,904-850-6909,26 Fairview Terrace,Jacksonville,Florida,United States
2254,Kara,Collimore,kcollimore1ql@hud.gov,409-995-3579,1 Hudson Pass,Spring,Texas,United States
2255,Maurise,Haddeston,mhaddeston1qm@cbslocal.com,540-657-2037,178 Meadow Ridge Junction,Roanoke,Virginia,United States
2256,Isidore,Flockhart,iflockhart1qn@ovh.net,404-970-5910,73 Delaware Junction,Atlanta,Georgia,United States
2257,Shea,BURWIN,sburwin1qo@wufoo.com,864-539-7608,461 Luster Center,Greenville,South Carolina,United States
2258,Quintus,Haggidon,qhaggidon1qp@dedecms.com,206-551-6122,6275 Carpenter Park,Seattle,Washington,United States
2259,Tammy,Allison,tallison1qq@accuweather.com,918-582-1645,7666 Dapin Lane,Tulsa,Oklahoma,United States
2260,Cherise,Schachter,cschachter1qr@si.edu,412-666-2017,58 New Castle Plaza,Pittsburgh,Pennsylvania,United States
2261,Jeremie,Coulling,jcoulling1qs@geocities.jp,720-742-7509,0697 Maple Wood Park,Littleton,Colorado,United States
2262,Padraic,Tapsell,ptapsell1qt@rambler.ru,918-126-0943,1 Schurz Place,Tulsa,Oklahoma,United States
2263,Ashlie,Buzin,abuzin1qu@live.com,904-424-8191,38932 Fairview Drive,Jacksonville,Florida,United States
2264,Haskell,Dressel,hdressel1qv@shutterfly.com,615-126-1373,296 Lillian Way,Murfreesboro,Tennessee,United States
2265,Deedee,Catterick,dcatterick1qw@scientificamerican.com,210-627-6921,865 Bobwhite Trail,San Antonio,Texas,United States
2266,Konstantin,Stockey,kstockey1qx@sina.com.cn,818-140-7843,94 Wayridge Terrace,Santa Monica,California,United States
2267,Elsy,Purnell,epurnell1qy@nydailynews.com,305-314-8305,7300 Maywood Plaza,Miami,Florida,United States
2268,Olympe,Chittenden,ochittenden1qz@telegraph.co.uk,469-976-0095,279 Bashford Court,Dallas,Texas,United States
2269,Othella,Tarbin,otarbin1r0@illinois.edu,714-937-6847,84769 Killdeer Parkway,Santa Ana,California,United States
2270,Milli,Penkman,mpenkman1r1@miibeian.gov.cn,585-576-2139,772 Forster Alley,Rochester,New York,United States
2271,Errol,Dahlberg,edahlberg1r2@wired.com,918-155-6801,094 Dahle Terrace,Tulsa,Oklahoma,United States
2272,Fidelity,Trayford,ftrayford1r3@arizona.edu,504-445-2650,7 West Center,New Orleans,Louisiana,United States
2273,Armin,Cars,acars1r4@apple.com,571-857-7134,7 Weeping Birch Circle,Arlington,Virginia,United States
2274,Kassia,Tregale,ktregale1r5@w3.org,813-223-9458,258 Meadow Vale Plaza,Tampa,Florida,United States
2275,Olivie,Cossans,ocossans1r6@nytimes.com,832-899-5621,02 Di Loreto Plaza,Houston,Texas,United States
2276,Lorain,Quinsee,lquinsee1r7@google.cn,360-574-6408,8113 Dryden Terrace,Kent,Washington,United States
2277,Elbert,McGenis,emcgenis1r8@blogtalkradio.com,318-378-5900,37 Hanson Place,Shreveport,Louisiana,United States
2278,Ammamaria,Denning,adenning1r9@reverbnation.com,410-348-7295,74174 Schlimgen Alley,Baltimore,Maryland,United States
2279,Ly,Cayle,lcayle1ra@scientificamerican.com,325-260-3852,78 Hanover Street,Abilene,Texas,United States
2280,Johnathon,Longmire,jlongmire1rb@eepurl.com,404-481-4614,520 Corscot Parkway,Atlanta,Georgia,United States
2281,Antonina,Quipp,aquipp1rc@multiply.com,810-579-5496,29 Warbler Point,Warren,Michigan,United States
2282,Jarrid,Staggs,jstaggs1rd@oakley.com,480-811-3568,62603 Warner Parkway,Phoenix,Arizona,United States
2283,Loutitia,Gwatkins,lgwatkins1re@github.com,757-341-5582,9 Leroy Junction,Newport News,Virginia,United States
2284,Trula,Petracci,tpetracci1rf@yellowbook.com,215-876-5510,2 Southridge Trail,Philadelphia,Pennsylvania,United States
2285,Elsinore,Castanos,ecastanos1rg@cbslocal.com,202-750-9431,4149 Chinook Circle,Washington,District of Columbia,United States
2286,Moe,Outright,moutright1rh@chicagotribune.com,904-116-3114,828 Gale Hill,Jacksonville,Florida,United States
2287,Neill,Howsden,nhowsden1ri@dagondesign.com,904-629-8757,24 Nelson Road,Jacksonville,Florida,United States
2288,Aila,Cowoppe,acowoppe1rj@ocn.ne.jp,717-386-9106,31085 Linden Crossing,Harrisburg,Pennsylvania,United States
2289,Emogene,Hanshaw,ehanshaw1rk@apple.com,410-238-1668,49 Novick Junction,Baltimore,Maryland,United States
2290,Guillemette,Pardue,gpardue1rl@businesswire.com,585-402-4961,6600 Merry Hill,Rochester,New York,United States
2291,Svend,Dobson,sdobson1rm@oracle.com,707-965-7272,71766 Meadow Ridge Alley,Santa Rosa,California,United States
2292,Adolpho,Darwood,adarwood1rn@epa.gov,214-771-4140,1 Becker Lane,Dallas,Texas,United States
2293,Bee,McAughtry,bmcaughtry1ro@umich.edu,949-218-4283,59 Sundown Alley,San Diego,California,United States
2294,Chrisse,Callister,ccallister1rp@lycos.com,630-952-9145,15334 Forest Lane,Aurora,Illinois,United States
2295,Charla,McCrorie,cmccrorie1rq@biglobe.ne.jp,313-914-8123,0677 Waywood Alley,Detroit,Michigan,United States
2296,Gisella,Roache,groache1rr@comcast.net,916-203-2768,07346 Cordelia Pass,Sacramento,California,United States
2297,Margery,Karpychev,mkarpychev1rs@independent.co.uk,405-137-6713,13089 Mcguire Street,Oklahoma City,Oklahoma,United States
2298,Sylvan,Rickman,srickman1rt@4shared.com,240-760-2360,3577 Ludington Terrace,Rockville,Maryland,United States
2299,Doll,Keep,dkeep1ru@indiegogo.com,813-331-8058,17 Pennsylvania Crossing,Tampa,Florida,United States
2300,Ceil,Olivas,colivas1rv@furl.net,813-857-2746,18 Monterey Plaza,Tampa,Florida,United States
2301,Nicol,De La Salle,ndelasalle1rw@shop-pro.jp,262-746-8520,6517 Summit Plaza,Racine,Wisconsin,United States
2302,Idelle,Frise,ifrise1rx@flavors.me,208-555-4684,55 Bobwhite Park,Idaho Falls,Idaho,United States
2303,Agata,Threadgould,athreadgould1ry@yelp.com,510-862-7838,5390 Thompson Trail,Sacramento,California,United States
2304,Godfree,Dannatt,gdannatt1rz@opera.com,405-807-5401,860 Pankratz Alley,Oklahoma City,Oklahoma,United States
2305,Dawn,Milbank,dmilbank1s0@delicious.com,773-667-2898,560 Cherokee Pass,Chicago,Illinois,United States
2306,Jori,Follet,jfollet1s1@mac.com,423-281-3516,2 Anthes Crossing,Kingsport,Tennessee,United States
2307,Melany,Burtwell,mburtwell1s2@thetimes.co.uk,214-784-2017,70 Stone Corner Terrace,Dallas,Texas,United States
2308,Annis,Plunket,aplunket1s3@tmall.com,212-699-4228,508 Butternut Center,New York City,New York,United States
2309,Celinda,Rasmus,crasmus1s4@opensource.org,619-731-8374,1947 High Crossing Lane,San Diego,California,United States
2310,Therese,Cudby,tcudby1s5@digg.com,561-805-8697,23 Bunker Hill Junction,West Palm Beach,Florida,United States
2311,Quint,Lowseley,qlowseley1s6@csmonitor.com,701-917-4242,2 Hagan Park,Grand Forks,North Dakota,United States
2312,Marthena,Garley,mgarley1s7@goodreads.com,713-547-9748,90935 Gateway Court,Houston,Texas,United States
2313,Brook,Loud,bloud1s8@sfgate.com,917-638-7734,6771 Eggendart Avenue,Flushing,New York,United States
2314,Zolly,Dunston,zdunston1s9@wp.com,913-620-6783,359 Debs Park,Kansas City,Kansas,United States
2315,Jamal,Hardinge,jhardinge1sa@aboutads.info,918-344-5722,94 Monument Plaza,Tulsa,Oklahoma,United States
2316,Heall,Palomba,hpalomba1sb@tripod.com,304-272-9922,1032 Cardinal Terrace,Huntington,West Virginia,United States
2317,Britt,Delooze,bdelooze1sc@fotki.com,626-635-8819,7924 Mccormick Alley,Los Angeles,California,United States
2318,Alister,O'Suaird,aosuaird1sd@ifeng.com,856-331-0158,308 Hoepker Crossing,Camden,New Jersey,United States
2319,Cathrin,Threadgould,cthreadgould1se@chronoengine.com,615-976-7107,33980 Hollow Ridge Circle,Nashville,Tennessee,United States
2320,Chaddy,Flasby,cflasby1sf@princeton.edu,361-148-1654,42937 Clyde Gallagher Alley,Corpus Christi,Texas,United States
2321,Madeline,Peplay,mpeplay1sg@slideshare.net,786-554-3514,9 Park Meadow Center,Miami,Florida,United States
2322,Bryon,Abram,babram1sh@dell.com,804-585-0311,4554 Northport Parkway,Richmond,Virginia,United States
2323,Rudolf,Bather,rbather1si@spotify.com,540-326-6395,4 Buena Vista Crossing,Roanoke,Virginia,United States
2324,Elonore,Craisford,ecraisford1sj@techcrunch.com,916-677-4585,59 Saint Paul Way,Sacramento,California,United States
2325,Betti,Dovinson,bdovinson1sk@hubpages.com,816-615-5098,98203 Browning Alley,Kansas City,Missouri,United States
2326,Junia,Kinnaird,jkinnaird1sl@house.gov,612-476-6813,87 Waywood Road,Minneapolis,Minnesota,United States
2327,Marin,Karpets,mkarpets1sm@hibu.com,513-780-3531,0363 Meadow Vale Plaza,Columbus,Ohio,United States
2328,Tabina,Rumin,trumin1sn@oracle.com,570-210-4548,9 Raven Parkway,Wilkes Barre,Pennsylvania,United States
2329,Carmela,Romanski,cromanski1so@un.org,502-695-7638,192 Meadow Valley Plaza,Migrate,Kentucky,United States
2330,Timothea,de Keep,tdekeep1sp@baidu.com,941-488-8375,807 Melody Park,Punta Gorda,Florida,United States
2331,Umberto,Vaszoly,uvaszoly1sq@gizmodo.com,248-113-8978,3 Kennedy Lane,Detroit,Michigan,United States
2332,Odetta,Huckett,ohuckett1sr@apache.org,415-846-2252,9 Melby Street,San Francisco,California,United States
2333,Tansy,Spary,tspary1ss@techcrunch.com,907-127-7708,3458 Mayer Junction,Anchorage,Alaska,United States
2334,Linus,Whitwham,lwhitwham1st@ibm.com,812-728-4549,93 Ryan Street,Evansville,Indiana,United States
2335,Berk,Tower,btower1su@nbcnews.com,682-729-9517,31414 Hayes Avenue,Fort Worth,Texas,United States
2336,Avis,Fryett,afryett1sv@is.gd,337-148-6474,1 Messerschmidt Point,Lafayette,Louisiana,United States
2337,Cleve,Buxam,cbuxam1sw@myspace.com,203-890-5077,15 Stephen Pass,New Haven,Connecticut,United States
2338,Teirtza,Fishleigh,tfishleigh1sx@rambler.ru,214-427-0754,5071 Continental Street,Dallas,Texas,United States
2339,Dmitri,McDugal,dmcdugal1sy@bbc.co.uk,205-853-2770,21 Kropf Hill,Birmingham,Alabama,United States
2340,Frasier,Bradlaugh,fbradlaugh1sz@stumbleupon.com,559-961-6920,2 Crowley Hill,Modesto,California,United States
2341,Tootsie,Barns,tbarns1t0@npr.org,816-497-7366,5977 Johnson Trail,Kansas City,Missouri,United States
2342,Tildi,Huygen,thuygen1t1@meetup.com,334-567-3113,10091 Dahle Pass,Montgomery,Alabama,United States
2343,Artemis,Sugg,asugg1t2@cloudflare.com,615-714-9584,754 Farwell Junction,Nashville,Tennessee,United States
2344,Paxon,Manley,pmanley1t3@bing.com,254-126-8309,11 Warner Court,Temple,Texas,United States
2345,Gaelan,Wreakes,gwreakes1t4@jiathis.com,413-597-2419,172 Harbort Court,Springfield,Massachusetts,United States
2346,Lurette,Leavold,lleavold1t5@imdb.com,704-646-9399,6772 Burrows Junction,Charlotte,North Carolina,United States
2347,Bartram,Farlamb,bfarlamb1t6@dion.ne.jp,210-848-0643,87 Carey Point,San Antonio,Texas,United States
2348,Johny,Wavell,jwavell1t7@hud.gov,801-818-5856,2347 Clyde Gallagher Road,Ogden,Utah,United States
2349,Malorie,Tuttiett,mtuttiett1t8@blogger.com,330-995-7697,86513 Forster Center,Canton,Ohio,United States
2350,Jessalyn,Fawcitt,jfawcitt1t9@forbes.com,904-298-9823,12 Golden Leaf Center,Jacksonville,Florida,United States
2351,Ericka,Cadman,ecadman1ta@skyrock.com,210-254-9842,26342 Talisman Way,San Antonio,Texas,United States
2352,Opal,Dunsmore,odunsmore1tb@woothemes.com,202-497-8893,7 Hovde Lane,Washington,District of Columbia,United States
2353,Uta,Favey,ufavey1tc@woothemes.com,630-627-0797,1 Fairfield Way,Naperville,Illinois,United States
2354,Leandra,Doerrling,ldoerrling1td@people.com.cn,850-693-9912,40 Sherman Junction,Tallahassee,Florida,United States
2355,Minnnie,Danielovitch,mdanielovitch1te@cbc.ca,404-345-9062,59 Thierer Court,Duluth,Georgia,United States
2356,Jewelle,Darrel,jdarrel1tf@berkeley.edu,302-470-4447,65238 Crescent Oaks Hill,Newark,Delaware,United States
2357,Germayne,McDonnell,gmcdonnell1tg@google.com,419-243-0971,8433 Fremont Crossing,Toledo,Ohio,United States
2358,Randolf,Penreth,rpenreth1th@cbsnews.com,850-966-1145,2976 Pine View Hill,Tallahassee,Florida,United States
2359,Glenda,Ferrettino,gferrettino1ti@tripadvisor.com,503-721-2376,45 Miller Plaza,Portland,Oregon,United States
2360,Eva,Beatens,ebeatens1tj@marriott.com,203-244-0936,96 Eastwood Center,Hartford,Connecticut,United States
2361,Nelly,Bowle,nbowle1tk@geocities.jp,304-854-0928,30 Mesta Trail,Charleston,West Virginia,United States
2362,Nert,Roberto,nroberto1tl@woothemes.com,757-893-1332,118 Grasskamp Crossing,Chesapeake,Virginia,United States
2363,Wylie,Oldnall,woldnall1tm@sun.com,586-946-2026,8 Lighthouse Bay Center,Southfield,Michigan,United States
2364,Si,Dungay,sdungay1tn@symantec.com,504-133-7340,888 Forest Run Parkway,New Orleans,Louisiana,United States
2365,Silvio,Indgs,sindgs1to@deviantart.com,508-169-2153,0 Vahlen Avenue,Brockton,Massachusetts,United States
2366,Dana,Tranckle,dtranckle1tp@theglobeandmail.com,410-448-9381,96335 Grim Court,Laurel,Maryland,United States
2367,Frank,Fireman,ffireman1tq@smh.com.au,646-763-4729,85155 Lillian Point,Brooklyn,New York,United States
2368,Reidar,Sandey,rsandey1tr@topsy.com,517-390-2612,8209 Judy Hill,Lansing,Michigan,United States
2369,Gilli,Carleton,gcarleton1ts@fotki.com,651-410-6285,77295 Dawn Center,Saint Paul,Minnesota,United States
2370,Angelia,Schellig,aschellig1tt@blog.com,786-412-4170,8 Hanson Parkway,Miami,Florida,United States
2371,Boote,Pitcock,bpitcock1tu@reddit.com,570-530-1275,92312 Crowley Way,Wilkes Barre,Pennsylvania,United States
2372,Caesar,Bamlet,cbamlet1tv@state.gov,702-206-8005,52 Lillian Lane,Las Vegas,Nevada,United States
2373,Ase,Feldfisher,afeldfisher1tw@cbsnews.com,713-526-6972,4619 Maple Wood Street,Houston,Texas,United States
2374,Cordie,Briddle,cbriddle1tx@epa.gov,520-873-8278,24927 Macpherson Pass,Tucson,Arizona,United States
2375,Jeanine,Luddy,jluddy1ty@who.int,916-849-8442,5 Kinsman Terrace,Sacramento,California,United States
2376,Tobe,Meggison,tmeggison1tz@go.com,405-825-5347,1 Mayfield Lane,Oklahoma City,Oklahoma,United States
2377,Ingaborg,Allden,iallden1u0@toplist.cz,843-907-8103,99455 Schiller Road,Charleston,South Carolina,United States
2378,Wilfred,Vurley,wvurley1u1@google.ru,318-401-4317,9 Harbort Street,Alexandria,Louisiana,United States
2379,Magdaia,Castiello,mcastiello1u2@spotify.com,682-832-8189,00 Surrey Pass,Fort Worth,Texas,United States
2380,Budd,Derrell,bderrell1u3@sitemeter.com,513-472-3705,4 Cambridge Lane,Cincinnati,Ohio,United States
2381,Del,Sommerville,dsommerville1u4@paypal.com,571-555-7415,1 Vernon Avenue,Merrifield,Virginia,United States
2382,Stormy,Mansell,smansell1u5@eepurl.com,812-439-1636,65063 Pond Park,Evansville,Indiana,United States
2383,Charyl,Dytham,cdytham1u6@harvard.edu,724-726-0354,82886 Di Loreto Road,Pittsburgh,Pennsylvania,United States
2384,Caryl,Dunk,cdunk1u7@soup.io,281-199-5071,1 Carioca Terrace,Houston,Texas,United States
2385,Uriel,De Giovanni,udegiovanni1u8@paypal.com,682-816-8948,933 Heath Trail,Fort Worth,Texas,United States
2386,Willabella,Illem,willem1u9@freewebs.com,786-831-3794,6 Hagan Court,Miami,Florida,United States
2387,Tye,Catonne,tcatonne1ua@bandcamp.com,303-568-8821,1023 Jenna Pass,Denver,Colorado,United States
2388,Burlie,Hartford,bhartford1ub@google.com,718-939-4391,329 Pleasure Plaza,Jamaica,New York,United States
2389,Harlie,Beasleigh,hbeasleigh1uc@fotki.com,901-211-8685,76 1st Road,Memphis,Tennessee,United States
2390,Hulda,Skin,hskin1ud@simplemachines.org,904-418-2744,02 Burrows Point,Jacksonville,Florida,United States
2391,Hirsch,Goathrop,hgoathrop1ue@illinois.edu,503-167-4358,37 Fairview Park,Portland,Oregon,United States
2392,Karlee,Dundridge,kdundridge1uf@icio.us,202-196-1805,352 Jay Court,Bethesda,Maryland,United States
2393,Magdalena,Annion,mannion1ug@goo.gl,202-626-0857,280 Dahle Crossing,Washington,District of Columbia,United States
2394,Lorri,Stearns,lstearns1uh@aboutads.info,215-354-7755,133 Gina Court,Philadelphia,Pennsylvania,United States
2395,Thornie,Stockwell,tstockwell1ui@de.vu,701-538-4200,7531 Village Court,Fargo,North Dakota,United States
2396,Melessa,Garlett,mgarlett1uj@dion.ne.jp,915-577-6375,4515 Grim Trail,El Paso,Texas,United States
2397,Phebe,Wedon,pwedon1uk@paginegialle.it,904-651-0900,996 La Follette Park,Jacksonville,Florida,United States
2398,Duke,Michelle,dmichelle1ul@parallels.com,919-497-4804,2 Lighthouse Bay Crossing,Raleigh,North Carolina,United States
2399,Peyton,Atkyns,patkyns1um@elpais.com,262-179-0321,1 Barby Trail,Milwaukee,Wisconsin,United States
2400,Bern,Echalier,bechalier1un@vinaora.com,405-321-0721,6 Eagle Crest Street,Oklahoma City,Oklahoma,United States
2401,Leicester,Bardsley,lbardsley1uo@economist.com,402-904-5118,556 Fairfield Hill,Lincoln,Nebraska,United States
2402,Torey,Speechly,tspeechly1up@blogs.com,612-508-2529,73267 Hudson Pass,Minneapolis,Minnesota,United States
2403,Clarey,Bunten,cbunten1uq@tiny.cc,610-354-8385,7576 South Terrace,Reading,Pennsylvania,United States
2404,Valentijn,Dassindale,vdassindale1ur@ask.com,612-796-3337,236 Bluestem Drive,Saint Paul,Minnesota,United States
2405,Nikita,Wort,nwort1us@yelp.com,520-676-8250,8752 Anderson Plaza,Tucson,Arizona,United States
2406,Shelby,Rathbourne,srathbourne1ut@tiny.cc,503-901-4507,07 Sherman Point,Salem,Oregon,United States
2407,Georgena,Bartalot,gbartalot1uu@who.int,314-981-6480,51 Maple Wood Avenue,Saint Louis,Missouri,United States
2408,Michaelina,Wayland,mwayland1uv@clickbank.net,979-855-4784,18068 Dahle Avenue,College Station,Texas,United States
2409,Anjanette,Di Biaggi,adibiaggi1uw@house.gov,713-455-7848,91167 South Terrace,Houston,Texas,United States
2410,Colby,Woolnough,cwoolnough1ux@google.ca,202-760-9655,3435 Welch Crossing,Washington,District of Columbia,United States
2411,Cilka,Geary,cgeary1uy@dagondesign.com,281-835-3636,23524 Darwin Crossing,Houston,Texas,United States
2412,Fredrika,Issacson,fissacson1uz@booking.com,404-791-6090,0925 Di Loreto Lane,Norcross,Georgia,United States
2413,Jolynn,Lindberg,jlindberg1v0@mozilla.org,941-909-8760,0077 Crescent Oaks Trail,North Port,Florida,United States
2414,Deerdre,Chisholm,dchisholm1v1@guardian.co.uk,706-514-3363,96 Fieldstone Place,Athens,Georgia,United States
2415,Gordan,Bowdon,gbowdon1v2@va.gov,785-729-1846,50 3rd Point,Topeka,Kansas,United States
2416,Delano,Stanbridge,dstanbridge1v3@biblegateway.com,915-179-0833,72 John Wall Court,El Paso,Texas,United States
2417,Heda,Baldack,hbaldack1v4@netlog.com,406-930-2388,7 Stang Crossing,Billings,Montana,United States
2418,Berthe,Graysmark,bgraysmark1v5@over-blog.com,914-236-4208,2114 Dahle Center,Staten Island,New York,United States
2419,Jeannie,Osichev,josichev1v6@nyu.edu,206-139-4843,3640 Oakridge Lane,Seattle,Washington,United States
2420,Tudor,Allanby,tallanby1v7@github.io,214-740-4328,160 Fairview Avenue,Dallas,Texas,United States
2421,Inessa,Pealing,ipealing1v8@google.co.uk,910-118-0452,6989 Brown Avenue,Wilmington,North Carolina,United States
2422,Kriste,Yter,kyter1v9@google.com,615-498-8120,2155 Pankratz Drive,Nashville,Tennessee,United States
2423,Hogan,Peet,hpeet1va@bloglines.com,760-775-7057,621 Shasta Crossing,Escondido,California,United States
2424,Cherin,Kennedy,ckennedy1vb@cdbaby.com,714-682-9684,0 8th Street,Irvine,California,United States
2425,Terrel,Chichgar,tchichgar1vc@nasa.gov,860-631-6463,0169 Mandrake Park,Hartford,Connecticut,United States
2426,Adah,St. Ledger,astledger1vd@google.ru,862-910-1151,62 Bultman Hill,Newark,New Jersey,United States
2427,Murdock,McAvaddy,mmcavaddy1ve@gnu.org,205-218-1128,81 Lukken Avenue,Birmingham,Alabama,United States
2428,Mollee,Gergher,mgergher1vf@ebay.co.uk,585-802-3156,814 Farmco Center,Rochester,New York,United States
2429,Aldric,Kennally,akennally1vg@altervista.org,718-688-4863,6601 Gina Center,Staten Island,New York,United States
2430,Liz,Lewer,llewer1vh@soundcloud.com,212-834-7131,13446 Golden Leaf Trail,New York City,New York,United States
2431,Aksel,Kares,akares1vi@house.gov,608-527-0562,5557 Esch Lane,Madison,Wisconsin,United States
2432,Mair,Gilling,mgilling1vj@ted.com,806-138-5868,0 Marquette Avenue,Lubbock,Texas,United States
2433,Kata,Wildman,kwildman1vk@sina.com.cn,719-736-4376,30130 Shoshone Park,Colorado Springs,Colorado,United States
2434,Vassili,Van Velden,vvanvelden1vl@devhub.com,763-118-3193,507 Buena Vista Drive,Monticello,Minnesota,United States
2435,Hiram,Chatwood,hchatwood1vm@cargocollective.com,916-189-3714,60 Duke Way,Sacramento,California,United States
2436,Damiano,Cosford,dcosford1vn@usa.gov,713-881-7467,557 Declaration Circle,Houston,Texas,United States
2437,Britteny,Levinge,blevinge1vo@dailymotion.com,505-210-6112,1 Buena Vista Parkway,Albuquerque,New Mexico,United States
2438,Lia,Searston,lsearston1vp@ask.com,713-637-1130,257 Rowland Center,Houston,Texas,United States
2439,Tildie,Cardoso,tcardoso1vq@gov.uk,919-503-4814,7 Crescent Oaks Hill,Raleigh,North Carolina,United States
2440,Christalle,Badini,cbadini1vr@dion.ne.jp,858-358-4694,969 Ronald Regan Circle,San Diego,California,United States
2441,Onfroi,Casely,ocasely1vs@plala.or.jp,901-412-6706,270 Mendota Trail,Memphis,Tennessee,United States
2442,Ebony,Griffin,egriffin1vt@forbes.com,813-279-3228,906 Prairieview Road,Tampa,Florida,United States
2443,Barby,Toplin,btoplin1vu@geocities.jp,360-974-1774,878 Prairie Rose Way,Vancouver,Washington,United States
2444,Davey,Daybell,ddaybell1vv@businessinsider.com,330-985-2271,1 Haas Crossing,Canton,Ohio,United States
2445,Binny,Phillps,bphillps1vw@yelp.com,716-498-8363,5657 Loftsgordon Drive,Buffalo,New York,United States
2446,Nate,Beeho,nbeeho1vx@zdnet.com,574-279-0761,8 Vernon Alley,South Bend,Indiana,United States
2447,Regine,Glacken,rglacken1vy@nydailynews.com,571-971-3513,61158 Manitowish Hill,Arlington,Virginia,United States
2448,Roberto,Boltwood,rboltwood1vz@netlog.com,702-868-5736,4 4th Pass,Las Vegas,Nevada,United States
2449,Pincas,Anton,panton1w0@delicious.com,754-553-0953,52290 Merry Way,Pompano Beach,Florida,United States
2450,Lilian,Totterdill,ltotterdill1w1@flickr.com,786-328-3333,5921 Longview Street,Miami,Florida,United States
2451,Gilberta,Lamminam,glamminam1w2@bravesites.com,503-753-4122,75 Menomonie Parkway,Portland,Oregon,United States
2452,Sheri,Saltsberger,ssaltsberger1w3@ucoz.com,617-196-6459,0892 Calypso Way,Lynn,Massachusetts,United States
2453,Lisle,Mellenby,lmellenby1w4@storify.com,619-177-1640,92646 Manley Lane,Chula Vista,California,United States
2454,Herminia,Chantree,hchantree1w5@webnode.com,203-583-4386,1868 Spohn Alley,Norwalk,Connecticut,United States
2455,Lethia,Rupprecht,lrupprecht1w6@zdnet.com,408-650-7972,899 Fairfield Point,San Jose,California,United States
2456,Elka,Ruusa,eruusa1w7@smh.com.au,619-926-6853,28 Birchwood Point,San Diego,California,United States
2457,Ingeborg,Basillon,ibasillon1w8@google.com.br,585-148-5781,4677 Acker Street,Rochester,New York,United States
2458,Gal,Howkins,ghowkins1w9@woothemes.com,415-313-3215,82 Hagan Trail,San Rafael,California,United States
2459,Dode,Gounin,dgounin1wa@quantcast.com,808-192-5926,7 Caliangt Junction,Honolulu,Hawaii,United States
2460,Ferdinanda,Krug,fkrug1wb@gnu.org,434-148-2456,5 Stephen Plaza,Charlottesville,Virginia,United States
2461,Val,Downage,vdownage1wc@archive.org,312-680-1652,05 Graedel Circle,Chicago,Illinois,United States
2462,Hoyt,Whittall,hwhittall1wd@jigsy.com,865-229-2791,08 Coolidge Hill,Knoxville,Tennessee,United States
2463,Harman,Ginnally,hginnally1we@bloglovin.com,504-672-3976,06 East Drive,New Orleans,Louisiana,United States
2464,Durante,Templeman,dtempleman1wf@yandex.ru,240-739-4600,26 Valley Edge Drive,Hagerstown,Maryland,United States
2465,Thorn,Priver,tpriver1wg@booking.com,213-948-5368,5552 4th Place,Santa Ana,California,United States
2466,Arlen,Sumner,asumner1wh@alibaba.com,518-704-8224,9750 Esch Hill,Albany,New York,United States
2467,Ketti,Liggens,kliggens1wi@google.pl,313-524-8157,5828 Hollow Ridge Pass,Detroit,Michigan,United States
2468,Nancee,Girardet,ngirardet1wj@goo.gl,562-620-4874,53 North Trail,Long Beach,California,United States
2469,Mariejeanne,Topping,mtopping1wk@yahoo.com,602-623-3854,4 Valley Edge Street,Scottsdale,Arizona,United States
2470,Teri,Doxey,tdoxey1wl@nba.com,858-565-0718,91853 Welch Terrace,Orange,California,United States
2471,Hilde,Bassham,hbassham1wm@cnbc.com,678-143-1574,29733 Coolidge Way,Decatur,Georgia,United States
2472,Lory,Wannell,lwannell1wn@phpbb.com,650-961-2734,40950 Main Hill,Palo Alto,California,United States
2473,Kent,MacCarter,kmaccarter1wo@exblog.jp,937-551-9363,91146 Menomonie Parkway,Dayton,Ohio,United States
2474,Melloney,Mallett,mmallett1wp@blogs.com,816-498-3912,673 Forest Run Way,Kansas City,Missouri,United States
2475,Starlin,Ysson,sysson1wq@51.la,318-487-7547,36 Waxwing Terrace,Shreveport,Louisiana,United States
2476,Saxon,Giovannacci,sgiovannacci1wr@booking.com,210-333-4240,84805 Stoughton Avenue,San Antonio,Texas,United States
2477,Pace,Vasilechko,pvasilechko1ws@timesonline.co.uk,573-497-9285,6212 Larry Street,Jefferson City,Missouri,United States
2478,Gayleen,Belcham,gbelcham1wt@ycombinator.com,617-361-5130,58369 School Alley,Newton,Massachusetts,United States
2479,Elayne,Hendrich,ehendrich1wu@jigsy.com,936-973-7524,4 Granby Street,Conroe,Texas,United States
2480,Ernesta,Yewman,eyewman1wv@europa.eu,410-725-0311,4 David Road,Baltimore,Maryland,United States
2481,Shir,Shuttlewood,sshuttlewood1ww@house.gov,702-439-2134,3408 Saint Paul Point,Las Vegas,Nevada,United States
2482,Maynard,Ashling,mashling1wx@techcrunch.com,915-424-8359,598 Lerdahl Trail,El Paso,Texas,United States
2483,Tersina,Lange,tlange1wy@merriam-webster.com,915-199-5281,6 Anderson Junction,El Paso,Texas,United States
2484,Bram,Izard,bizard1wz@twitter.com,815-788-4668,58938 Fremont Junction,Rockford,Illinois,United States
2485,Winny,Maine,wmaine1x0@acquirethisname.com,503-586-6738,7 Lerdahl Alley,Portland,Oregon,United States
2486,Lulita,Dinis,ldinis1x1@posterous.com,203-877-9410,2997 Buena Vista Drive,Waterbury,Connecticut,United States
2487,Arlinda,Iston,aiston1x2@xinhuanet.com,903-637-6496,86198 Kedzie Crossing,Longview,Texas,United States
2488,Rouvin,Santarelli,rsantarelli1x3@vistaprint.com,480-147-8714,190 Monica Avenue,Phoenix,Arizona,United States
2489,Morissa,Kynvin,mkynvin1x4@hatena.ne.jp,619-305-5373,31 Badeau Center,San Diego,California,United States
2490,Eduardo,Alcott,ealcott1x5@npr.org,678-900-7979,54 Lake View Alley,Decatur,Georgia,United States
2491,Sayer,Balam,sbalam1x6@goo.gl,212-890-6668,9405 Westridge Avenue,New York City,New York,United States
2492,Lucian,Hoodless,lhoodless1x7@timesonline.co.uk,860-100-7277,5 Brown Hill,Hartford,Connecticut,United States
2493,Karilynn,Wignall,kwignall1x8@guardian.co.uk,318-952-3597,96416 Southridge Pass,Shreveport,Louisiana,United States
2494,Reid,Velez,rvelez1x9@privacy.gov.au,480-375-5871,0 Duke Trail,Phoenix,Arizona,United States
2495,Gerhardine,MacGaughey,gmacgaughey1xa@google.com.br,757-597-9845,6250 Haas Avenue,Norfolk,Virginia,United States
2496,Florenza,Gabbatiss,fgabbatiss1xb@amazon.co.uk,701-655-4576,711 Calypso Trail,Bismarck,North Dakota,United States
2497,Morse,Gabbidon,mgabbidon1xc@stanford.edu,402-388-5501,601 Almo Plaza,Lincoln,Nebraska,United States
2498,Urbanus,Isitt,uisitt1xd@microsoft.com,480-743-8292,813 Northridge Park,Scottsdale,Arizona,United States
2499,Jules,Trenam,jtrenam1xe@thetimes.co.uk,540-203-8235,140 Lighthouse Bay Parkway,Fredericksburg,Virginia,United States
2500,Audre,Coker,acoker1xf@netvibes.com,803-167-7147,609 East Drive,Columbia,South Carolina,United States
