id,customer_id,vehicle_id,sale_date,sale_price,payment_method
1,342,29,4/7/2023,46426.33,Cash
2,2135,16,7/26/2023,56958.21,Credit Card
3,9,39,5/27/2023,87523.75,Credit Card
4,1264,6,4/2/2023,36394.35,Credit Card
5,884,30,7/3/2023,98428.4,Credit Card
6,2361,28,12/4/2023,57531.34,Credit Card
7,108,1,1/22/2024,33119.86,Cash
8,1437,24,4/11/2023,96690.22,Credit Card
9,1837,18,11/18/2023,52101.52,Online Transfer
10,776,17,8/2/2023,77131.86,Online Transfer
11,589,2,3/16/2024,58499.76,Online Transfer
12,400,27,1/8/2024,71611.12,Credit Card
13,2226,14,8/12/2023,55952.53,Online Transfer
14,2196,35,8/9/2023,50913.99,Credit Card
15,1153,10,12/15/2023,53452.12,Cash
16,2376,38,4/21/2023,95354.96,Online Transfer
17,277,22,5/3/2023,55794.82,Online Transfer
18,544,37,5/7/2023,81085.33,Online Transfer
19,547,5,9/2/2023,88868.95,Cash
20,2074,12,11/27/2023,72035.27,Online Transfer
21,2006,34,4/29/2023,61857.31,Online Transfer
22,1154,15,6/4/2023,92035.5,Cash
23,1851,9,4/19/2023,71463.72,Credit Card
24,536,23,4/9/2023,57433.79,Online Transfer
25,1661,32,11/16/2023,36146.29,Credit Card
26,1219,8,1/22/2024,69152.02,Cash
27,2143,33,3/29/2023,92392.68,Credit Card
28,1594,40,4/26/2023,32032.0,Cash
29,2463,3,5/23/2023,80761.16,Online Transfer
30,1163,25,4/28/2023,53563.2,Credit Card
31,572,4,3/15/2024,85980.94,Online Transfer
32,2050,31,3/24/2023,87258.13,Credit Card
33,363,19,3/13/2024,40981.18,Credit Card
34,710,11,1/5/2024,51513.48,Credit Card
35,962,13,3/1/2024,93474.7,Credit Card
36,1548,26,9/30/2023,43770.77,Online Transfer
37,1019,21,8/18/2023,30972.95,Credit Card
38,1953,7,1/2/2024,62644.65,Credit Card
39,574,36,1/12/2024,51030.5,Cash
40,1602,20,3/12/2024,91635.69,Online Transfer
41,664,10,8/29/2023,52196.89,Cash
42,2071,23,7/9/2023,94789.81,Credit Card
43,1376,4,9/8/2023,60257.65,Cash
44,211,30,9/25/2023,96870.28,Online Transfer
45,84,28,7/18/2023,93781.09,Credit Card
46,212,40,3/20/2024,45691.97,Cash
47,935,22,6/21/2023,60660.03,Credit Card
48,1874,5,4/16/2023,74620.05,Online Transfer
49,473,2,12/20/2023,51958.47,Credit Card
50,1075,7,9/12/2023,32116.31,Credit Card
51,401,38,4/21/2023,40077.66,Credit Card
52,1015,15,7/14/2023,80508.56,Credit Card
53,2465,25,3/4/2024,66699.22,Credit Card
54,543,1,11/8/2023,41688.52,Online Transfer
55,1009,18,6/6/2023,59494.93,Cash
56,1131,26,9/26/2023,72309.7,Online Transfer
57,1480,14,11/15/2023,51090.79,Credit Card
58,61,17,12/24/2023,49385.06,Online Transfer
59,203,37,8/19/2023,36595.24,Credit Card
60,173,21,10/16/2023,67141.49,Online Transfer
61,210,39,10/11/2023,80541.68,Credit Card
62,1398,19,9/17/2023,99517.17,Online Transfer
63,1534,6,4/6/2023,64066.39,Cash
64,934,24,1/5/2024,81651.09,Cash
65,864,35,4/29/2023,70015.08,Online Transfer
66,1349,33,1/23/2024,36937.88,Credit Card
67,660,16,3/10/2024,33547.31,Online Transfer
68,838,3,10/3/2023,36961.06,Credit Card
69,1418,34,4/21/2023,97795.65,Cash
70,1827,13,2/4/2024,49854.13,Online Transfer
71,2413,9,8/27/2023,32757.38,Online Transfer
72,2341,12,6/27/2023,36213.93,Online Transfer
73,459,20,10/13/2023,41187.06,Cash
74,1879,29,8/5/2023,78051.22,Credit Card
75,553,8,4/25/2023,74395.87,Credit Card
76,806,11,11/13/2023,41088.91,Cash
77,1824,27,8/26/2023,37243.45,Credit Card
78,1471,31,5/12/2023,36171.18,Credit Card
79,616,32,12/23/2023,54210.04,Cash
80,257,36,12/17/2023,72924.2,Credit Card
81,71,22,1/14/2024,36494.25,Credit Card
82,1716,17,3/7/2024,39799.5,Credit Card
83,2304,2,8/2/2023,39661.11,Online Transfer
84,330,37,9/27/2023,34343.98,Online Transfer
85,2138,6,9/11/2023,92487.69,Cash
86,2374,33,9/4/2023,33860.16,Credit Card
87,736,20,9/12/2023,94720.97,Credit Card
88,1790,23,1/17/2024,70434.03,Cash
89,2043,26,12/23/2023,74733.54,Credit Card
90,384,29,5/30/2023,85730.4,Credit Card
91,1688,35,7/19/2023,65738.23,Online Transfer
92,266,30,2/15/2024,32492.35,Credit Card
93,665,4,2/28/2024,54612.75,Online Transfer
94,522,40,7/25/2023,54188.22,Cash
95,260,24,2/20/2024,69134.13,Credit Card
96,1952,25,6/15/2023,75388.16,Online Transfer
97,86,16,9/10/2023,57764.92,Cash
98,1436,21,5/22/2023,36578.99,Cash
99,2397,39,4/2/2023,97966.59,Cash
100,2189,3,6/25/2023,88442.03,Credit Card
101,820,18,10/7/2023,39315.11,Online Transfer
102,887,8,12/17/2023,94980.26,Credit Card
103,2406,34,1/28/2024,63553.57,Credit Card
104,2140,15,7/4/2023,80227.38,Credit Card
105,2286,12,2/11/2024,80313.22,Credit Card
106,142,36,2/14/2024,43323.22,Credit Card
107,153,14,7/4/2023,89928.67,Credit Card
108,2187,7,3/21/2024,46021.16,Credit Card
109,539,19,1/30/2024,78650.76,Credit Card
110,1074,31,1/28/2024,55874.38,Credit Card
111,2162,38,4/15/2023,49169.66,Cash
112,2083,1,6/1/2023,76800.71,Cash
113,868,9,3/12/2024,60287.91,Online Transfer
114,1358,13,2/24/2024,93522.73,Online Transfer
115,1062,10,6/9/2023,84487.24,Credit Card
116,215,27,4/1/2023,35868.27,Credit Card
117,208,11,3/30/2023,37398.64,Credit Card
118,1400,5,10/18/2023,96474.91,Online Transfer
119,2094,32,11/28/2023,98435.2,Online Transfer
120,81,28,10/7/2023,82657.95,Credit Card
121,1758,34,2/2/2024,94032.88,Cash
122,1686,26,1/4/2024,89540.91,Credit Card
123,2446,15,4/16/2023,87857.44,Online Transfer
124,2154,35,2/18/2024,43863.37,Online Transfer
125,636,14,1/19/2024,68116.07,Cash
126,2206,11,7/28/2023,57310.0,Online Transfer
127,1108,24,1/20/2024,80035.19,Credit Card
128,2015,39,5/18/2023,31159.58,Online Transfer
129,309,25,12/4/2023,79135.92,Credit Card
130,904,10,6/16/2023,91979.22,Cash
131,1225,32,4/21/2023,34732.66,Credit Card
132,1536,18,9/28/2023,57612.29,Credit Card
133,689,16,3/15/2024,68376.82,Online Transfer
134,282,9,9/23/2023,57667.31,Online Transfer
135,485,33,9/6/2023,88004.19,Online Transfer
136,1570,12,3/22/2024,75899.08,Online Transfer
137,1099,31,3/31/2023,94404.34,Online Transfer
138,2322,40,9/13/2023,40978.77,Online Transfer
139,2220,37,8/16/2023,84059.55,Cash
140,769,3,5/29/2023,97089.0,Online Transfer
141,1589,4,6/5/2023,72132.72,Online Transfer
142,1836,36,9/20/2023,33983.99,Credit Card
143,678,5,10/7/2023,66375.66,Online Transfer
144,2239,6,10/17/2023,53544.25,Credit Card
145,298,7,10/26/2023,67141.3,Online Transfer
146,2009,20,1/8/2024,71759.96,Online Transfer
147,214,23,10/17/2023,71376.78,Credit Card
148,1830,2,7/4/2023,83377.86,Credit Card
149,1279,22,9/4/2023,55433.7,Credit Card
150,1460,1,11/16/2023,73232.86,Credit Card
151,1777,21,7/21/2023,39585.38,Credit Card
152,2467,28,6/21/2023,95070.44,Online Transfer
153,1633,27,9/11/2023,77248.19,Online Transfer
154,88,29,12/2/2023,57206.87,Credit Card
155,1781,30,5/7/2023,86049.05,Online Transfer
156,1556,19,5/30/2023,60232.18,Credit Card
157,556,8,10/27/2023,39012.5,Credit Card
158,433,17,10/4/2023,34787.67,Online Transfer
159,1802,13,9/7/2023,94860.58,Cash
160,2208,38,1/15/2024,33944.29,Credit Card
161,1722,40,10/5/2023,97543.11,Cash
162,58,26,11/5/2023,38460.02,Credit Card
163,892,27,12/20/2023,89153.87,Credit Card
164,2443,9,7/20/2023,91121.98,Credit Card
165,2073,11,7/2/2023,57914.01,Cash
166,482,37,7/15/2023,70704.78,Credit Card
167,799,34,12/31/2023,53929.56,Online Transfer
168,1354,15,11/13/2023,82788.31,Online Transfer
169,1561,28,8/15/2023,85086.3,Credit Card
170,1929,29,5/28/2023,53219.51,Credit Card
171,2238,18,7/4/2023,47386.51,Online Transfer
172,528,30,11/22/2023,99790.6,Online Transfer
173,1663,31,1/15/2024,83505.23,Online Transfer
174,1080,8,8/28/2023,99152.16,Online Transfer
175,1091,25,7/9/2023,59586.61,Cash
176,2317,13,1/26/2024,31334.06,Credit Card
177,928,23,6/3/2023,34526.6,Credit Card
178,1209,2,3/26/2023,76246.19,Online Transfer
179,378,4,2/12/2024,56319.13,Online Transfer
180,1184,6,9/18/2023,68868.46,Credit Card
181,942,3,3/18/2024,58909.27,Cash
182,2205,30,1/7/2024,63576.49,Credit Card
183,1954,37,9/4/2023,72686.38,Credit Card
184,2347,23,7/1/2023,33214.35,Credit Card
185,1349,22,8/13/2023,95024.31,Credit Card
186,121,2,10/28/2023,47319.67,Credit Card
187,1941,20,12/10/2023,78179.08,Online Transfer
188,492,11,12/18/2023,97048.0,Cash
189,672,24,12/10/2023,33235.4,Online Transfer
190,2375,32,6/11/2023,74093.46,Cash
191,1304,28,9/2/2023,64782.84,Online Transfer
192,1893,3,6/20/2023,75341.69,Cash
193,1362,17,11/24/2023,30950.86,Online Transfer
194,880,27,2/15/2024,47117.78,Online Transfer
195,2081,9,4/11/2023,53177.94,Credit Card
196,2232,40,7/1/2023,81871.98,Credit Card
197,1970,8,1/28/2024,38860.4,Credit Card
198,259,36,1/16/2024,52446.75,Credit Card
199,2088,34,10/31/2023,57434.25,Online Transfer
200,1854,33,9/19/2023,76619.59,Credit Card
201,68,5,7/9/2023,98855.02,Credit Card
202,1343,18,8/20/2023,79920.81,Online Transfer
203,313,31,2/28/2024,48568.41,Credit Card
204,1151,16,12/26/2023,99938.84,Credit Card
205,2447,10,9/20/2023,95881.32,Cash
206,512,38,11/13/2023,42077.59,Cash
207,2106,29,7/11/2023,85034.99,Online Transfer
208,1486,13,1/5/2024,75722.1,Online Transfer
209,2023,15,10/27/2023,63219.01,Online Transfer
210,1684,19,11/15/2023,78763.27,Credit Card
211,1815,4,11/22/2023,92476.59,Credit Card
212,1630,39,6/18/2023,63428.34,Online Transfer
213,2007,14,8/24/2023,31562.69,Credit Card
214,280,25,7/25/2023,33131.4,Online Transfer
215,2098,6,2/7/2024,45450.96,Credit Card
216,1389,7,2/25/2024,45135.19,Credit Card
217,425,21,9/11/2023,92259.79,Credit Card
218,1553,12,10/13/2023,91211.79,Online Transfer
219,127,35,2/19/2024,63277.12,Online Transfer
220,999,26,1/29/2024,80398.37,Cash
221,540,1,3/30/2023,83759.36,Credit Card
222,1817,9,10/27/2023,86216.84,Online Transfer
223,864,21,2/3/2024,42269.55,Credit Card
224,2020,6,7/13/2023,71745.35,Credit Card
225,1659,11,2/3/2024,77621.29,Online Transfer
226,1916,36,5/2/2023,51195.37,Credit Card
227,1260,39,12/23/2023,97380.99,Credit Card
228,1491,28,1/19/2024,79747.39,Credit Card
229,2255,38,11/5/2023,45458.2,Cash
230,1728,23,12/1/2023,94286.86,Credit Card
231,1296,31,11/11/2023,91804.31,Credit Card
232,2283,3,12/1/2023,85840.22,Credit Card
233,549,14,2/1/2024,38197.0,Credit Card
234,1532,7,6/19/2023,41304.55,Online Transfer
235,1315,27,3/26/2023,92028.46,Online Transfer
236,2500,24,6/12/2023,84264.79,Cash
237,359,37,5/15/2023,72871.39,Credit Card
238,2121,33,6/25/2023,59889.66,Credit Card
239,1822,8,6/18/2023,97091.88,Credit Card
240,1867,15,2/13/2024,73187.65,Credit Card
241,2192,4,9/24/2023,36375.61,Online Transfer
242,303,17,11/26/2023,84442.91,Cash
243,300,18,4/29/2023,49112.93,Credit Card
244,475,19,6/11/2023,65565.48,Credit Card
245,1579,13,6/13/2023,94022.25,Credit Card
246,37,12,8/4/2023,56474.77,Online Transfer
247,1818,35,4/10/2023,74151.35,Credit Card
248,2260,2,3/18/2024,74950.71,Online Transfer
249,1754,32,10/18/2023,63097.35,Credit Card
250,1656,22,6/19/2023,87355.37,Credit Card
251,2247,29,1/11/2024,74004.99,Credit Card
252,1269,10,2/9/2024,46833.91,Credit Card
253,218,1,1/24/2024,81624.88,Online Transfer
254,702,25,10/17/2023,54801.19,Online Transfer
255,2474,34,12/17/2023,45308.8,Credit Card
256,2039,40,7/21/2023,50284.73,Cash
257,1517,26,1/28/2024,50812.46,Online Transfer
258,1036,20,2/13/2024,47794.03,Cash
259,2186,16,8/4/2023,66723.01,Online Transfer
260,651,30,12/22/2023,30134.2,Online Transfer
261,119,5,11/1/2023,78017.02,Cash
262,2312,22,12/10/2023,98982.83,Online Transfer
263,1066,8,1/17/2024,31363.73,Cash
264,1525,40,2/16/2024,84452.9,Credit Card
265,396,2,8/24/2023,94137.62,Credit Card
266,802,21,11/12/2023,77033.64,Credit Card
267,1061,34,8/11/2023,97970.23,Cash
268,2022,36,11/6/2023,99166.01,Credit Card
269,1836,23,11/12/2023,81471.92,Online Transfer
270,939,14,7/4/2023,66733.98,Credit Card
271,694,11,6/7/2023,96562.39,Cash
272,2367,33,10/18/2023,65572.31,Online Transfer
273,1360,27,12/25/2023,94833.21,Credit Card
274,1266,13,2/28/2024,87745.68,Credit Card
275,1176,37,9/10/2023,49010.27,Credit Card
276,1810,38,3/16/2024,31999.1,Credit Card
277,176,35,1/4/2024,49956.82,Online Transfer
278,1615,20,4/28/2023,47493.69,Credit Card
279,877,24,11/19/2023,82650.16,Credit Card
280,2491,4,12/20/2023,48114.17,Credit Card
281,670,1,8/22/2023,74778.71,Credit Card
282,134,29,10/29/2023,36338.8,Credit Card
283,1543,9,12/21/2023,32179.83,Credit Card
284,1233,10,2/27/2024,40184.72,Credit Card
285,819,32,12/6/2023,91414.84,Credit Card
286,1781,25,11/17/2023,52283.24,Online Transfer
287,2401,28,3/23/2023,79740.53,Online Transfer
288,1481,39,6/26/2023,93290.99,Online Transfer
289,1610,5,11/25/2023,45825.92,Credit Card
290,537,12,2/24/2024,60406.52,Credit Card
291,2300,17,2/10/2024,58473.24,Cash
292,101,26,12/15/2023,88642.63,Credit Card
293,998,6,6/24/2023,45247.27,Credit Card
294,21,19,5/1/2023,39932.6,Online Transfer
295,122,18,10/5/2023,74953.46,Online Transfer
296,1890,31,4/2/2023,98945.18,Credit Card
297,299,15,9/5/2023,36409.5,Credit Card
298,438,7,7/6/2023,91229.61,Cash
299,1268,3,1/22/2024,30356.13,Cash
300,2204,16,8/3/2023,39339.9,Credit Card
301,1933,30,9/25/2023,42565.1,Credit Card
302,1242,7,12/19/2023,73038.62,Online Transfer
303,1032,6,3/22/2024,64270.84,Credit Card
304,2157,4,12/16/2023,55339.4,Credit Card
305,696,39,10/1/2023,88445.99,Credit Card
306,1321,11,2/7/2024,92431.26,Cash
307,361,19,12/3/2023,99775.77,Credit Card
308,267,29,3/4/2024,45452.45,Credit Card
309,1238,1,8/24/2023,57729.74,Online Transfer
310,1593,15,12/5/2023,81570.25,Online Transfer
311,319,17,11/13/2023,52737.21,Credit Card
312,628,25,12/9/2023,48039.26,Credit Card
313,542,32,3/16/2024,56307.66,Credit Card
314,1619,36,9/6/2023,37965.48,Cash
315,301,5,10/6/2023,49888.57,Online Transfer
316,1368,31,4/10/2023,59452.66,Cash
317,1607,14,5/31/2023,88538.52,Cash
318,107,34,6/4/2023,95803.04,Online Transfer
319,519,24,9/4/2023,44973.19,Credit Card
320,685,2,1/17/2024,72922.58,Credit Card
321,236,9,1/22/2024,51637.37,Credit Card
322,1461,35,9/28/2023,89344.69,Credit Card
323,2254,3,11/9/2023,69011.76,Cash
324,418,18,9/24/2023,32799.81,Cash
325,2443,22,8/26/2023,52070.93,Online Transfer
326,1582,30,4/17/2023,89434.5,Credit Card
327,984,20,5/29/2023,84498.79,Cash
328,1211,16,12/27/2023,84996.75,Online Transfer
329,872,38,2/7/2024,48227.6,Credit Card
330,1156,13,9/16/2023,78048.14,Credit Card
331,1411,21,5/18/2023,64248.95,Credit Card
332,874,8,1/2/2024,55256.18,Credit Card
333,1695,26,4/8/2023,79722.79,Credit Card
334,197,23,10/29/2023,98112.74,Credit Card
335,1952,33,6/24/2023,49183.2,Credit Card
336,1790,12,9/2/2023,44347.97,Credit Card
337,852,27,3/15/2024,44951.91,Credit Card
338,856,40,10/17/2023,78260.63,Credit Card
339,1976,28,5/13/2023,59324.12,Online Transfer
340,1225,37,3/6/2024,89903.4,Cash
341,74,10,1/8/2024,66700.67,Credit Card
342,595,38,3/29/2023,79546.73,Online Transfer
343,36,15,3/8/2024,84569.9,Cash
344,909,31,5/9/2023,98836.55,Cash
345,2089,4,9/24/2023,56466.07,Cash
346,995,25,8/30/2023,50494.09,Credit Card
347,855,26,6/10/2023,99177.28,Credit Card
348,1655,3,1/4/2024,44763.86,Online Transfer
349,1599,16,12/26/2023,85825.56,Online Transfer
350,258,6,5/30/2023,31545.36,Online Transfer
351,35,9,6/17/2023,95944.85,Credit Card
352,1258,40,12/9/2023,60818.07,Online Transfer
353,531,14,9/28/2023,91374.12,Online Transfer
354,251,19,1/3/2024,68812.61,Cash
355,1249,2,5/7/2023,47290.55,Cash
356,298,12,1/11/2024,90600.67,Credit Card
357,152,20,2/11/2024,37176.34,Online Transfer
358,2303,22,5/24/2023,51982.93,Online Transfer
359,1096,34,9/6/2023,60435.83,Cash
360,2498,32,10/11/2023,77285.61,Credit Card
361,1262,29,12/24/2023,94694.55,Credit Card
362,1855,7,8/22/2023,54024.75,Online Transfer
363,558,40,2/10/2024,36522.84,Credit Card
364,2452,39,11/23/2023,32887.51,Credit Card
365,218,34,1/10/2024,40269.15,Credit Card
366,1165,17,5/31/2023,72484.7,Online Transfer
367,1844,28,5/29/2023,59867.73,Online Transfer
368,1010,12,5/12/2023,99614.96,Credit Card
369,2126,24,3/11/2024,71775.96,Credit Card
370,1014,1,10/5/2023,95521.86,Credit Card
371,1845,18,2/21/2024,55019.42,Credit Card
372,2440,14,7/2/2023,55185.04,Online Transfer
373,139,38,5/6/2023,79408.34,Online Transfer
374,1698,25,5/30/2023,51745.39,Credit Card
375,2295,23,2/4/2024,32634.86,Online Transfer
376,844,20,6/21/2023,50791.21,Credit Card
377,640,19,8/15/2023,57012.72,Online Transfer
378,2151,13,3/17/2024,74572.84,Credit Card
379,1573,4,2/1/2024,42858.14,Credit Card
380,1257,26,9/9/2023,60893.73,Credit Card
381,2442,22,5/30/2023,69751.15,Cash
382,1681,15,4/26/2023,32409.77,Cash
383,2405,3,11/19/2023,88112.62,Cash
384,874,37,11/22/2023,57623.93,Cash
385,965,27,1/19/2024,56178.02,Online Transfer
386,185,7,4/11/2023,46444.55,Online Transfer
387,990,32,7/19/2023,54956.23,Online Transfer
388,1181,11,7/21/2023,65713.84,Credit Card
389,697,10,2/19/2024,35846.8,Credit Card
390,1711,6,12/21/2023,78386.93,Credit Card
391,1853,36,4/16/2023,99960.62,Online Transfer
392,750,9,5/26/2023,99352.42,Credit Card
393,1805,33,11/10/2023,75132.68,Cash
394,1214,35,4/8/2023,75679.56,Online Transfer
395,371,31,2/5/2024,30454.37,Cash
396,62,30,1/17/2024,50848.97,Cash
397,1676,16,2/18/2024,78019.17,Cash
398,361,5,3/12/2024,81298.51,Credit Card
399,1553,29,11/5/2023,67192.43,Credit Card
400,1535,2,4/19/2023,48869.59,Credit Card
401,953,8,4/26/2023,85746.38,Credit Card
402,1756,21,12/8/2023,49277.06,Cash
403,1444,17,9/11/2023,67457.77,Cash
404,496,1,8/14/2023,35759.06,Credit Card
405,2358,18,1/31/2024,39300.25,Credit Card
406,1865,40,9/12/2023,54515.57,Online Transfer
407,2445,35,10/14/2023,92415.84,Online Transfer
408,716,27,12/27/2023,52357.73,Credit Card
409,1044,23,2/17/2024,90219.54,Credit Card
410,1549,6,10/14/2023,66744.09,Credit Card
411,703,36,10/4/2023,43005.84,Online Transfer
412,299,19,3/12/2024,93439.47,Credit Card
413,787,39,1/15/2024,47269.85,Credit Card
414,1040,16,5/10/2023,41989.01,Online Transfer
415,1555,24,3/28/2023,38664.56,Online Transfer
416,69,26,3/25/2023,56490.62,Credit Card
417,1295,29,9/24/2023,92072.64,Credit Card
418,2184,30,8/5/2023,41361.61,Cash
419,1733,38,5/4/2023,69646.04,Online Transfer
420,1924,7,9/24/2023,99051.88,Online Transfer
421,1544,9,10/5/2023,66463.73,Credit Card
422,1472,8,1/24/2024,61210.93,Credit Card
423,981,5,9/3/2023,84061.33,Credit Card
424,31,4,9/23/2023,82598.72,Credit Card
425,2093,33,1/16/2024,52432.6,Online Transfer
426,1356,21,6/5/2023,94626.15,Credit Card
427,1530,2,3/31/2023,35503.28,Online Transfer
428,2336,32,7/26/2023,77344.18,Online Transfer
429,323,20,7/8/2023,94107.56,Credit Card
430,678,37,8/9/2023,69996.96,Cash
431,247,10,11/25/2023,49186.69,Online Transfer
432,406,28,5/22/2023,67798.9,Online Transfer
433,1191,14,1/15/2024,47871.67,Credit Card
434,1453,34,1/7/2024,32202.93,Credit Card
435,1450,13,4/6/2023,67910.23,Online Transfer
436,2185,3,1/17/2024,60995.06,Credit Card
437,2298,12,10/26/2023,48262.01,Credit Card
438,1881,25,5/7/2023,61232.05,Cash
439,301,22,6/3/2023,90334.56,Online Transfer
440,1061,15,12/26/2023,72412.48,Online Transfer
441,2366,11,1/5/2024,99989.27,Online Transfer
442,189,31,1/3/2024,39862.69,Online Transfer
443,353,28,12/20/2023,96610.52,Credit Card
444,2389,25,7/26/2023,98397.98,Credit Card
445,727,21,4/2/2023,90337.54,Online Transfer
446,2010,8,2/2/2024,64776.99,Online Transfer
447,646,2,4/29/2023,83377.83,Credit Card
448,1124,4,3/25/2023,33962.91,Online Transfer
449,1244,22,10/2/2023,36494.44,Online Transfer
450,943,39,6/5/2023,92050.68,Cash
451,1317,15,7/22/2023,49000.75,Credit Card
452,1906,40,12/17/2023,36046.55,Credit Card
453,1696,16,7/7/2023,76637.41,Online Transfer
454,1362,27,3/24/2023,91933.44,Credit Card
455,1838,35,12/4/2023,73233.04,Credit Card
456,1710,7,3/16/2024,84322.3,Credit Card
457,492,20,3/4/2024,36461.55,Credit Card
458,781,12,7/8/2023,54311.16,Credit Card
459,1274,14,7/5/2023,44144.62,Cash
460,549,26,11/7/2023,73913.35,Credit Card
461,1604,6,10/14/2023,51407.29,Credit Card
462,778,30,4/23/2023,81574.28,Credit Card
463,1171,11,10/7/2023,54651.99,Online Transfer
464,1418,32,11/17/2023,54083.15,Credit Card
465,1970,10,10/16/2023,40582.18,Cash
466,1787,36,3/16/2024,46173.59,Credit Card
467,2180,1,6/17/2023,81309.56,Credit Card
468,2417,34,4/12/2023,51237.67,Credit Card
469,1442,33,6/3/2023,99059.43,Online Transfer
470,809,18,2/4/2024,88797.33,Cash
471,2337,24,8/21/2023,85550.42,Credit Card
472,1060,37,7/3/2023,94449.08,Credit Card
473,47,9,8/11/2023,89905.63,Cash
474,439,38,4/18/2023,62585.27,Credit Card
475,1807,3,8/11/2023,77462.56,Credit Card
476,1704,17,10/31/2023,55441.56,Cash
477,1647,13,4/2/2023,64911.91,Cash
478,1591,5,8/16/2023,50946.02,Online Transfer
479,2463,31,5/10/2023,70358.23,Credit Card
480,480,19,12/28/2023,87141.32,Credit Card
481,1971,29,2/18/2024,56620.24,Credit Card
482,1517,23,8/13/2023,60291.06,Credit Card
483,1803,3,10/27/2023,86649.99,Cash
484,1158,8,9/12/2023,81604.67,Credit Card
485,2479,26,11/18/2023,71231.23,Credit Card
486,1153,36,1/4/2024,65879.31,Credit Card
487,1810,33,2/7/2024,82910.43,Online Transfer
488,806,9,11/14/2023,46038.5,Credit Card
489,363,35,7/7/2023,32585.33,Cash
490,430,11,10/25/2023,30244.23,Online Transfer
491,1205,6,10/21/2023,96808.61,Cash
492,1744,34,5/18/2023,91066.91,Credit Card
493,1699,37,7/13/2023,65617.91,Credit Card
494,1419,5,9/30/2023,51198.94,Credit Card
495,1709,22,8/8/2023,84570.94,Credit Card
496,2235,39,6/20/2023,85955.65,Credit Card
497,1440,31,5/14/2023,73654.53,Credit Card
498,295,7,7/22/2023,81454.01,Credit Card
499,523,4,8/31/2023,45701.25,Credit Card
500,837,29,6/11/2023,92607.43,Cash
501,2249,13,7/12/2023,80535.0,Cash
502,58,14,1/25/2024,73741.21,Cash
503,1403,15,7/25/2023,31321.03,Credit Card
504,1428,24,6/5/2023,55522.63,Online Transfer
505,772,23,12/4/2023,63974.53,Credit Card
506,2258,21,2/26/2024,63066.66,Credit Card
507,522,17,1/11/2024,43653.71,Credit Card
508,254,27,7/23/2023,34460.68,Credit Card
509,735,18,11/7/2023,52664.64,Credit Card
510,1617,28,6/24/2023,89255.38,Credit Card
511,356,25,8/11/2023,62165.63,Online Transfer
512,1849,12,2/5/2024,50735.87,Credit Card
513,1519,19,2/26/2024,49210.32,Online Transfer
514,1961,10,2/12/2024,43879.96,Credit Card
515,2042,40,11/13/2023,52845.13,Online Transfer
516,905,32,8/15/2023,84839.18,Cash
517,1982,2,4/28/2023,41580.99,Credit Card
518,449,1,9/3/2023,31818.59,Online Transfer
519,1159,30,12/14/2023,65876.85,Credit Card
520,531,16,8/25/2023,53873.61,Credit Card
521,2420,20,9/30/2023,70466.34,Credit Card
522,1136,38,1/28/2024,99116.74,Credit Card
523,1556,7,5/6/2023,38074.96,Credit Card
524,291,17,11/12/2023,82239.43,Credit Card
525,225,10,11/28/2023,97466.94,Online Transfer
526,2433,16,8/25/2023,47906.06,Online Transfer
527,2396,40,12/30/2023,85020.08,Credit Card
528,2454,29,4/20/2023,76266.5,Credit Card
529,1639,18,4/22/2023,60678.5,Credit Card
530,235,11,11/21/2023,49320.44,Credit Card
531,1348,34,11/6/2023,59973.8,Cash
532,929,1,11/11/2023,78596.5,Credit Card
533,377,30,6/12/2023,58885.68,Credit Card
534,1616,33,1/1/2024,75772.76,Credit Card
535,1597,25,9/7/2023,33034.93,Credit Card
536,1892,31,9/15/2023,77476.31,Credit Card
537,2273,5,2/18/2024,66858.14,Online Transfer
538,1140,22,1/1/2024,85163.26,Online Transfer
539,344,3,10/12/2023,34954.13,Online Transfer
540,2480,13,1/21/2024,92548.9,Credit Card
541,2051,38,9/17/2023,75724.41,Cash
542,489,12,2/27/2024,66036.29,Credit Card
543,1799,19,2/10/2024,40821.21,Credit Card
544,1651,34,1/27/2024,51128.86,Cash
545,730,18,3/10/2024,32063.96,Cash
546,1719,5,3/1/2024,43141.17,Credit Card
547,527,14,10/8/2023,34764.03,Credit Card
548,469,28,7/20/2023,44414.65,Online Transfer
549,1761,2,6/14/2023,94261.56,Credit Card
550,1639,15,5/11/2023,54132.55,Credit Card
551,1843,20,12/14/2023,75288.44,Credit Card
552,2421,36,4/12/2023,32780.14,Cash
553,599,8,6/22/2023,79757.87,Credit Card
554,1984,40,9/19/2023,69497.78,Credit Card
555,587,4,2/15/2024,33092.15,Credit Card
556,1966,6,11/11/2023,88808.64,Credit Card
557,1181,22,1/9/2024,31244.08,Online Transfer
558,2214,23,4/14/2023,97403.22,Cash
559,1150,25,12/17/2023,99985.86,Online Transfer
560,1020,26,8/26/2023,84921.55,Online Transfer
561,2450,38,12/16/2023,61015.82,Credit Card
562,460,29,5/10/2023,35838.39,Online Transfer
563,2292,31,11/26/2023,56288.94,Credit Card
564,1850,7,10/2/2023,55846.52,Credit Card
565,64,12,10/25/2023,96531.4,Online Transfer
566,442,16,5/21/2023,76538.88,Online Transfer
567,1164,1,2/5/2024,54465.58,Credit Card
568,287,11,3/10/2024,52927.81,Online Transfer
569,1617,35,11/29/2023,94603.6,Online Transfer
570,2388,13,2/15/2024,61939.74,Credit Card
571,1369,9,7/12/2023,91171.82,Online Transfer
572,319,19,12/20/2023,77513.12,Online Transfer
573,2220,37,2/23/2024,36339.38,Credit Card
574,795,10,5/16/2023,51473.12,Online Transfer
575,1576,32,3/4/2024,36640.16,Cash
576,591,27,4/29/2023,56576.3,Credit Card
577,691,21,9/12/2023,36973.35,Online Transfer
578,1940,33,2/9/2024,85789.65,Credit Card
579,530,3,2/24/2024,92185.79,Credit Card
580,1524,24,3/23/2023,70798.1,Credit Card
581,44,39,7/2/2023,90656.3,Credit Card
582,384,17,1/17/2024,43717.87,Credit Card
583,132,30,12/20/2023,95800.76,Credit Card
584,93,22,6/15/2023,39781.98,Credit Card
585,1381,13,2/26/2024,67599.15,Online Transfer
586,1705,35,5/22/2023,52204.86,Credit Card
587,493,31,9/21/2023,72693.1,Online Transfer
588,1371,9,6/19/2023,94198.34,Online Transfer
589,2472,19,9/27/2023,86593.18,Online Transfer
590,2353,12,7/18/2023,44569.23,Cash
591,396,34,7/1/2023,57468.86,Online Transfer
592,2052,40,8/29/2023,51777.85,Credit Card
593,2200,11,4/9/2023,46451.24,Credit Card
594,178,25,8/15/2023,91101.03,Credit Card
595,2154,29,9/27/2023,93440.65,Credit Card
596,2150,28,5/19/2023,57192.59,Credit Card
597,1996,39,11/22/2023,96481.96,Credit Card
598,309,20,11/25/2023,39209.11,Online Transfer
599,759,3,9/4/2023,50044.52,Online Transfer
600,1567,5,5/25/2023,59839.88,Cash
601,1947,14,5/9/2023,50545.01,Credit Card
602,1118,30,12/20/2023,39602.37,Credit Card
603,1735,8,4/27/2023,50493.54,Cash
604,240,6,9/21/2023,42672.04,Credit Card
605,1013,27,10/15/2023,53688.1,Online Transfer
606,828,10,8/20/2023,65924.03,Credit Card
607,1938,23,5/13/2023,52647.23,Cash
608,752,15,4/1/2023,82131.67,Online Transfer
609,51,17,2/8/2024,58800.42,Online Transfer
610,2264,36,2/13/2024,96021.21,Online Transfer
611,1611,4,6/1/2023,67777.86,Online Transfer
612,196,16,7/31/2023,96552.9,Online Transfer
613,675,2,5/7/2023,30660.63,Credit Card
614,1775,21,7/8/2023,41449.31,Cash
615,549,32,11/28/2023,85174.12,Cash
616,1600,33,3/9/2024,68684.99,Online Transfer
617,1826,7,12/6/2023,33706.86,Credit Card
618,281,26,6/22/2023,63162.22,Cash
619,1557,38,11/12/2023,34969.55,Credit Card
620,125,1,11/20/2023,74903.79,Online Transfer
621,2039,24,3/24/2023,61402.58,Credit Card
622,1917,37,12/23/2023,92027.54,Online Transfer
623,1562,18,6/19/2023,50286.55,Online Transfer
624,1207,12,11/6/2023,42291.91,Online Transfer
625,1700,27,12/3/2023,70131.8,Credit Card
626,177,21,4/24/2023,50490.96,Credit Card
627,1310,3,8/6/2023,31138.07,Online Transfer
628,1027,33,6/27/2023,87120.17,Online Transfer
629,1111,23,1/26/2024,77581.22,Cash
630,1511,15,11/1/2023,43984.75,Online Transfer
631,1931,40,4/15/2023,85525.73,Credit Card
632,1493,28,5/18/2023,34197.51,Credit Card
633,1021,20,7/28/2023,42899.59,Credit Card
634,2235,5,11/11/2023,55386.29,Credit Card
635,1025,9,4/18/2023,81117.05,Credit Card
636,410,2,10/25/2023,84164.86,Credit Card
637,1491,22,7/4/2023,84235.74,Credit Card
638,1304,37,11/19/2023,65839.89,Credit Card
639,1077,30,1/27/2024,79014.61,Online Transfer
640,148,4,5/2/2023,36401.88,Online Transfer
641,638,34,12/27/2023,76689.03,Credit Card
642,709,8,2/3/2024,73548.56,Online Transfer
643,1788,25,2/12/2024,33912.39,Credit Card
644,1427,19,6/20/2023,72094.65,Cash
645,2206,32,11/28/2023,46567.83,Online Transfer
646,1701,6,5/9/2023,62504.31,Credit Card
647,1646,38,7/3/2023,85066.63,Online Transfer
648,1063,18,5/17/2023,66180.23,Online Transfer
649,500,24,4/20/2023,81704.58,Cash
650,1545,31,8/15/2023,36776.01,Online Transfer
651,1389,10,11/11/2023,51007.56,Online Transfer
652,2089,13,6/21/2023,40941.04,Credit Card
653,2009,7,6/4/2023,83118.08,Cash
654,1091,36,1/1/2024,46194.58,Credit Card
655,637,17,11/4/2023,46820.6,Cash
656,1772,16,4/28/2023,93127.56,Cash
657,1216,26,6/24/2023,66217.29,Online Transfer
658,1116,1,11/13/2023,43534.08,Online Transfer
659,705,39,4/13/2023,39990.99,Online Transfer
660,701,35,8/15/2023,68826.8,Online Transfer
661,897,14,3/31/2023,56996.68,Online Transfer
662,2012,11,6/28/2023,95812.36,Credit Card
663,1985,29,12/6/2023,82990.24,Credit Card
664,481,32,3/7/2024,88384.0,Cash
665,1578,8,5/18/2023,39609.87,Credit Card
666,564,18,1/5/2024,61619.45,Credit Card
667,2227,24,11/15/2023,30968.99,Credit Card
668,327,12,9/7/2023,38348.48,Credit Card
669,1093,26,9/21/2023,77921.53,Cash
670,1080,20,4/8/2023,38165.89,Credit Card
671,2187,7,2/1/2024,48378.38,Online Transfer
672,1156,30,11/28/2023,71550.76,Online Transfer
673,333,29,9/13/2023,87301.21,Credit Card
674,247,25,4/15/2023,84930.18,Online Transfer
675,2345,13,3/23/2023,37046.0,Online Transfer
676,1089,16,7/24/2023,41859.68,Cash
677,404,33,7/28/2023,72071.68,Online Transfer
678,1715,27,2/8/2024,99948.17,Online Transfer
679,2438,40,3/31/2023,55415.11,Credit Card
680,1835,36,11/15/2023,80756.02,Credit Card
681,2339,17,3/4/2024,51538.9,Credit Card
682,1225,22,10/12/2023,76908.55,Cash
683,479,34,5/4/2023,48699.04,Credit Card
684,715,21,5/7/2023,89877.05,Online Transfer
685,385,39,7/31/2023,51381.32,Credit Card
686,1765,3,6/25/2023,47557.58,Credit Card
687,818,38,4/11/2023,56806.59,Credit Card
688,270,15,2/19/2024,40148.92,Cash
689,208,31,7/14/2023,55014.57,Credit Card
690,1858,37,9/10/2023,84478.39,Credit Card
691,832,23,8/4/2023,42291.49,Credit Card
692,931,4,2/13/2024,58293.71,Credit Card
693,1624,11,9/19/2023,62062.78,Credit Card
694,2445,35,3/28/2023,92717.73,Credit Card
695,14,10,1/24/2024,30926.83,Online Transfer
696,1135,14,7/6/2023,51055.12,Credit Card
697,1927,2,3/24/2023,37938.48,Credit Card
698,1744,6,3/23/2023,66996.07,Credit Card
699,2458,9,2/11/2024,47526.32,Online Transfer
700,873,28,9/26/2023,42200.83,Online Transfer
701,2035,5,9/19/2023,60166.11,Credit Card
702,1097,1,2/8/2024,73720.0,Online Transfer
703,864,19,5/9/2023,57488.31,Credit Card
704,1174,37,2/4/2024,94743.29,Credit Card
705,980,15,9/26/2023,83899.35,Cash
706,80,24,12/8/2023,85858.73,Online Transfer
707,505,38,5/21/2023,57150.47,Credit Card
708,1625,21,8/9/2023,78197.86,Cash
709,101,1,9/9/2023,95665.47,Online Transfer
710,1602,20,9/12/2023,59482.82,Credit Card
711,1853,40,5/31/2023,45279.31,Cash
712,314,14,7/4/2023,70078.14,Credit Card
713,106,31,11/17/2023,72986.7,Credit Card
714,99,35,11/28/2023,65754.29,Credit Card
715,1565,34,9/12/2023,46107.95,Online Transfer
716,1655,39,5/6/2023,44718.85,Credit Card
717,2377,5,9/12/2023,48458.09,Credit Card
718,616,6,11/5/2023,74967.97,Cash
719,421,4,3/28/2023,96689.83,Cash
720,754,33,10/3/2023,37287.88,Cash
721,1237,26,1/5/2024,69950.53,Online Transfer
722,1747,22,1/26/2024,44917.65,Credit Card
723,1568,18,2/7/2024,50209.58,Online Transfer
724,855,36,3/15/2024,56522.98,Online Transfer
725,1827,5,2/24/2024,81164.21,Credit Card
726,112,1,12/18/2023,31353.39,Credit Card
727,382,13,2/14/2024,71678.91,Online Transfer
728,2200,27,7/1/2023,42345.17,Credit Card
729,558,25,4/13/2023,46784.15,Credit Card
730,679,34,4/17/2023,47083.13,Cash
731,2294,23,1/6/2024,73586.05,Online Transfer
732,579,20,7/9/2023,80811.95,Cash
733,1136,19,9/1/2023,40877.64,Online Transfer
734,1356,22,7/10/2023,63889.36,Online Transfer
735,2059,7,1/21/2024,34502.33,Credit Card
736,2043,38,6/14/2023,97286.1,Credit Card
737,2314,15,8/14/2023,94429.52,Online Transfer
738,1821,31,12/16/2023,46414.51,Online Transfer
739,2467,9,2/8/2024,81755.54,Cash
740,950,21,5/1/2023,98267.16,Credit Card
741,2356,17,10/20/2023,31163.67,Credit Card
742,1245,24,11/14/2023,49063.72,Credit Card
743,61,39,1/31/2024,66934.58,Online Transfer
744,625,16,12/19/2023,51970.72,Credit Card
745,1436,28,5/2/2023,85334.62,Cash
746,1767,2,2/26/2024,52091.27,Credit Card
747,2266,3,6/30/2023,38615.64,Credit Card
748,598,32,8/20/2023,43692.77,Online Transfer
749,2000,10,1/18/2024,76879.07,Credit Card
750,1620,30,4/30/2023,63162.82,Cash
751,2420,37,5/6/2023,46349.1,Cash
752,1599,36,3/17/2024,46817.08,Online Transfer
753,1373,6,1/23/2024,71897.4,Online Transfer
754,1421,11,7/13/2023,99669.97,Credit Card
755,1870,29,3/8/2024,78385.33,Online Transfer
756,295,18,12/10/2023,55742.31,Credit Card
757,651,8,4/18/2023,61558.12,Credit Card
758,1137,33,11/15/2023,80631.14,Online Transfer
759,636,14,2/16/2024,38558.61,Online Transfer
760,790,35,1/23/2024,52038.81,Cash
761,2233,26,2/22/2024,72641.11,Online Transfer
762,1597,12,5/8/2023,92688.57,Cash
763,399,40,3/16/2024,57464.95,Credit Card
764,119,4,8/21/2023,91409.14,Credit Card
765,2242,14,7/16/2023,41396.05,Credit Card
766,71,37,5/26/2023,48026.82,Credit Card
767,1102,30,11/30/2023,92712.78,Online Transfer
768,2073,32,1/30/2024,71044.82,Credit Card
769,370,13,9/8/2023,35077.6,Credit Card
770,244,29,9/6/2023,59732.37,Credit Card
771,2325,20,8/21/2023,44514.77,Online Transfer
772,1705,21,10/22/2023,36703.48,Cash
773,195,40,12/15/2023,81506.42,Credit Card
774,1154,33,3/5/2024,79626.08,Online Transfer
775,290,9,5/23/2023,93106.48,Credit Card
776,1553,3,6/20/2023,49803.11,Credit Card
777,927,34,12/16/2023,76055.09,Online Transfer
778,2106,10,3/7/2024,88252.69,Credit Card
779,458,15,10/22/2023,79157.52,Cash
780,821,2,8/2/2023,95475.41,Online Transfer
781,1721,36,11/16/2023,68409.71,Online Transfer
782,1874,26,10/12/2023,63049.33,Credit Card
783,2072,31,4/1/2023,52594.74,Credit Card
784,187,39,5/3/2023,56382.3,Credit Card
785,1060,17,10/5/2023,50506.02,Online Transfer
786,2148,16,8/31/2023,83279.33,Cash
787,895,11,2/3/2024,39234.86,Online Transfer
788,1314,8,2/10/2024,78261.35,Online Transfer
789,269,24,11/4/2023,62555.21,Credit Card
790,961,19,5/2/2023,31671.61,Credit Card
791,724,25,8/20/2023,72441.91,Cash
792,412,27,1/19/2024,97917.39,Online Transfer
793,596,38,11/19/2023,98744.02,Credit Card
794,1661,6,9/12/2023,39649.35,Cash
795,1845,35,10/5/2023,83457.86,Online Transfer
796,1334,7,11/9/2023,31496.31,Credit Card
797,148,12,5/15/2023,57172.01,Credit Card
798,1622,23,10/18/2023,60646.79,Credit Card
799,2285,4,12/4/2023,82773.34,Credit Card
800,288,1,8/5/2023,94871.46,Credit Card
801,159,28,2/21/2024,94684.94,Online Transfer
802,1818,18,12/28/2023,41639.53,Online Transfer
803,1387,22,4/23/2023,79388.25,Online Transfer
804,72,5,5/18/2023,69594.41,Online Transfer
805,1388,22,11/30/2023,87546.69,Credit Card
806,122,33,11/28/2023,49100.01,Online Transfer
807,1119,19,8/16/2023,39305.65,Online Transfer
808,2278,3,8/1/2023,93301.94,Credit Card
809,2364,4,3/31/2023,82545.96,Credit Card
810,2035,12,10/27/2023,82033.08,Online Transfer
811,1961,14,1/2/2024,43708.06,Credit Card
812,2320,39,12/23/2023,30219.26,Online Transfer
813,1689,27,2/20/2024,73280.97,Credit Card
814,1608,30,5/10/2023,98939.44,Credit Card
815,2409,31,6/20/2023,73515.91,Online Transfer
816,2428,5,3/12/2024,59678.25,Credit Card
817,1915,11,1/19/2024,98035.6,Cash
818,1431,29,8/27/2023,31999.21,Credit Card
819,464,6,7/29/2023,54723.5,Credit Card
820,563,36,10/22/2023,33082.5,Credit Card
821,356,35,6/3/2023,78927.75,Credit Card
822,716,37,1/10/2024,91514.92,Credit Card
823,831,24,3/8/2024,43841.42,Online Transfer
824,1627,26,2/2/2024,75862.35,Online Transfer
825,2036,17,8/1/2023,65634.31,Credit Card
826,1878,23,7/9/2023,38271.85,Online Transfer
827,1134,1,1/26/2024,65374.0,Cash
828,2001,25,7/1/2023,64679.65,Credit Card
829,532,9,10/16/2023,76259.76,Credit Card
830,1023,28,3/19/2024,94531.83,Online Transfer
831,2321,38,10/16/2023,89735.28,Credit Card
832,1235,32,10/27/2023,64969.58,Credit Card
833,710,15,4/23/2023,75358.11,Online Transfer
834,1786,13,4/17/2023,78015.47,Cash
835,1165,2,6/1/2023,33429.38,Credit Card
836,1838,10,8/15/2023,73666.08,Credit Card
837,2091,20,10/31/2023,36677.57,Cash
838,1969,21,5/21/2023,55132.8,Online Transfer
839,580,18,7/15/2023,97574.77,Cash
840,824,16,9/23/2023,64574.84,Credit Card
841,1579,7,5/25/2023,70864.73,Online Transfer
842,1142,40,1/2/2024,51845.14,Cash
843,327,34,4/3/2023,78141.9,Credit Card
844,2057,8,11/27/2023,75373.17,Online Transfer
845,1053,26,7/10/2023,52063.43,Credit Card
846,995,2,2/10/2024,61008.29,Cash
847,1733,17,8/24/2023,76938.15,Credit Card
848,673,30,5/17/2023,59300.98,Online Transfer
849,2469,24,6/29/2023,62293.9,Credit Card
850,2410,40,12/18/2023,88401.16,Online Transfer
851,1459,3,5/31/2023,47131.63,Cash
852,293,22,7/1/2023,73593.39,Credit Card
853,2157,32,2/1/2024,90403.76,Credit Card
854,654,25,9/6/2023,73072.21,Credit Card
855,1285,27,9/21/2023,41514.2,Credit Card
856,1149,4,1/22/2024,38982.45,Online Transfer
857,1212,7,4/16/2023,98156.24,Credit Card
858,279,5,4/3/2023,91820.11,Credit Card
859,1198,21,4/5/2023,90378.28,Credit Card
860,717,31,7/11/2023,52363.71,Credit Card
861,50,13,2/1/2024,79796.65,Cash
862,1735,39,12/6/2023,37951.92,Online Transfer
863,772,34,12/1/2023,45075.39,Online Transfer
864,1301,20,9/8/2023,88420.2,Cash
865,1949,14,4/6/2023,35278.55,Cash
866,410,36,8/2/2023,49013.89,Cash
867,2346,23,8/30/2023,99909.69,Online Transfer
868,937,35,3/30/2023,49256.63,Online Transfer
869,991,1,4/30/2023,68183.77,Credit Card
870,1547,38,2/4/2024,53234.18,Online Transfer
871,1664,29,11/27/2023,72714.29,Credit Card
872,882,28,11/20/2023,55923.33,Credit Card
873,1279,16,4/3/2023,30945.21,Credit Card
874,2353,12,12/1/2023,54893.76,Online Transfer
875,1935,6,11/13/2023,71188.59,Credit Card
876,2015,10,4/29/2023,65871.63,Credit Card
877,2472,9,12/2/2023,74253.73,Credit Card
878,1304,18,6/2/2023,86746.05,Cash
879,2337,19,8/10/2023,40644.43,Online Transfer
880,1624,33,8/31/2023,47092.35,Cash
881,1292,15,12/7/2023,58700.79,Cash
882,324,37,10/7/2023,31626.86,Cash
883,669,8,6/24/2023,80666.61,Online Transfer
884,325,11,7/17/2023,97663.02,Online Transfer
885,89,34,1/10/2024,53158.4,Online Transfer
886,1210,30,5/18/2023,69742.76,Cash
887,1486,32,10/4/2023,47558.2,Online Transfer
888,957,7,1/29/2024,69095.88,Credit Card
889,1288,27,5/5/2023,64144.97,Credit Card
890,2227,6,9/21/2023,43698.15,Online Transfer
891,1397,13,8/25/2023,48323.64,Credit Card
892,1737,35,11/28/2023,39160.61,Credit Card
893,1650,24,8/7/2023,53437.69,Credit Card
894,459,28,5/10/2023,96994.22,Online Transfer
895,2426,33,4/6/2023,46362.45,Credit Card
896,1349,36,9/21/2023,95173.09,Cash
897,1073,37,11/15/2023,57535.39,Online Transfer
898,1118,5,2/15/2024,41908.47,Credit Card
899,2463,40,9/27/2023,33797.81,Credit Card
900,975,9,10/15/2023,48541.15,Cash
901,1299,22,9/1/2023,77363.78,Cash
902,1361,2,4/14/2023,84886.91,Credit Card
903,1893,11,10/17/2023,71823.81,Credit Card
904,864,26,5/20/2023,59901.29,Credit Card
905,599,25,4/5/2023,76487.22,Online Transfer
906,454,2,6/20/2023,69773.83,Credit Card
907,2499,20,9/14/2023,40009.77,Credit Card
908,1998,12,3/21/2024,73476.9,Cash
909,2065,34,5/7/2023,39199.27,Credit Card
910,1352,22,6/14/2023,41106.21,Online Transfer
911,2106,13,11/23/2023,81306.26,Credit Card
912,127,14,8/17/2023,68946.02,Cash
913,2239,11,4/11/2023,82879.78,Cash
914,387,30,8/14/2023,71388.16,Credit Card
915,953,4,4/19/2023,71109.47,Online Transfer
916,1702,40,2/12/2024,35664.87,Credit Card
917,427,15,11/17/2023,35199.68,Cash
918,630,19,12/16/2023,51108.89,Online Transfer
919,293,18,5/10/2023,89574.97,Credit Card
920,1225,5,2/16/2024,64341.07,Cash
921,1297,23,5/14/2023,56049.31,Cash
922,1957,25,11/22/2023,48312.82,Cash
923,1065,17,9/25/2023,86034.36,Credit Card
924,123,3,8/24/2023,78715.74,Cash
925,1361,8,9/26/2023,45112.74,Credit Card
926,863,21,10/2/2023,74994.24,Online Transfer
927,526,6,3/8/2024,33200.88,Credit Card
928,744,36,3/8/2024,31325.56,Credit Card
929,1114,39,6/23/2023,98218.05,Online Transfer
930,857,10,1/13/2024,79361.79,Online Transfer
931,712,37,12/29/2023,33073.97,Credit Card
932,1642,24,12/21/2023,74703.44,Online Transfer
933,1088,9,1/18/2024,38580.66,Credit Card
934,113,16,9/30/2023,71008.7,Credit Card
935,1565,7,3/31/2023,37920.14,Credit Card
936,63,26,5/26/2023,48605.71,Cash
937,1723,1,7/24/2023,88727.92,Online Transfer
938,1962,28,6/23/2023,37057.17,Credit Card
939,2082,33,4/14/2023,53891.58,Cash
940,1802,38,1/14/2024,38816.95,Cash
941,600,35,1/22/2024,69343.5,Credit Card
942,2493,31,3/20/2024,53681.24,Online Transfer
943,419,32,9/21/2023,43716.89,Cash
944,1111,27,6/5/2023,80321.01,Credit Card
945,2418,29,4/29/2023,47469.46,Cash
946,2479,4,11/15/2023,83571.24,Credit Card
947,1001,14,1/20/2024,52985.75,Credit Card
948,340,10,5/13/2023,44806.64,Online Transfer
949,2430,29,9/17/2023,76288.81,Online Transfer
950,1484,33,1/28/2024,48671.42,Cash
951,1545,28,7/28/2023,79626.58,Credit Card
952,1740,11,9/1/2023,61244.19,Online Transfer
953,1696,20,2/22/2024,87882.23,Credit Card
954,536,32,4/22/2023,40997.66,Cash
955,1899,12,1/10/2024,82245.3,Online Transfer
956,1618,18,4/16/2023,48820.26,Credit Card
957,2052,31,8/31/2023,55715.28,Credit Card
958,1299,13,2/12/2024,76933.9,Credit Card
959,2210,30,12/12/2023,86596.68,Online Transfer
960,1433,27,1/8/2024,95621.82,Credit Card
961,2102,24,8/24/2023,49447.92,Online Transfer
962,159,22,9/19/2023,99487.95,Online Transfer
963,446,7,12/21/2023,87111.88,Online Transfer
964,2359,19,10/5/2023,42521.5,Online Transfer
965,117,5,4/23/2023,96817.44,Credit Card
966,389,38,10/24/2023,58365.52,Credit Card
967,2441,25,12/18/2023,92279.28,Credit Card
968,326,26,1/23/2024,38580.67,Credit Card
969,1990,23,4/9/2023,90753.02,Online Transfer
970,1981,16,2/11/2024,69793.84,Credit Card
971,341,2,6/5/2023,72867.56,Credit Card
972,141,6,3/19/2024,46418.78,Cash
973,1491,40,10/18/2023,84776.99,Online Transfer
974,1008,37,7/10/2023,67008.51,Online Transfer
975,1392,39,12/1/2023,82640.52,Online Transfer
976,1720,17,3/10/2024,33536.97,Cash
977,495,8,6/25/2023,42447.31,Credit Card
978,414,15,9/27/2023,59289.21,Online Transfer
979,97,9,9/18/2023,99588.86,Online Transfer
980,1746,3,12/20/2023,51223.61,Credit Card
981,2193,1,11/2/2023,57691.33,Online Transfer
982,2458,36,6/23/2023,30839.13,Credit Card
983,1376,21,2/5/2024,83639.66,Credit Card
984,2249,34,10/29/2023,54068.29,Credit Card
985,1593,35,8/21/2023,79349.04,Online Transfer
986,593,36,7/20/2023,87336.41,Credit Card
987,2339,37,8/30/2023,85177.45,Cash
988,1408,17,9/17/2023,38095.35,Credit Card
989,16,4,3/6/2024,51464.82,Credit Card
990,1743,21,10/9/2023,85654.18,Credit Card
991,876,16,4/12/2023,81022.1,Credit Card
992,1833,8,5/27/2023,77825.67,Cash
993,2376,27,11/18/2023,87970.84,Credit Card
994,1906,9,2/7/2024,76540.14,Online Transfer
995,2090,24,6/20/2023,41039.9,Cash
996,2271,31,1/29/2024,70320.72,Online Transfer
997,1615,23,7/2/2023,44255.42,Online Transfer
998,1682,22,6/30/2023,49375.11,Credit Card
999,183,29,3/5/2024,84322.32,Online Transfer
1000,663,10,7/22/2023,94341.95,Credit Card
1001,1638,13,3/17/2024,42778.78,Credit Card
1002,2228,6,10/30/2023,70635.95,Credit Card
1003,855,15,7/9/2023,67254.76,Credit Card
1004,676,12,3/8/2024,74447.35,Credit Card
1005,2435,32,2/7/2024,91638.08,Cash
1006,2057,3,6/3/2023,97583.94,Online Transfer
1007,1934,38,9/23/2023,69353.83,Credit Card
1008,426,19,7/22/2023,55499.2,Online Transfer
1009,1501,2,11/16/2023,78698.74,Credit Card
1010,1967,7,9/3/2023,57341.98,Credit Card
1011,1342,28,1/27/2024,92028.46,Online Transfer
1012,2420,33,2/8/2024,47853.34,Online Transfer
1013,2476,34,12/22/2023,42332.06,Online Transfer
1014,982,20,4/14/2023,75727.65,Cash
1015,726,1,2/11/2024,81650.7,Cash
1016,271,18,11/19/2023,35129.59,Credit Card
1017,699,26,10/21/2023,95737.8,Online Transfer
1018,711,14,9/29/2023,45442.38,Credit Card
1019,157,39,2/3/2024,53300.65,Credit Card
1020,370,30,10/26/2023,74644.27,Credit Card
1021,1620,11,1/6/2024,84479.16,Online Transfer
1022,2338,25,5/12/2023,75401.06,Credit Card
1023,589,40,4/27/2023,62954.11,Credit Card
1024,248,5,8/1/2023,85578.3,Credit Card
1025,978,35,12/12/2023,76812.46,Credit Card
1026,747,5,4/1/2023,41415.51,Cash
1027,524,3,8/12/2023,37831.82,Credit Card
1028,742,7,10/24/2023,46862.97,Online Transfer
1029,1476,32,9/5/2023,64133.01,Credit Card
1030,1574,35,9/9/2023,32692.77,Online Transfer
1031,182,19,6/1/2023,84141.78,Credit Card
1032,1074,37,4/9/2023,93864.46,Credit Card
1033,27,25,9/23/2023,69665.45,Credit Card
1034,1709,18,8/27/2023,34722.65,Credit Card
1035,965,11,9/8/2023,65016.66,Online Transfer
1036,2412,26,10/18/2023,95387.29,Cash
1037,2055,31,8/26/2023,45097.36,Credit Card
1038,1996,24,6/1/2023,60341.04,Credit Card
1039,560,29,12/11/2023,93543.51,Online Transfer
1040,1602,23,4/23/2023,86366.43,Online Transfer
1041,1092,16,8/3/2023,37584.84,Online Transfer
1042,1942,20,8/11/2023,97048.43,Online Transfer
1043,1735,14,9/20/2023,74980.5,Credit Card
1044,1261,28,4/17/2023,89589.53,Online Transfer
1045,993,17,1/31/2024,73977.32,Online Transfer
1046,2489,22,8/24/2023,80014.6,Credit Card
1047,1032,12,1/13/2024,75903.96,Credit Card
1048,2280,6,2/9/2024,67962.33,Credit Card
1049,10,2,10/19/2023,45598.88,Cash
1050,1281,1,8/31/2023,33264.32,Credit Card
1051,2415,27,8/31/2023,84361.32,Credit Card
1052,2093,9,10/31/2023,97586.85,Credit Card
1053,1309,13,4/17/2023,90363.01,Credit Card
1054,1880,39,1/27/2024,91720.75,Credit Card
1055,2176,10,4/3/2023,89863.8,Credit Card
1056,858,15,8/5/2023,35243.25,Cash
1057,423,33,3/26/2023,56738.39,Cash
1058,595,21,5/17/2023,34574.68,Credit Card
1059,331,40,8/5/2023,33214.72,Credit Card
1060,434,8,11/4/2023,67215.23,Cash
1061,2242,38,12/22/2023,35576.56,Cash
1062,2311,34,12/31/2023,87137.78,Credit Card
1063,2095,30,6/9/2023,54402.18,Online Transfer
1064,459,4,3/13/2024,40030.9,Cash
1065,649,36,9/29/2023,33320.54,Online Transfer
1066,1577,37,9/29/2023,54182.07,Cash
1067,319,25,8/31/2023,67937.08,Cash
1068,391,19,2/8/2024,72860.44,Credit Card
1069,1407,14,2/28/2024,41414.5,Credit Card
1070,1872,16,8/3/2023,59882.58,Credit Card
1071,323,11,11/6/2023,53443.7,Cash
1072,2450,9,7/4/2023,72552.54,Cash
1073,1479,5,5/24/2023,98641.09,Online Transfer
1074,2304,7,7/5/2023,86555.33,Online Transfer
1075,503,23,5/31/2023,79721.44,Cash
1076,1246,15,10/4/2023,97750.95,Credit Card
1077,2215,40,6/23/2023,53359.32,Online Transfer
1078,1176,3,9/6/2023,64983.46,Credit Card
1079,1453,33,3/8/2024,93162.76,Credit Card
1080,998,24,6/8/2023,91839.17,Online Transfer
1081,784,38,6/14/2023,58914.88,Online Transfer
1082,1475,1,10/12/2023,30084.62,Credit Card
1083,2049,6,10/21/2023,48503.15,Online Transfer
1084,1825,4,10/19/2023,40649.87,Credit Card
1085,224,27,3/29/2023,53464.19,Online Transfer
1086,1164,39,3/8/2024,44805.22,Online Transfer
1087,1370,11,1/17/2024,31695.61,Credit Card
1088,1344,38,1/2/2024,84260.95,Cash
1089,958,30,5/11/2023,39474.14,Credit Card
1090,129,15,10/26/2023,85593.16,Online Transfer
1091,721,22,8/21/2023,30448.65,Credit Card
1092,1468,26,3/12/2024,70221.97,Online Transfer
1093,534,16,10/20/2023,74108.36,Cash
1094,13,27,12/10/2023,81088.15,Credit Card
1095,1414,25,11/8/2023,56640.11,Credit Card
1096,2157,36,8/8/2023,56975.03,Credit Card
1097,587,4,3/9/2024,37466.65,Credit Card
1098,261,18,7/26/2023,55603.69,Online Transfer
1099,1757,12,5/16/2023,62065.58,Credit Card
1100,2131,14,6/26/2023,36023.57,Online Transfer
1101,2250,37,12/30/2023,67909.37,Online Transfer
1102,2072,21,7/22/2023,57240.01,Credit Card
1103,1546,32,2/4/2024,60254.21,Credit Card
1104,441,3,4/25/2023,34039.19,Credit Card
1105,202,5,6/21/2023,78593.07,Credit Card
1106,1289,7,10/11/2023,52433.73,Cash
1107,1261,24,2/13/2024,87242.3,Credit Card
1108,6,20,7/10/2023,76618.37,Online Transfer
1109,388,2,9/27/2023,63130.85,Credit Card
1110,1458,8,9/4/2023,73394.31,Credit Card
1111,1813,31,5/2/2023,89446.55,Credit Card
1112,808,28,1/12/2024,90422.33,Cash
1113,1548,6,11/25/2023,74664.7,Credit Card
1114,1474,35,6/10/2023,46173.47,Cash
1115,545,40,1/31/2024,83092.2,Online Transfer
1116,923,1,3/4/2024,35234.01,Cash
1117,635,19,7/5/2023,35709.34,Cash
1118,1269,34,2/13/2024,38303.22,Credit Card
1119,1237,39,12/19/2023,51071.05,Credit Card
1120,2417,10,2/12/2024,36915.76,Cash
1121,1517,17,2/25/2024,84769.0,Credit Card
1122,2105,9,9/23/2023,47361.6,Credit Card
1123,1718,23,7/5/2023,87934.84,Online Transfer
1124,1635,13,10/20/2023,65978.29,Online Transfer
1125,2371,29,8/27/2023,80343.07,Credit Card
1126,2223,33,10/1/2023,49658.48,Online Transfer
1127,1419,26,5/22/2023,59120.69,Credit Card
1128,1799,20,12/18/2023,31719.93,Cash
1129,473,14,1/21/2024,35980.25,Cash
1130,737,22,9/2/2023,72014.46,Credit Card
1131,1192,38,5/16/2023,38325.64,Cash
1132,2341,12,8/7/2023,96415.11,Credit Card
1133,572,40,7/4/2023,97868.66,Credit Card
1134,2086,6,5/11/2023,30314.61,Credit Card
1135,1641,24,5/26/2023,97690.31,Credit Card
1136,2084,31,4/6/2023,90979.6,Credit Card
1137,1849,16,11/28/2023,31227.66,Online Transfer
1138,1562,21,8/6/2023,30975.97,Credit Card
1139,1923,29,6/6/2023,58472.14,Credit Card
1140,194,34,5/26/2023,43914.5,Credit Card
1141,2443,9,8/6/2023,83112.62,Credit Card
1142,50,15,6/3/2023,30034.58,Credit Card
1143,1248,25,2/8/2024,89382.27,Credit Card
1144,1533,32,11/4/2023,45798.57,Cash
1145,860,23,3/10/2024,67675.34,Online Transfer
1146,1933,28,10/14/2023,70768.05,Cash
1147,1743,35,12/24/2023,30408.02,Credit Card
1148,1013,11,11/9/2023,97386.33,Cash
1149,1644,4,2/11/2024,83020.2,Online Transfer
1150,837,8,9/3/2023,94362.93,Credit Card
1151,1254,2,1/1/2024,80810.43,Cash
1152,279,13,6/16/2023,50782.16,Cash
1153,858,1,1/15/2024,43843.84,Online Transfer
1154,1523,3,11/4/2023,47145.9,Online Transfer
1155,949,7,7/16/2023,70944.89,Credit Card
1156,770,5,10/11/2023,78113.01,Credit Card
1157,718,39,3/5/2024,58713.57,Cash
1158,2395,37,1/3/2024,59470.11,Cash
1159,2268,10,3/25/2023,69182.12,Credit Card
1160,1589,18,10/22/2023,53050.26,Credit Card
1161,832,36,3/9/2024,47473.52,Online Transfer
1162,404,30,5/31/2023,53395.78,Credit Card
1163,1715,27,7/29/2023,38128.36,Credit Card
1164,1466,19,12/6/2023,32202.07,Credit Card
1165,94,17,9/25/2023,98904.4,Credit Card
1166,2373,33,5/4/2023,92802.68,Credit Card
1167,474,35,12/4/2023,43673.91,Credit Card
1168,52,28,7/21/2023,73315.88,Online Transfer
1169,480,27,5/28/2023,40794.81,Credit Card
1170,2041,13,12/19/2023,93607.5,Credit Card
1171,2133,14,2/13/2024,96437.11,Credit Card
1172,1700,39,3/31/2023,83253.96,Online Transfer
1173,42,24,12/1/2023,88764.7,Credit Card
1174,2438,21,9/11/2023,62966.36,Credit Card
1175,1101,19,9/13/2023,95353.3,Online Transfer
1176,842,20,1/29/2024,32157.07,Cash
1177,1502,1,9/21/2023,31188.95,Online Transfer
1178,1191,9,3/26/2023,56516.39,Online Transfer
1179,112,10,7/2/2023,33218.97,Credit Card
1180,2163,36,12/9/2023,89434.0,Credit Card
1181,1221,38,7/23/2023,39404.67,Cash
1182,665,33,9/23/2023,60840.54,Cash
1183,826,4,11/13/2023,55667.44,Online Transfer
1184,463,2,3/12/2024,81289.81,Online Transfer
1185,1954,5,4/2/2023,33232.21,Credit Card
1186,2317,18,2/12/2024,41000.38,Credit Card
1187,1096,23,6/11/2023,55830.49,Online Transfer
1188,1002,15,11/10/2023,37458.72,Credit Card
1189,1584,37,12/29/2023,42560.56,Credit Card
1190,1862,34,3/6/2024,77899.66,Cash
1191,2494,3,5/13/2023,94125.04,Cash
1192,867,12,9/29/2023,39798.56,Cash
1193,227,31,5/17/2023,66395.75,Credit Card
1194,1771,26,5/29/2023,54634.43,Online Transfer
1195,1694,17,7/12/2023,66325.42,Online Transfer
1196,1054,7,8/18/2023,33955.57,Credit Card
1197,1649,8,7/5/2023,98785.34,Credit Card
1198,1167,40,1/1/2024,95723.57,Online Transfer
1199,2346,11,7/30/2023,92483.12,Credit Card
1200,333,32,8/22/2023,84010.79,Credit Card
1201,1881,22,12/25/2023,51814.43,Credit Card
1202,2306,30,5/22/2023,82210.77,Online Transfer
1203,2034,6,8/16/2023,33530.21,Credit Card
1204,2267,25,3/23/2023,65520.23,Credit Card
1205,1074,16,12/17/2023,79950.15,Online Transfer
1206,1119,29,8/25/2023,30731.24,Credit Card
1207,1159,14,10/4/2023,88057.32,Credit Card
1208,1040,19,12/21/2023,47266.04,Cash
1209,201,17,8/30/2023,53106.73,Credit Card
1210,422,6,4/29/2023,61418.87,Online Transfer
1211,1345,5,4/12/2023,38656.43,Credit Card
1212,384,36,8/20/2023,37455.37,Online Transfer
1213,2416,7,7/9/2023,32166.67,Credit Card
1214,1009,10,1/29/2024,46590.37,Online Transfer
1215,1123,23,9/16/2023,72695.09,Credit Card
1216,1977,34,1/13/2024,78165.61,Cash
1217,862,18,12/11/2023,54275.69,Online Transfer
1218,745,15,11/20/2023,31946.13,Cash
1219,598,12,1/29/2024,32919.96,Online Transfer
1220,210,39,3/8/2024,61799.47,Online Transfer
1221,320,35,3/29/2023,31481.54,Online Transfer
1222,1081,26,1/25/2024,37016.11,Online Transfer
1223,102,13,1/15/2024,44253.19,Online Transfer
1224,2075,21,2/17/2024,43630.22,Credit Card
1225,1617,22,3/28/2023,37363.33,Credit Card
1226,1965,8,1/23/2024,36958.63,Credit Card
1227,2432,37,5/29/2023,87717.18,Cash
1228,166,1,7/2/2023,93010.99,Online Transfer
1229,1814,31,10/9/2023,30591.33,Online Transfer
1230,672,25,8/29/2023,65934.77,Credit Card
1231,1311,2,2/12/2024,70608.3,Cash
1232,2176,16,6/5/2023,72700.95,Cash
1233,1413,38,12/18/2023,91991.69,Online Transfer
1234,1810,33,3/4/2024,34299.72,Credit Card
1235,1854,30,10/13/2023,37791.16,Credit Card
1236,2004,4,6/9/2023,37468.72,Credit Card
1237,83,32,1/25/2024,31865.37,Online Transfer
1238,765,24,1/19/2024,37064.03,Credit Card
1239,1372,9,2/4/2024,60353.27,Credit Card
1240,1238,11,11/23/2023,31630.4,Credit Card
1241,2497,40,7/4/2023,85917.75,Credit Card
1242,1366,28,9/1/2023,99543.92,Online Transfer
1243,1848,27,4/23/2023,31042.26,Online Transfer
1244,1190,3,4/23/2023,50909.66,Cash
1245,2033,20,11/10/2023,34547.02,Cash
1246,417,29,12/27/2023,55002.58,Credit Card
1247,790,12,11/2/2023,62144.69,Credit Card
1248,2139,26,7/17/2023,74765.57,Credit Card
1249,1907,6,4/2/2023,99962.48,Credit Card
1250,1201,36,6/20/2023,75514.58,Online Transfer
1251,2092,32,12/31/2023,75453.29,Cash
1252,586,31,4/23/2023,31437.39,Online Transfer
1253,1042,4,2/15/2024,60123.59,Credit Card
1254,1306,35,10/16/2023,83367.57,Online Transfer
1255,2029,30,11/1/2023,37004.6,Online Transfer
1256,460,38,2/22/2024,35870.87,Cash
1257,2451,5,11/12/2023,41710.28,Credit Card
1258,1108,28,3/22/2024,82960.9,Credit Card
1259,2380,10,11/12/2023,94568.04,Credit Card
1260,478,27,2/12/2024,60574.02,Credit Card
1261,709,24,5/16/2023,53564.51,Credit Card
1262,218,11,7/18/2023,49643.75,Online Transfer
1263,1373,15,3/7/2024,43530.91,Online Transfer
1264,963,20,10/8/2023,71404.3,Credit Card
1265,2002,25,12/7/2023,99234.51,Credit Card
1266,1807,13,9/13/2023,35378.31,Cash
1267,640,23,10/26/2023,59408.2,Cash
1268,2423,25,9/12/2023,65892.85,Cash
1269,1320,30,4/10/2023,78728.06,Credit Card
1270,471,35,8/17/2023,86801.95,Online Transfer
1271,4,12,11/20/2023,62119.51,Cash
1272,1120,17,7/26/2023,81195.99,Online Transfer
1273,629,24,12/15/2023,93691.52,Cash
1274,2292,16,11/7/2023,45785.63,Online Transfer
1275,151,20,6/3/2023,95367.19,Credit Card
1276,556,11,10/29/2023,50298.66,Credit Card
1277,925,40,5/11/2023,44788.31,Online Transfer
1278,2201,36,1/3/2024,83891.8,Cash
1279,52,4,12/24/2023,87062.09,Credit Card
1280,1358,37,8/25/2023,61538.76,Credit Card
1281,1239,26,4/10/2023,45222.44,Cash
1282,2321,28,3/8/2024,61766.79,Credit Card
1283,179,33,5/16/2023,86690.16,Online Transfer
1284,1011,14,8/15/2023,47013.8,Credit Card
1285,317,34,9/5/2023,71208.3,Online Transfer
1286,193,2,4/20/2023,91393.99,Credit Card
1287,1236,3,5/26/2023,87110.61,Credit Card
1288,1454,27,10/6/2023,85082.8,Online Transfer
1289,1568,22,12/19/2023,36216.73,Credit Card
1290,433,15,5/20/2023,97464.66,Credit Card
1291,1408,5,5/20/2023,46594.18,Credit Card
1292,1381,23,3/25/2023,31698.26,Cash
1293,2125,13,10/20/2023,97256.78,Cash
1294,398,32,6/19/2023,54885.89,Online Transfer
1295,1888,29,11/29/2023,77113.93,Credit Card
1296,224,39,4/5/2023,66169.24,Cash
1297,868,6,10/15/2023,71029.84,Credit Card
1298,2065,21,7/22/2023,43645.26,Online Transfer
1299,493,9,5/7/2023,76269.7,Credit Card
1300,184,7,5/16/2023,66555.33,Online Transfer
1301,1217,10,10/22/2023,68340.55,Credit Card
1302,63,31,6/8/2023,40108.25,Online Transfer
1303,1594,18,4/21/2023,69140.71,Cash
1304,481,1,5/17/2023,31031.63,Credit Card
1305,916,38,4/23/2023,51716.67,Credit Card
1306,1182,19,2/12/2024,59403.13,Online Transfer
1307,2269,8,12/26/2023,48415.97,Cash
1308,697,2,11/29/2023,99142.42,Online Transfer
1309,2204,37,5/25/2023,67856.79,Online Transfer
1310,202,26,12/18/2023,92860.77,Credit Card
1311,881,15,7/7/2023,55800.29,Cash
1312,382,40,11/27/2023,81145.68,Cash
1313,449,35,4/29/2023,71548.43,Online Transfer
1314,2375,11,1/11/2024,66273.54,Credit Card
1315,710,27,2/23/2024,68389.93,Online Transfer
1316,2260,17,9/10/2023,79955.33,Online Transfer
1317,2426,6,9/23/2023,82549.27,Credit Card
1318,1104,22,5/12/2023,34085.43,Cash
1319,442,19,1/30/2024,84981.77,Cash
1320,364,33,10/15/2023,48034.38,Credit Card
1321,568,32,2/5/2024,43934.67,Online Transfer
1322,1088,16,10/29/2023,33675.86,Cash
1323,448,30,9/12/2023,67652.73,Credit Card
1324,1706,7,11/9/2023,91657.16,Online Transfer
1325,1644,36,11/25/2023,33329.48,Online Transfer
1326,1854,38,3/27/2023,37576.55,Online Transfer
1327,2246,39,7/20/2023,56056.73,Online Transfer
1328,2358,18,8/26/2023,94687.06,Cash
1329,1887,28,1/25/2024,72834.11,Cash
1330,2189,12,6/2/2023,49324.5,Cash
1331,170,23,4/3/2023,96148.33,Cash
1332,367,13,9/19/2023,56856.68,Cash
1333,1271,8,12/18/2023,78047.74,Credit Card
1334,1699,31,8/11/2023,65516.83,Credit Card
1335,511,4,9/1/2023,62701.43,Credit Card
1336,1993,14,7/30/2023,86344.66,Online Transfer
1337,1418,24,10/22/2023,35504.31,Credit Card
1338,1494,5,10/4/2023,65228.79,Credit Card
1339,1479,1,8/24/2023,67056.64,Online Transfer
1340,957,3,6/26/2023,47049.73,Credit Card
1341,2109,20,9/7/2023,49976.52,Credit Card
1342,1407,29,8/10/2023,33442.46,Cash
1343,656,21,8/20/2023,50955.66,Credit Card
1344,775,34,4/16/2023,49683.97,Online Transfer
1345,322,25,8/9/2023,48243.16,Credit Card
1346,1352,10,10/4/2023,70941.49,Online Transfer
1347,757,9,1/19/2024,30337.26,Cash
1348,1199,33,5/30/2023,65753.35,Credit Card
1349,479,30,12/7/2023,96443.25,Credit Card
1350,594,31,11/15/2023,46467.22,Credit Card
1351,555,40,1/31/2024,35620.15,Credit Card
1352,771,18,1/15/2024,88157.78,Credit Card
1353,230,12,9/1/2023,61649.24,Credit Card
1354,708,5,5/2/2023,87065.74,Online Transfer
1355,1379,19,4/7/2023,42381.65,Online Transfer
1356,2233,17,5/19/2023,77019.03,Online Transfer
1357,1962,36,5/4/2023,39781.08,Online Transfer
1358,1066,24,8/2/2023,40479.6,Credit Card
1359,1787,22,5/17/2023,37474.27,Online Transfer
1360,2207,16,1/22/2024,73130.32,Credit Card
1361,967,7,6/20/2023,42977.99,Credit Card
1362,1831,28,1/10/2024,69240.56,Credit Card
1363,2444,10,1/15/2024,85849.06,Cash
1364,392,21,8/1/2023,55815.91,Online Transfer
1365,1256,9,4/30/2023,36978.57,Credit Card
1366,1344,27,12/28/2023,52317.3,Cash
1367,1916,25,1/23/2024,49399.5,Credit Card
1368,929,1,1/24/2024,42481.31,Cash
1369,866,6,11/10/2023,40969.38,Cash
1370,628,32,8/13/2023,70917.69,Online Transfer
1371,827,11,8/21/2023,41426.94,Online Transfer
1372,810,26,8/14/2023,33599.03,Cash
1373,797,23,6/5/2023,82511.86,Credit Card
1374,111,4,8/27/2023,58950.5,Online Transfer
1375,1007,15,7/7/2023,70958.22,Credit Card
1376,1331,20,6/14/2023,30252.03,Credit Card
1377,768,34,12/17/2023,78815.01,Credit Card
1378,1833,13,5/4/2023,71087.76,Credit Card
1379,205,3,7/22/2023,49467.75,Credit Card
1380,1274,29,7/10/2023,88037.45,Credit Card
1381,2352,8,2/28/2024,89129.89,Online Transfer
1382,524,39,12/20/2023,42936.81,Credit Card
1383,1999,37,6/10/2023,85137.67,Credit Card
1384,990,14,6/30/2023,98090.95,Online Transfer
1385,1094,2,10/1/2023,53110.63,Credit Card
1386,1210,38,3/28/2023,98673.08,Cash
1387,2357,35,9/1/2023,66160.73,Online Transfer
1388,2215,33,3/19/2024,99951.74,Cash
1389,2218,3,11/7/2023,51487.1,Cash
1390,2153,23,4/25/2023,63692.44,Cash
1391,2450,34,9/20/2023,45401.53,Cash
1392,519,6,1/28/2024,52236.17,Online Transfer
1393,865,21,5/13/2023,72503.99,Cash
1394,380,19,5/1/2023,37636.3,Cash
1395,874,14,12/18/2023,91351.24,Credit Card
1396,1168,32,1/28/2024,88367.3,Credit Card
1397,1368,13,12/24/2023,35152.34,Online Transfer
1398,2134,22,6/11/2023,50396.59,Online Transfer
1399,1614,4,8/17/2023,54286.21,Credit Card
1400,2128,36,8/26/2023,64495.15,Credit Card
1401,293,39,7/17/2023,51583.91,Credit Card
1402,1431,16,5/27/2023,68697.79,Credit Card
1403,155,2,4/6/2023,91422.17,Online Transfer
1404,464,25,7/29/2023,65610.93,Online Transfer
1405,305,26,12/17/2023,54916.8,Credit Card
1406,83,38,1/12/2024,78562.6,Credit Card
1407,335,37,6/29/2023,90485.09,Credit Card
1408,1743,7,2/17/2024,72929.15,Credit Card
1409,65,20,4/30/2023,39427.26,Credit Card
1410,126,30,11/26/2023,70692.7,Credit Card
1411,981,28,12/30/2023,44067.63,Credit Card
1412,2129,31,9/15/2023,42992.02,Cash
1413,1712,1,5/30/2023,47147.03,Credit Card
1414,1143,8,1/30/2024,99026.79,Online Transfer
1415,980,27,7/16/2023,90346.04,Credit Card
1416,53,15,6/20/2023,54088.86,Online Transfer
1417,1812,29,6/18/2023,77819.59,Cash
1418,1134,12,3/15/2024,87997.29,Cash
1419,1512,5,12/8/2023,35714.57,Online Transfer
1420,1267,24,8/26/2023,38125.89,Online Transfer
1421,1008,18,12/19/2023,69503.01,Online Transfer
1422,2182,35,7/31/2023,59368.02,Credit Card
1423,411,11,9/27/2023,89223.34,Cash
1424,2266,10,10/5/2023,33811.66,Cash
1425,1975,40,6/5/2023,35108.32,Credit Card
1426,1763,17,7/24/2023,48884.25,Credit Card
1427,212,9,7/6/2023,79430.17,Credit Card
1428,467,16,11/21/2023,33201.99,Credit Card
1429,194,12,9/15/2023,75761.57,Credit Card
1430,819,23,6/4/2023,67479.16,Credit Card
1431,1566,18,6/27/2023,98312.25,Credit Card
1432,731,9,11/30/2023,70395.21,Cash
1433,667,3,11/9/2023,91995.55,Online Transfer
1434,2108,14,9/12/2023,62656.49,Credit Card
1435,725,5,7/5/2023,96730.79,Credit Card
1436,258,40,6/18/2023,56513.59,Credit Card
1437,349,21,12/7/2023,96902.88,Online Transfer
1438,56,34,12/5/2023,68461.44,Credit Card
1439,1571,19,8/2/2023,44491.95,Online Transfer
1440,707,39,7/5/2023,97709.67,Credit Card
1441,2235,31,2/15/2024,70668.84,Online Transfer
1442,1153,35,10/2/2023,81931.66,Credit Card
1443,1943,36,5/16/2023,46992.15,Credit Card
1444,1905,1,11/2/2023,89730.4,Online Transfer
1445,897,17,8/6/2023,47732.34,Credit Card
1446,2365,30,2/17/2024,36085.07,Credit Card
1447,1736,11,4/17/2023,50675.37,Credit Card
1448,1433,4,9/20/2023,89170.83,Credit Card
1449,2268,37,8/7/2023,38026.31,Online Transfer
1450,2103,13,1/17/2024,64163.45,Credit Card
1451,1539,9,12/15/2023,44771.25,Credit Card
1452,469,34,10/24/2023,62782.67,Online Transfer
1453,666,32,6/14/2023,79672.21,Credit Card
1454,599,20,9/12/2023,31132.32,Credit Card
1455,1759,33,6/7/2023,92449.14,Credit Card
1456,571,2,7/2/2023,54513.34,Online Transfer
1457,1103,6,6/27/2023,58897.66,Credit Card
1458,742,12,12/18/2023,93279.53,Credit Card
1459,1258,15,7/6/2023,35239.71,Credit Card
1460,1212,21,11/22/2023,75799.21,Credit Card
1461,1902,17,6/29/2023,66927.01,Credit Card
1462,1379,36,12/11/2023,55851.48,Online Transfer
1463,1084,1,2/20/2024,87951.01,Online Transfer
1464,2059,7,4/9/2023,63750.58,Online Transfer
1465,1466,3,6/22/2023,45431.27,Online Transfer
1466,1408,24,9/1/2023,56072.03,Credit Card
1467,1064,29,2/11/2024,87083.64,Online Transfer
1468,616,27,8/13/2023,86360.47,Credit Card
1469,173,30,6/6/2023,94700.98,Credit Card
1470,906,19,11/4/2023,31411.7,Credit Card
1471,1959,25,9/13/2023,45575.89,Credit Card
1472,1128,14,1/26/2024,90179.06,Credit Card
1473,289,40,10/26/2023,72326.97,Online Transfer
1474,1001,5,9/3/2023,62402.51,Online Transfer
1475,1833,38,5/18/2023,85146.81,Credit Card
1476,1792,22,11/13/2023,71036.42,Credit Card
1477,2272,39,5/2/2023,63299.46,Credit Card
1478,2409,18,4/6/2023,81033.55,Online Transfer
1479,823,26,12/26/2023,67040.8,Online Transfer
1480,1278,28,8/6/2023,34034.1,Credit Card
1481,1578,4,12/6/2023,38307.58,Credit Card
1482,2165,31,5/19/2023,35791.12,Online Transfer
1483,1283,11,6/25/2023,80596.68,Online Transfer
1484,2282,10,5/14/2023,87588.49,Online Transfer
1485,658,8,12/11/2023,91746.35,Credit Card
1486,1251,23,9/7/2023,56775.3,Cash
1487,909,35,9/24/2023,49091.24,Credit Card
1488,2023,16,1/31/2024,48601.51,Online Transfer
1489,965,6,12/23/2023,84993.01,Online Transfer
1490,1404,23,11/5/2023,34391.62,Cash
1491,1913,15,3/31/2023,84127.07,Credit Card
1492,1129,1,2/5/2024,48981.31,Credit Card
1493,430,2,5/8/2023,79279.29,Credit Card
1494,1080,25,5/5/2023,73744.91,Cash
1495,130,11,5/13/2023,81064.29,Credit Card
1496,1292,26,9/6/2023,59294.71,Online Transfer
1497,683,19,8/30/2023,72275.65,Online Transfer
1498,549,8,12/11/2023,73544.56,Online Transfer
1499,738,4,8/28/2023,56852.12,Cash
1500,261,36,7/13/2023,47972.55,Cash
1501,1391,16,11/6/2023,39861.18,Credit Card
1502,672,5,9/26/2023,83162.21,Online Transfer
1503,1894,29,7/8/2023,99714.3,Credit Card
1504,1018,22,6/11/2023,56033.08,Credit Card
1505,122,39,12/12/2023,71230.33,Online Transfer
1506,2203,33,12/22/2023,59189.64,Cash
1507,2265,28,11/1/2023,44508.47,Online Transfer
1508,510,27,7/7/2023,80444.01,Credit Card
1509,1313,24,3/26/2023,70842.38,Credit Card
1510,541,18,2/15/2024,45581.09,Online Transfer
1511,1975,30,10/25/2023,78418.46,Online Transfer
1512,329,13,8/5/2023,65899.32,Cash
1513,303,34,12/17/2023,97801.05,Online Transfer
1514,16,21,12/3/2023,79059.85,Cash
1515,341,32,9/3/2023,66508.14,Credit Card
1516,2295,40,1/10/2024,79834.26,Credit Card
1517,2030,9,12/5/2023,49968.02,Online Transfer
1518,1298,38,10/24/2023,63646.06,Credit Card
1519,2225,10,3/11/2024,67540.13,Credit Card
1520,2479,7,8/6/2023,67972.2,Online Transfer
1521,710,14,7/12/2023,40073.37,Online Transfer
1522,1386,31,11/16/2023,77715.26,Credit Card
1523,435,3,3/25/2023,71087.75,Online Transfer
1524,1575,35,5/30/2023,53495.86,Online Transfer
1525,930,20,6/1/2023,42711.52,Credit Card
1526,1965,12,12/18/2023,80980.53,Online Transfer
1527,2073,17,9/16/2023,82468.11,Cash
1528,1577,37,4/14/2023,66388.84,Credit Card
1529,524,28,4/11/2023,99456.0,Cash
1530,1193,17,7/23/2023,59889.7,Credit Card
1531,883,6,5/31/2023,88478.37,Credit Card
1532,2195,33,9/13/2023,32904.57,Online Transfer
1533,156,32,1/2/2024,55101.93,Online Transfer
1534,1554,19,4/12/2023,82758.39,Online Transfer
1535,1525,8,1/21/2024,71239.89,Online Transfer
1536,169,18,11/22/2023,57398.48,Cash
1537,2433,26,2/10/2024,97619.56,Online Transfer
1538,161,35,11/8/2023,86297.64,Online Transfer
1539,93,9,12/18/2023,94338.22,Online Transfer
1540,315,30,3/31/2023,50925.6,Credit Card
1541,1770,27,3/25/2023,44608.84,Credit Card
1542,1816,20,10/23/2023,43567.72,Online Transfer
1543,1552,12,6/3/2023,34091.78,Online Transfer
1544,1339,2,7/2/2023,94859.57,Credit Card
1545,577,7,3/14/2024,73514.02,Credit Card
1546,1406,39,10/3/2023,93132.54,Credit Card
1547,929,40,7/2/2023,36854.63,Online Transfer
1548,1940,1,2/19/2024,33037.7,Credit Card
1549,681,34,12/25/2023,50423.06,Credit Card
1550,1435,14,1/22/2024,72255.02,Cash
1551,1812,10,8/27/2023,96581.34,Credit Card
1552,1475,16,2/18/2024,87925.56,Credit Card
1553,330,11,9/6/2023,31928.55,Online Transfer
1554,401,31,10/7/2023,34901.83,Online Transfer
1555,2434,13,5/3/2023,38967.39,Online Transfer
1556,1202,29,7/27/2023,54025.56,Credit Card
1557,1543,23,5/22/2023,77958.98,Credit Card
1558,1272,25,1/29/2024,54631.07,Credit Card
1559,821,4,12/26/2023,32405.79,Cash
1560,2035,22,8/3/2023,68494.6,Credit Card
1561,772,21,1/21/2024,54968.89,Online Transfer
1562,306,24,5/11/2023,78723.85,Credit Card
1563,722,5,3/2/2024,69260.5,Online Transfer
1564,1107,38,2/27/2024,31350.17,Credit Card
1565,1907,15,9/2/2023,32919.82,Credit Card
1566,474,37,5/21/2023,57609.66,Cash
1567,1177,3,11/1/2023,97532.8,Online Transfer
1568,1888,36,7/2/2023,54348.79,Credit Card
1569,1175,4,12/27/2023,80753.64,Credit Card
1570,1443,24,8/10/2023,49303.16,Cash
1571,2336,35,6/19/2023,61067.81,Credit Card
1572,132,32,7/21/2023,78032.28,Cash
1573,849,20,6/16/2023,78640.09,Online Transfer
1574,1859,23,6/15/2023,52248.11,Cash
1575,490,3,8/3/2023,71369.32,Online Transfer
1576,608,25,4/6/2023,71594.1,Online Transfer
1577,1498,29,8/15/2023,51648.65,Credit Card
1578,701,11,5/15/2023,63545.18,Credit Card
1579,176,13,7/19/2023,77066.96,Credit Card
1580,1171,22,1/17/2024,64896.67,Online Transfer
1581,1751,28,8/20/2023,57305.71,Credit Card
1582,202,5,1/9/2024,51064.75,Credit Card
1583,2327,16,7/31/2023,83532.45,Credit Card
1584,1220,10,10/4/2023,43160.01,Online Transfer
1585,221,38,1/20/2024,67175.34,Online Transfer
1586,2491,21,7/24/2023,64149.04,Cash
1587,941,27,3/25/2023,64784.07,Online Transfer
1588,2045,30,6/9/2023,94879.21,Online Transfer
1589,707,40,11/11/2023,95544.91,Online Transfer
1590,759,15,8/31/2023,95101.73,Online Transfer
1591,2230,26,10/17/2023,77317.83,Cash
1592,2184,31,2/11/2024,68380.11,Credit Card
1593,1702,12,2/19/2024,59528.42,Online Transfer
1594,627,1,2/10/2024,82243.34,Credit Card
1595,1262,9,6/5/2023,43545.0,Credit Card
1596,322,36,2/1/2024,75517.79,Credit Card
1597,1289,19,8/28/2023,71543.74,Credit Card
1598,342,39,1/22/2024,47267.13,Credit Card
1599,125,34,5/31/2023,81475.76,Cash
1600,1113,33,8/20/2023,74041.63,Cash
1601,1456,8,5/25/2023,48973.44,Online Transfer
1602,744,7,5/26/2023,75593.17,Online Transfer
1603,1502,14,8/28/2023,52612.64,Online Transfer
1604,1335,6,11/5/2023,73186.45,Online Transfer
1605,1438,18,9/15/2023,55568.89,Online Transfer
1606,370,2,2/15/2024,51242.91,Online Transfer
1607,2156,37,9/18/2023,72939.58,Credit Card
1608,2027,17,3/8/2024,50103.8,Online Transfer
1609,2086,36,7/24/2023,87647.32,Cash
1610,688,35,3/28/2023,77679.1,Online Transfer
1611,1890,1,8/14/2023,38632.96,Online Transfer
1612,1449,40,7/23/2023,77445.69,Cash
1613,1636,34,12/21/2023,54017.77,Online Transfer
1614,1617,29,4/1/2023,93941.94,Online Transfer
1615,2366,7,10/29/2023,71807.09,Online Transfer
1616,2345,18,2/29/2024,55347.75,Credit Card
1617,1540,15,11/6/2023,68076.99,Credit Card
1618,1100,16,6/20/2023,86639.11,Credit Card
1619,812,26,9/15/2023,80165.77,Online Transfer
1620,792,24,10/20/2023,71233.57,Credit Card
1621,1626,21,1/18/2024,48970.34,Credit Card
1622,1788,28,8/21/2023,44611.9,Credit Card
1623,1167,37,8/12/2023,52262.27,Online Transfer
1624,1132,12,3/20/2024,39642.7,Cash
1625,2013,9,4/17/2023,36872.61,Online Transfer
1626,1687,33,1/21/2024,31835.19,Online Transfer
1627,1865,6,6/6/2023,66996.07,Online Transfer
1628,603,25,7/18/2023,38740.83,Cash
1629,224,2,8/12/2023,98754.24,Online Transfer
1630,610,23,12/12/2023,89788.68,Online Transfer
1631,6,7,11/10/2023,51321.22,Credit Card
1632,2181,18,5/20/2023,77132.29,Online Transfer
1633,1887,30,4/12/2023,93113.57,Cash
1634,1120,40,2/17/2024,81913.64,Online Transfer
1635,2475,12,6/26/2023,89931.63,Online Transfer
1636,1782,10,11/23/2023,92989.69,Online Transfer
1637,1179,6,2/23/2024,63383.76,Online Transfer
1638,1827,5,8/1/2023,81761.5,Credit Card
1639,1061,34,1/7/2024,57268.92,Online Transfer
1640,1329,33,2/1/2024,57630.47,Online Transfer
1641,48,21,4/12/2023,44917.74,Cash
1642,876,36,1/4/2024,86140.54,Credit Card
1643,2316,22,3/30/2023,78749.57,Credit Card
1644,1304,16,1/15/2024,94138.15,Online Transfer
1645,978,37,8/11/2023,65978.75,Cash
1646,2215,20,12/27/2023,40199.76,Credit Card
1647,2325,14,2/29/2024,32679.69,Cash
1648,179,38,5/21/2023,51386.96,Credit Card
1649,232,32,10/9/2023,35181.2,Credit Card
1650,2122,2,2/4/2024,54847.69,Cash
1651,1762,19,1/2/2024,99038.83,Online Transfer
1652,1901,17,6/7/2023,54698.28,Credit Card
1653,883,27,8/19/2023,65258.13,Online Transfer
1654,1318,24,1/9/2024,52685.45,Credit Card
1655,712,11,5/31/2023,87349.97,Credit Card
1656,2399,35,8/8/2023,48579.18,Credit Card
1657,826,13,11/21/2023,58881.47,Cash
1658,355,26,2/29/2024,95423.39,Online Transfer
1659,1531,31,11/11/2023,62121.86,Online Transfer
1660,1954,28,6/26/2023,33255.46,Online Transfer
1661,227,4,8/3/2023,74335.86,Online Transfer
1662,2445,9,2/2/2024,55453.7,Credit Card
1663,1314,8,12/6/2023,57229.58,Online Transfer
1664,494,1,5/19/2023,32253.31,Credit Card
1665,108,25,10/20/2023,51756.84,Cash
1666,473,29,10/20/2023,44326.94,Cash
1667,823,3,2/18/2024,67156.17,Credit Card
1668,2423,39,12/29/2023,93898.13,Online Transfer
1669,1532,15,2/15/2024,79433.21,Cash
1670,1046,28,9/23/2023,41473.38,Cash
1671,1332,29,3/24/2023,99498.03,Credit Card
1672,130,37,1/26/2024,87433.57,Online Transfer
1673,880,5,1/30/2024,54546.26,Online Transfer
1674,2387,27,8/31/2023,59816.62,Credit Card
1675,40,7,9/20/2023,96827.23,Online Transfer
1676,1139,9,10/31/2023,76590.19,Online Transfer
1677,380,2,4/30/2023,48418.81,Cash
1678,1131,40,9/26/2023,47480.57,Online Transfer
1679,1271,26,2/10/2024,55544.61,Credit Card
1680,1763,4,6/10/2023,95557.88,Credit Card
1681,1651,38,12/31/2023,50343.43,Online Transfer
1682,1864,6,3/14/2024,33873.88,Online Transfer
1683,2368,16,2/3/2024,88157.14,Cash
1684,1893,15,5/15/2023,89648.47,Credit Card
1685,936,25,2/28/2024,36007.61,Credit Card
1686,1437,20,6/25/2023,36821.21,Credit Card
1687,2382,31,7/17/2023,63078.11,Credit Card
1688,1506,1,3/29/2023,98662.47,Online Transfer
1689,954,18,10/20/2023,98947.44,Credit Card
1690,1771,11,3/11/2024,88961.35,Credit Card
1691,1540,19,8/13/2023,57724.95,Credit Card
1692,216,13,6/28/2023,63926.27,Online Transfer
1693,2116,24,12/24/2023,68546.21,Credit Card
1694,242,39,12/27/2023,84662.38,Credit Card
1695,670,23,4/13/2023,64219.79,Online Transfer
1696,1708,34,3/7/2024,51433.3,Cash
1697,1910,17,4/5/2023,88313.34,Credit Card
1698,1863,12,9/12/2023,73928.09,Online Transfer
1699,1317,14,2/9/2024,36839.26,Cash
1700,991,36,11/3/2023,75959.98,Credit Card
1701,1561,33,11/12/2023,58773.9,Credit Card
1702,554,21,3/11/2024,56697.73,Credit Card
1703,2100,10,4/3/2023,81288.47,Credit Card
1704,785,35,3/4/2024,34948.86,Online Transfer
1705,2149,8,4/18/2023,32078.47,Cash
1706,213,22,3/30/2023,56752.6,Online Transfer
1707,296,32,7/25/2023,64658.74,Credit Card
1708,315,3,12/9/2023,64901.65,Credit Card
1709,1391,30,6/26/2023,82578.39,Credit Card
1710,1680,26,7/6/2023,73978.08,Credit Card
1711,1258,7,12/4/2023,78335.86,Credit Card
1712,462,11,10/2/2023,33860.66,Cash
1713,1399,39,5/13/2023,48726.98,Credit Card
1714,1071,12,4/28/2023,47097.64,Credit Card
1715,577,19,8/28/2023,71172.58,Credit Card
1716,182,29,7/11/2023,90070.36,Online Transfer
1717,2425,2,10/24/2023,39336.19,Cash
1718,659,30,5/6/2023,81914.19,Cash
1719,195,13,1/14/2024,43460.54,Credit Card
1720,1926,38,10/10/2023,86460.21,Credit Card
1721,1748,14,8/16/2023,35840.93,Credit Card
1722,580,31,10/4/2023,91281.6,Online Transfer
1723,764,35,8/31/2023,82058.39,Online Transfer
1724,411,6,6/18/2023,53280.33,Cash
1725,861,21,8/4/2023,33028.1,Online Transfer
1726,1494,4,12/3/2023,63253.87,Credit Card
1727,527,3,3/13/2024,92317.54,Online Transfer
1728,2468,40,9/10/2023,52461.6,Credit Card
1729,1224,36,2/22/2024,43469.11,Online Transfer
1730,1797,28,11/11/2023,51457.28,Cash
1731,2182,27,12/31/2023,48444.73,Credit Card
1732,1904,23,4/5/2023,52820.13,Cash
1733,251,25,12/28/2023,52534.97,Credit Card
1734,556,10,9/30/2023,72029.42,Credit Card
1735,1144,8,1/25/2024,45024.0,Credit Card
1736,2374,17,4/6/2023,53658.4,Credit Card
1737,321,20,8/21/2023,40376.67,Credit Card
1738,304,33,9/25/2023,69164.67,Cash
1739,1153,22,1/3/2024,67029.15,Online Transfer
1740,2483,24,7/12/2023,46826.52,Credit Card
1741,1979,18,1/18/2024,36954.45,Online Transfer
1742,932,1,11/15/2023,44049.25,Credit Card
1743,422,32,10/21/2023,64079.8,Online Transfer
1744,2363,34,5/31/2023,48942.29,Online Transfer
1745,1945,16,11/21/2023,71756.6,Credit Card
1746,2327,5,9/1/2023,83470.65,Online Transfer
1747,1497,9,4/18/2023,71728.87,Credit Card
1748,458,15,8/4/2023,36918.44,Credit Card
1749,133,37,9/19/2023,73475.59,Credit Card
1750,1874,5,1/30/2024,43973.56,Online Transfer
1751,1009,26,11/13/2023,32164.7,Credit Card
1752,1336,9,9/19/2023,32557.36,Online Transfer
1753,938,21,4/4/2023,59597.74,Online Transfer
1754,2270,27,4/26/2023,31072.72,Credit Card
1755,538,7,4/10/2023,88385.2,Online Transfer
1756,1914,23,4/11/2023,89527.15,Online Transfer
1757,2349,20,11/17/2023,83323.5,Online Transfer
1758,172,1,6/29/2023,60828.96,Online Transfer
1759,1283,31,9/28/2023,80399.55,Credit Card
1760,2252,2,5/22/2023,58213.19,Credit Card
1761,2474,19,5/22/2023,80965.15,Online Transfer
1762,2136,39,9/12/2023,48607.27,Online Transfer
1763,284,6,11/18/2023,86370.83,Cash
1764,2246,37,10/17/2023,62996.94,Online Transfer
1765,1483,28,10/14/2023,31945.23,Credit Card
1766,208,22,4/10/2023,47562.88,Cash
1767,362,17,10/16/2023,50268.84,Credit Card
1768,807,13,7/20/2023,97353.0,Credit Card
1769,1796,29,10/17/2023,89654.67,Cash
1770,703,3,1/20/2024,99672.11,Credit Card
1771,1214,14,4/17/2023,94102.81,Credit Card
1772,425,15,7/4/2023,77792.69,Online Transfer
1773,1638,33,3/25/2023,54202.82,Online Transfer
1774,2068,38,12/25/2023,76641.38,Credit Card
1775,1186,35,2/18/2024,39719.47,Credit Card
1776,157,40,4/6/2023,58810.81,Credit Card
1777,1154,25,4/10/2023,57331.68,Credit Card
1778,1226,36,2/23/2024,48099.49,Credit Card
1779,584,30,12/13/2023,83136.89,Cash
1780,1881,32,4/27/2023,52722.2,Online Transfer
1781,341,24,3/14/2024,35980.15,Credit Card
1782,140,18,9/10/2023,67520.4,Online Transfer
1783,1693,11,4/25/2023,73993.93,Online Transfer
1784,56,34,12/9/2023,39850.12,Credit Card
1785,2403,16,3/19/2024,59475.18,Online Transfer
1786,1544,4,1/19/2024,74280.09,Credit Card
1787,530,8,11/23/2023,62440.58,Credit Card
1788,1270,10,2/27/2024,68357.15,Online Transfer
1789,987,12,11/15/2023,78312.73,Credit Card
1790,2103,23,4/25/2023,48927.59,Cash
1791,1343,14,3/8/2024,39380.85,Credit Card
1792,2061,17,6/10/2023,36530.84,Credit Card
1793,1786,13,6/25/2023,55270.78,Credit Card
1794,1426,34,7/27/2023,88331.1,Credit Card
1795,162,19,10/17/2023,89146.07,Cash
1796,61,22,11/16/2023,96697.96,Online Transfer
1797,2060,5,11/17/2023,80527.77,Online Transfer
1798,872,33,7/12/2023,31612.65,Credit Card
1799,2276,35,12/25/2023,96277.17,Credit Card
1800,1295,2,5/5/2023,50754.06,Online Transfer
1801,1491,4,7/20/2023,48187.46,Online Transfer
1802,2111,40,3/25/2023,82414.07,Credit Card
1803,930,32,4/21/2023,45286.16,Credit Card
1804,2337,3,3/1/2024,56587.36,Credit Card
1805,622,6,7/15/2023,60860.56,Credit Card
1806,1312,16,11/28/2023,82047.77,Credit Card
1807,1369,11,7/31/2023,55599.69,Online Transfer
1808,2339,1,8/6/2023,98267.38,Online Transfer
1809,2059,24,4/11/2023,92295.56,Credit Card
1810,332,39,9/24/2023,35493.52,Online Transfer
1811,1028,23,10/11/2023,98792.55,Online Transfer
1812,2279,14,10/14/2023,75785.8,Credit Card
1813,1757,12,1/16/2024,69372.68,Credit Card
1814,268,28,2/17/2024,84424.94,Online Transfer
1815,1937,1,10/18/2023,42169.81,Cash
1816,1599,5,8/15/2023,75995.01,Online Transfer
1817,1717,31,3/18/2024,40361.49,Credit Card
1818,540,34,1/5/2024,57975.34,Credit Card
1819,1513,22,4/9/2023,71043.15,Online Transfer
1820,440,29,6/6/2023,74385.89,Credit Card
1821,988,11,1/31/2024,79666.6,Online Transfer
1822,1823,15,8/23/2023,35915.51,Online Transfer
1823,1636,8,5/20/2023,70807.12,Online Transfer
1824,610,6,3/12/2024,54748.76,Credit Card
1825,1841,33,4/2/2023,40412.99,Credit Card
1826,1458,39,2/9/2024,32659.81,Credit Card
1827,1607,26,12/11/2023,30042.4,Credit Card
1828,866,37,5/6/2023,98452.64,Online Transfer
1829,255,16,7/21/2023,87314.16,Cash
1830,473,38,9/29/2023,92138.89,Credit Card
1831,428,40,11/1/2023,52247.39,Online Transfer
1832,896,4,2/3/2024,43854.79,Credit Card
1833,297,9,6/24/2023,80553.03,Online Transfer
1834,2120,7,4/25/2023,94989.73,Credit Card
1835,654,32,10/14/2023,50585.0,Cash
1836,1083,18,8/9/2023,56251.71,Cash
1837,2046,25,4/29/2023,36979.51,Cash
1838,1629,24,3/19/2024,46305.73,Credit Card
1839,1566,17,5/18/2023,89440.2,Credit Card
1840,174,35,6/26/2023,86763.23,Credit Card
1841,2340,10,10/9/2023,43396.34,Credit Card
1842,1074,36,5/16/2023,98732.38,Online Transfer
1843,110,20,11/30/2023,70924.53,Online Transfer
1844,1459,30,11/8/2023,54620.56,Cash
1845,1200,27,11/18/2023,36610.48,Credit Card
1846,960,19,3/25/2023,95828.8,Cash
1847,1048,2,8/11/2023,62205.92,Credit Card
1848,1646,3,6/5/2023,87710.33,Credit Card
1849,1050,21,3/10/2024,32255.78,Credit Card
1850,1492,13,2/14/2024,82283.76,Credit Card
1851,2483,1,5/25/2023,48309.47,Credit Card
1852,2092,31,9/23/2023,95256.12,Credit Card
1853,2411,10,7/27/2023,81576.76,Credit Card
1854,824,13,6/12/2023,74466.89,Credit Card
1855,4,29,3/11/2024,87153.79,Online Transfer
1856,1398,18,2/23/2024,40177.32,Credit Card
1857,210,25,3/31/2023,79223.43,Online Transfer
1858,978,15,10/27/2023,98009.61,Credit Card
1859,76,38,11/1/2023,63525.2,Cash
1860,242,34,11/5/2023,55855.0,Credit Card
1861,533,23,10/28/2023,95383.26,Credit Card
1862,1949,2,5/24/2023,68419.39,Credit Card
1863,2248,12,8/19/2023,60902.85,Cash
1864,2391,27,8/3/2023,59980.57,Credit Card
1865,1910,6,1/8/2024,88847.69,Credit Card
1866,2369,17,11/7/2023,86345.12,Cash
1867,398,5,8/8/2023,77057.68,Credit Card
1868,337,7,9/11/2023,44283.42,Credit Card
1869,1470,20,8/9/2023,57475.96,Online Transfer
1870,762,22,4/15/2023,71302.62,Online Transfer
1871,2057,36,6/2/2023,45815.39,Online Transfer
1872,1494,39,9/21/2023,37656.57,Credit Card
1873,646,28,4/19/2023,54017.08,Credit Card
1874,1370,26,9/18/2023,47699.92,Online Transfer
1875,1847,40,1/25/2024,40533.89,Credit Card
1876,887,16,11/8/2023,48526.01,Online Transfer
1877,1604,8,4/24/2023,53035.86,Cash
1878,2262,11,4/5/2023,35156.91,Credit Card
1879,2377,30,1/31/2024,33441.93,Online Transfer
1880,2085,33,11/2/2023,39981.29,Credit Card
1881,1899,9,1/21/2024,79069.85,Cash
1882,471,14,10/5/2023,51318.57,Online Transfer
1883,2015,4,10/3/2023,97482.92,Credit Card
1884,1269,21,5/25/2023,85173.66,Online Transfer
1885,148,19,5/11/2023,73399.32,Credit Card
1886,1972,35,8/21/2023,62451.94,Cash
1887,1330,32,8/25/2023,48990.49,Online Transfer
1888,1532,24,6/19/2023,37047.85,Online Transfer
1889,1067,37,4/11/2023,83187.12,Credit Card
1890,1348,3,2/5/2024,43106.29,Online Transfer
1891,279,40,12/8/2023,92444.45,Credit Card
1892,1724,15,1/1/2024,79050.1,Cash
1893,998,7,12/5/2023,98424.78,Online Transfer
1894,2390,13,5/2/2023,53487.06,Credit Card
1895,2100,39,12/8/2023,78873.74,Credit Card
1896,1347,38,4/13/2023,88670.14,Online Transfer
1897,705,26,9/21/2023,65058.38,Cash
1898,175,6,8/23/2023,90023.39,Online Transfer
1899,2267,4,5/4/2023,36435.98,Cash
1900,1167,33,3/24/2023,68807.81,Credit Card
1901,2393,36,9/11/2023,98513.09,Cash
1902,2354,35,12/7/2023,67975.76,Credit Card
1903,889,16,8/16/2023,70190.87,Credit Card
1904,396,10,8/30/2023,30418.65,Credit Card
1905,2047,23,9/17/2023,81646.77,Credit Card
1906,1633,21,4/24/2023,54567.42,Online Transfer
1907,794,1,3/23/2023,80960.08,Credit Card
1908,807,5,5/18/2023,58235.0,Online Transfer
1909,274,30,11/26/2023,61435.29,Cash
1910,818,31,6/8/2023,32262.42,Online Transfer
1911,803,18,6/20/2023,84850.8,Credit Card
1912,54,12,5/24/2023,91218.86,Online Transfer
1913,2195,3,9/1/2023,68755.61,Online Transfer
1914,851,8,3/28/2023,40493.41,Cash
1915,2365,17,8/14/2023,52286.74,Credit Card
1916,300,37,5/16/2023,33149.02,Online Transfer
1917,1788,32,7/29/2023,38918.04,Online Transfer
1918,1774,11,6/17/2023,55837.5,Online Transfer
1919,694,25,4/7/2023,40749.35,Credit Card
1920,784,29,4/17/2023,39427.88,Online Transfer
1921,1926,20,12/1/2023,44090.35,Credit Card
1922,2135,24,1/23/2024,74085.72,Online Transfer
1923,273,22,4/30/2023,88485.93,Cash
1924,227,2,11/21/2023,75427.09,Online Transfer
1925,969,19,7/19/2023,47423.13,Credit Card
1926,937,34,1/7/2024,74502.33,Online Transfer
1927,1092,14,1/15/2024,64064.19,Credit Card
1928,538,9,10/13/2023,72945.89,Online Transfer
1929,1909,28,9/11/2023,31675.26,Credit Card
1930,1094,27,4/29/2023,92084.78,Online Transfer
1931,1975,17,4/14/2023,81179.39,Cash
1932,1490,1,10/26/2023,94058.45,Online Transfer
1933,2286,9,1/28/2024,62889.52,Credit Card
1934,1775,26,10/1/2023,94817.31,Credit Card
1935,1004,14,12/24/2023,34179.92,Credit Card
1936,45,27,10/11/2023,47285.58,Cash
1937,265,19,5/23/2023,48981.41,Credit Card
1938,734,16,11/27/2023,91886.77,Cash
1939,650,4,7/14/2023,58893.68,Cash
1940,507,38,1/2/2024,72163.17,Cash
1941,1262,3,5/22/2023,80314.68,Credit Card
1942,319,20,9/27/2023,59490.54,Credit Card
1943,1395,12,4/20/2023,92929.43,Credit Card
1944,541,28,2/15/2024,68800.82,Online Transfer
1945,1857,29,3/16/2024,43471.03,Credit Card
1946,1583,32,5/27/2023,73133.21,Credit Card
1947,1506,33,3/20/2024,83614.68,Credit Card
1948,172,18,1/8/2024,38183.36,Credit Card
1949,1477,8,4/6/2023,35695.12,Online Transfer
1950,2360,15,1/24/2024,33234.16,Credit Card
1951,1577,34,9/20/2023,80396.58,Credit Card
1952,1879,30,4/20/2023,42522.82,Online Transfer
1953,767,31,6/4/2023,30464.98,Credit Card
1954,1654,13,3/7/2024,58030.89,Credit Card
1955,1716,10,9/21/2023,34788.66,Credit Card
1956,1054,5,12/12/2023,49140.05,Credit Card
1957,2063,7,11/29/2023,77673.6,Online Transfer
1958,503,11,6/7/2023,46635.51,Credit Card
1959,1316,6,6/1/2023,89999.17,Cash
1960,874,36,10/16/2023,55387.69,Online Transfer
1961,2005,21,3/6/2024,86873.12,Credit Card
1962,381,24,7/6/2023,53228.49,Online Transfer
1963,863,40,6/16/2023,72926.3,Credit Card
1964,1925,37,9/17/2023,41270.29,Cash
1965,2498,35,8/8/2023,34339.52,Online Transfer
1966,431,22,12/8/2023,89928.11,Credit Card
1967,155,39,12/12/2023,36722.48,Credit Card
1968,2150,2,1/25/2024,36634.06,Credit Card
1969,1093,25,10/25/2023,80787.56,Online Transfer
1970,1166,23,5/15/2023,93293.09,Credit Card
1971,1144,24,9/8/2023,70056.04,Cash
1972,1315,37,3/20/2024,66410.61,Cash
1973,2470,22,12/6/2023,94540.85,Cash
1974,1110,19,6/10/2023,44541.37,Online Transfer
1975,65,36,11/3/2023,45290.44,Online Transfer
1976,2094,27,11/21/2023,68821.28,Cash
1977,458,14,8/5/2023,69994.66,Cash
1978,556,21,1/5/2024,82702.05,Credit Card
1979,1213,38,12/7/2023,70863.21,Online Transfer
1980,447,11,4/25/2023,62737.3,Online Transfer
1981,567,33,1/13/2024,69674.82,Credit Card
1982,356,7,11/18/2023,60595.54,Cash
1983,444,40,5/24/2023,57564.78,Credit Card
1984,1540,26,1/10/2024,97802.96,Credit Card
1985,1461,28,3/17/2024,35507.43,Online Transfer
1986,735,3,7/2/2023,77438.08,Credit Card
1987,321,20,6/29/2023,97845.07,Credit Card
1988,1286,8,5/4/2023,69287.53,Online Transfer
1989,2416,9,9/4/2023,66881.22,Credit Card
1990,1096,35,3/13/2024,74873.32,Credit Card
1991,599,29,3/15/2024,36782.27,Credit Card
1992,1679,39,9/22/2023,52002.92,Credit Card
1993,563,17,7/21/2023,51681.29,Online Transfer
1994,2433,29,8/21/2023,63879.92,Online Transfer
1995,1194,6,7/8/2023,96422.41,Online Transfer
1996,1590,5,10/9/2023,40400.63,Cash
1997,241,30,4/8/2023,30947.95,Online Transfer
1998,85,40,1/21/2024,41725.1,Credit Card
1999,2415,35,11/16/2023,90009.96,Credit Card
2000,928,10,8/5/2023,81634.58,Online Transfer
2001,359,16,10/26/2023,44917.43,Credit Card
2002,2179,23,7/24/2023,47855.08,Credit Card
2003,1133,21,10/28/2023,83027.83,Cash
2004,973,2,9/13/2023,66170.25,Online Transfer
2005,664,4,3/16/2024,96444.98,Cash
2006,1973,25,5/31/2023,90413.01,Online Transfer
2007,1093,20,7/13/2023,68337.79,Online Transfer
2008,1725,31,7/18/2023,68154.04,Cash
2009,2397,34,5/27/2023,70046.6,Online Transfer
2010,684,36,10/15/2023,36939.61,Credit Card
2011,1163,8,8/1/2023,47643.78,Credit Card
2012,1644,13,12/22/2023,77550.73,Credit Card
2013,478,22,9/13/2023,50081.6,Online Transfer
2014,1139,33,1/22/2024,66603.44,Cash
2015,1809,24,6/13/2023,32019.41,Credit Card
2016,1703,37,5/11/2023,77956.89,Cash
2017,2187,1,8/28/2023,86543.51,Cash
2018,2204,27,11/2/2023,63894.13,Cash
2019,2330,3,5/18/2023,54455.3,Online Transfer
2020,761,19,12/17/2023,36200.92,Credit Card
2021,2226,26,12/26/2023,46582.13,Online Transfer
2022,1292,18,7/1/2023,31902.47,Cash
2023,1822,28,4/20/2023,89901.35,Credit Card
2024,579,9,10/14/2023,76301.7,Credit Card
2025,841,32,12/4/2023,40694.1,Credit Card
2026,1621,14,12/15/2023,82655.18,Online Transfer
2027,2123,7,12/31/2023,52415.49,Credit Card
2028,618,12,12/31/2023,44301.54,Online Transfer
2029,427,15,1/6/2024,57966.14,Cash
2030,632,38,4/11/2023,37194.94,Credit Card
2031,2211,11,11/25/2023,46390.65,Cash
2032,1689,36,11/17/2023,78861.84,Cash
2033,1705,11,10/29/2023,77754.04,Credit Card
2034,20,18,6/18/2023,79774.14,Credit Card
2035,216,27,8/21/2023,61820.06,Credit Card
2036,2427,14,7/3/2023,62327.72,Online Transfer
2037,673,23,8/24/2023,59315.88,Credit Card
2038,213,39,2/28/2024,68636.37,Credit Card
2039,1718,3,9/24/2023,95906.01,Online Transfer
2040,1488,13,6/6/2023,34783.47,Online Transfer
2041,1654,7,9/20/2023,77705.93,Cash
2042,864,4,8/19/2023,36227.21,Credit Card
2043,771,12,2/10/2024,94988.86,Credit Card
2044,2162,16,11/7/2023,73198.9,Online Transfer
2045,327,21,1/29/2024,71325.36,Credit Card
2046,2224,25,10/28/2023,48122.54,Online Transfer
2047,1806,1,7/10/2023,43932.84,Cash
2048,110,10,10/24/2023,49809.53,Online Transfer
2049,1284,8,9/23/2023,60314.76,Online Transfer
2050,681,15,3/28/2023,70625.27,Online Transfer
2051,1899,29,6/12/2023,74098.26,Credit Card
2052,1087,17,4/10/2023,66698.56,Credit Card
2053,395,24,1/2/2024,30520.33,Online Transfer
2054,2308,9,8/3/2023,94655.91,Online Transfer
2055,2232,19,1/8/2024,99980.6,Credit Card
2056,1409,22,4/11/2023,41613.61,Credit Card
2057,130,34,5/26/2023,31639.65,Credit Card
2058,270,32,5/25/2023,87699.64,Credit Card
2059,1692,6,5/24/2023,33691.78,Credit Card
2060,230,35,7/23/2023,94058.25,Online Transfer
2061,807,38,11/21/2023,99867.1,Credit Card
2062,2358,28,9/11/2023,93019.41,Online Transfer
2063,884,20,12/31/2023,47569.79,Credit Card
2064,1340,26,1/7/2024,48007.95,Online Transfer
2065,800,30,10/22/2023,97260.1,Credit Card
2066,2112,2,1/9/2024,41892.21,Credit Card
2067,2317,40,5/17/2023,72297.27,Credit Card
2068,1290,37,4/8/2023,54680.78,Credit Card
2069,2032,5,1/24/2024,37636.75,Online Transfer
2070,237,33,9/7/2023,65920.76,Cash
2071,1695,31,6/22/2023,59377.48,Credit Card
2072,920,25,4/26/2023,62732.89,Credit Card
2073,2191,39,7/20/2023,43016.36,Credit Card
2074,2305,16,9/22/2023,56374.72,Credit Card
2075,2041,17,12/15/2023,94139.88,Cash
2076,1397,14,3/18/2024,99055.39,Cash
2077,1208,22,9/12/2023,44672.81,Credit Card
2078,2492,18,1/19/2024,37283.41,Credit Card
2079,1557,5,7/12/2023,87878.66,Credit Card
2080,842,3,1/23/2024,38371.6,Online Transfer
2081,2292,21,11/16/2023,62172.58,Online Transfer
2082,1780,29,6/21/2023,86936.88,Credit Card
2083,2410,38,4/2/2023,36800.83,Credit Card
2084,2307,26,11/6/2023,37246.9,Online Transfer
2085,617,11,6/19/2023,77351.46,Credit Card
2086,479,32,7/5/2023,89891.89,Online Transfer
2087,2175,10,1/16/2024,69344.31,Cash
2088,1061,20,4/27/2023,90001.24,Credit Card
2089,2135,28,6/2/2023,96670.62,Credit Card
2090,1273,4,4/5/2023,88459.15,Credit Card
2091,23,2,6/9/2023,47652.84,Credit Card
2092,1697,40,2/3/2024,60079.57,Credit Card
2093,746,31,12/10/2023,32487.03,Online Transfer
2094,1249,36,2/25/2024,34795.72,Cash
2095,910,7,9/13/2023,42171.57,Online Transfer
2096,1653,33,5/23/2023,44140.84,Cash
2097,892,15,7/7/2023,85988.08,Credit Card
2098,908,8,10/6/2023,83561.16,Credit Card
2099,1616,23,5/5/2023,35340.23,Cash
2100,300,27,6/28/2023,40435.59,Credit Card
2101,1392,19,2/5/2024,75826.94,Credit Card
2102,47,12,6/5/2023,62859.66,Credit Card
2103,644,24,8/20/2023,77106.93,Credit Card
2104,48,1,2/8/2024,96448.13,Cash
2105,1655,35,1/6/2024,46838.55,Credit Card
2106,1975,34,10/22/2023,70784.44,Cash
2107,2207,6,8/15/2023,33198.71,Credit Card
2108,1257,30,7/15/2023,77140.95,Online Transfer
2109,2054,37,4/9/2023,51670.26,Online Transfer
2110,769,13,1/25/2024,99305.33,Online Transfer
2111,1736,9,8/13/2023,72502.67,Online Transfer
2112,947,15,10/25/2023,82994.05,Online Transfer
2113,1122,27,9/8/2023,46210.14,Credit Card
2114,1266,26,1/10/2024,32119.51,Online Transfer
2115,1338,8,2/4/2024,56163.36,Credit Card
2116,1157,20,4/21/2023,84468.78,Online Transfer
2117,805,29,7/11/2023,72443.64,Credit Card
2118,2498,6,3/25/2023,90244.69,Credit Card
2119,1979,11,5/27/2023,40593.8,Online Transfer
2120,862,4,11/29/2023,40074.41,Credit Card
2121,2017,16,5/20/2023,87907.65,Credit Card
2122,72,25,5/12/2023,83296.98,Credit Card
2123,272,9,4/25/2023,97151.3,Online Transfer
2124,1685,34,11/4/2023,48489.38,Cash
2125,1901,23,3/20/2024,77314.13,Credit Card
2126,1248,37,7/3/2023,37429.35,Credit Card
2127,208,21,12/1/2023,38142.94,Cash
2128,1201,17,11/15/2023,55750.6,Credit Card
2129,1675,31,5/6/2023,70953.36,Credit Card
2130,964,19,10/26/2023,88674.06,Cash
2131,1196,7,6/19/2023,49934.1,Online Transfer
2132,624,35,6/22/2023,97216.56,Credit Card
2133,1949,38,9/14/2023,57168.7,Credit Card
2134,1667,14,11/4/2023,50158.93,Credit Card
2135,1863,39,8/21/2023,39063.98,Credit Card
2136,371,32,9/10/2023,35851.33,Online Transfer
2137,2217,28,2/10/2024,53522.99,Credit Card
2138,1566,12,4/8/2023,80389.62,Online Transfer
2139,2029,30,6/30/2023,79509.13,Online Transfer
2140,917,33,5/18/2023,88298.3,Online Transfer
2141,2084,40,12/4/2023,48558.22,Credit Card
2142,2050,22,9/20/2023,90878.71,Online Transfer
2143,530,24,10/2/2023,34811.05,Cash
2144,1992,2,6/9/2023,48674.84,Credit Card
2145,431,5,10/13/2023,56711.79,Online Transfer
2146,2161,13,2/2/2024,48416.87,Credit Card
2147,65,1,12/30/2023,52568.66,Credit Card
2148,971,36,4/27/2023,37228.43,Credit Card
2149,1109,3,2/1/2024,57922.03,Credit Card
2150,2170,10,10/2/2023,49147.66,Credit Card
2151,2158,18,4/10/2023,46692.37,Cash
2152,1476,1,5/25/2023,55328.4,Online Transfer
2153,1800,39,4/27/2023,44349.33,Online Transfer
2154,866,24,12/24/2023,49799.58,Cash
2155,1974,25,3/3/2024,69906.27,Credit Card
2156,1694,3,3/5/2024,52025.15,Credit Card
2157,428,15,1/7/2024,84587.34,Credit Card
2158,752,10,12/31/2023,70870.57,Credit Card
2159,1904,16,9/28/2023,83062.33,Credit Card
2160,1784,29,12/10/2023,53276.41,Credit Card
2161,763,34,12/3/2023,94184.8,Credit Card
2162,2340,30,4/23/2023,40293.94,Online Transfer
2163,451,7,2/15/2024,41159.27,Online Transfer
2164,1540,21,7/2/2023,80613.95,Credit Card
2165,535,26,3/22/2024,43342.69,Online Transfer
2166,474,33,7/29/2023,95981.66,Cash
2167,913,8,2/20/2024,76961.89,Credit Card
2168,2166,40,1/15/2024,62025.37,Credit Card
2169,1330,38,5/21/2023,49410.09,Online Transfer
2170,1019,19,5/29/2023,95130.8,Credit Card
2171,2348,4,6/16/2023,43942.4,Online Transfer
2172,926,17,1/26/2024,54228.37,Online Transfer
2173,1415,18,4/18/2023,62471.8,Credit Card
2174,86,31,1/20/2024,44627.08,Cash
2175,1796,11,3/4/2024,72876.49,Credit Card
2176,590,38,11/13/2023,73115.82,Credit Card
2177,1307,36,7/12/2023,64125.46,Credit Card
2178,2311,10,2/15/2024,74496.35,Online Transfer
2179,2497,40,12/17/2023,49305.09,Credit Card
2180,634,33,2/6/2024,44910.35,Credit Card
2181,1685,28,11/19/2023,32980.45,Credit Card
2182,1019,9,10/26/2023,49701.74,Cash
2183,1982,39,10/16/2023,32436.4,Online Transfer
2184,2117,34,5/17/2023,83060.59,Credit Card
2185,411,20,8/19/2023,76635.67,Credit Card
2186,1472,13,12/11/2023,61055.32,Credit Card
2187,2174,5,8/30/2023,93979.45,Credit Card
2188,743,35,12/27/2023,54300.32,Credit Card
2189,1507,14,6/1/2023,96598.56,Credit Card
2190,167,16,4/10/2023,97270.82,Online Transfer
2191,152,3,6/18/2023,68174.43,Credit Card
2192,1801,21,2/6/2024,39296.13,Cash
2193,274,6,2/10/2024,89004.74,Online Transfer
2194,1917,37,9/1/2023,46380.33,Cash
2195,1075,19,3/18/2024,64842.69,Online Transfer
2196,438,4,12/30/2023,37996.76,Cash
2197,978,7,8/5/2023,52464.46,Credit Card
2198,1448,30,1/22/2024,33521.17,Credit Card
2199,1739,32,9/7/2023,52856.12,Cash
2200,755,22,2/22/2024,40787.13,Credit Card
2201,1743,12,8/9/2023,52749.76,Credit Card
2202,2439,17,10/14/2023,67150.13,Online Transfer
2203,238,8,9/21/2023,78116.64,Credit Card
2204,1132,29,3/19/2024,61102.67,Online Transfer
2205,1851,24,11/23/2023,49141.67,Cash
2206,1149,15,10/11/2023,67866.25,Credit Card
2207,216,25,5/3/2023,49988.37,Cash
2208,1467,1,5/24/2023,89547.22,Cash
2209,1678,23,1/31/2024,96706.34,Credit Card
2210,790,26,4/22/2023,66036.78,Credit Card
2211,175,27,12/20/2023,57932.62,Credit Card
2212,2171,2,6/1/2023,71253.66,Online Transfer
2213,1310,5,6/24/2023,46572.55,Credit Card
2214,2457,25,8/29/2023,65735.34,Credit Card
2215,1292,22,10/6/2023,96446.67,Online Transfer
2216,1966,18,5/16/2023,42547.88,Credit Card
2217,1996,40,8/15/2023,42834.39,Credit Card
2218,914,29,3/19/2024,81918.78,Credit Card
2219,2070,11,10/11/2023,92165.31,Credit Card
2220,616,26,8/14/2023,66851.27,Online Transfer
2221,670,34,9/12/2023,43099.96,Credit Card
2222,1749,20,11/6/2023,94283.01,Credit Card
2223,473,27,12/6/2023,33541.04,Cash
2224,1901,6,6/22/2023,36408.86,Credit Card
2225,499,24,3/16/2024,38513.65,Credit Card
2226,283,17,2/26/2024,60039.69,Credit Card
2227,372,2,5/29/2023,44267.64,Credit Card
2228,1791,37,12/7/2023,56346.4,Credit Card
2229,1506,13,6/10/2023,70995.16,Credit Card
2230,172,23,11/4/2023,76746.84,Cash
2231,382,21,12/6/2023,63689.51,Online Transfer
2232,1332,4,10/11/2023,97083.35,Cash
2233,576,35,7/1/2023,63870.09,Online Transfer
2234,2401,7,5/18/2023,60422.83,Credit Card
2235,211,36,6/17/2023,45375.72,Cash
2236,1529,19,2/19/2024,46697.66,Credit Card
2237,407,31,3/6/2024,51323.22,Online Transfer
2238,2296,28,7/21/2023,75076.12,Cash
2239,1267,15,4/23/2023,83346.78,Credit Card
2240,1633,33,5/31/2023,46094.7,Credit Card
2241,817,9,12/7/2023,88685.73,Credit Card
2242,56,14,12/3/2023,65424.66,Credit Card
2243,709,3,4/23/2023,53076.42,Credit Card
2244,1024,39,1/1/2024,82563.23,Credit Card
2245,1039,30,3/16/2024,82187.43,Online Transfer
2246,1928,1,4/14/2023,36644.73,Online Transfer
2247,2383,16,7/9/2023,90670.39,Cash
2248,12,12,4/21/2023,84716.94,Online Transfer
2249,1263,38,5/31/2023,89583.06,Cash
2250,2128,10,4/10/2023,35682.64,Credit Card
2251,625,8,4/2/2023,36736.46,Credit Card
2252,1952,32,7/15/2023,59054.5,Credit Card
2253,613,20,2/11/2024,96651.14,Credit Card
2254,871,24,4/4/2023,36197.03,Credit Card
2255,1271,21,5/16/2023,43275.64,Credit Card
2256,1804,18,12/6/2023,88695.13,Online Transfer
2257,2490,32,1/15/2024,63817.2,Credit Card
2258,546,23,8/17/2023,50563.66,Online Transfer
2259,734,26,10/27/2023,88345.54,Credit Card
2260,2371,5,1/10/2024,98209.22,Credit Card
2261,340,4,10/25/2023,34953.05,Online Transfer
2262,1503,40,10/28/2023,96267.55,Credit Card
2263,773,19,2/5/2024,82356.62,Credit Card
2264,217,8,4/6/2023,47745.53,Credit Card
2265,956,22,7/17/2023,73517.37,Online Transfer
2266,1018,1,2/15/2024,37884.42,Credit Card
2267,948,7,8/6/2023,55922.7,Credit Card
2268,946,30,7/31/2023,43524.39,Cash
2269,1373,27,1/15/2024,70353.26,Credit Card
2270,2421,17,12/16/2023,30644.44,Credit Card
2271,681,2,5/6/2023,93032.41,Credit Card
2272,2362,28,4/15/2023,89249.25,Credit Card
2273,969,35,6/19/2023,85352.7,Credit Card
2274,1228,12,4/22/2023,84195.4,Cash
2275,1362,29,11/13/2023,92634.99,Cash
2276,419,25,6/24/2023,43444.51,Online Transfer
2277,406,9,3/7/2024,51661.98,Cash
2278,92,16,10/27/2023,47356.0,Online Transfer
2279,1583,3,7/19/2023,96314.83,Credit Card
2280,727,11,10/8/2023,76047.9,Credit Card
2281,71,34,2/26/2024,92627.69,Cash
2282,1805,38,5/7/2023,67537.83,Credit Card
2283,2053,13,9/19/2023,34515.97,Credit Card
2284,428,14,11/2/2023,66202.37,Credit Card
2285,1668,31,6/6/2023,77117.22,Online Transfer
2286,356,33,2/8/2024,46186.3,Credit Card
2287,668,10,7/16/2023,84215.16,Online Transfer
2288,983,6,9/13/2023,33505.06,Credit Card
2289,2086,37,9/14/2023,49842.66,Credit Card
2290,645,15,3/24/2023,79584.36,Credit Card
2291,203,39,9/6/2023,84364.29,Credit Card
2292,275,36,6/9/2023,98421.89,Credit Card
2293,1835,27,8/21/2023,33428.79,Cash
2294,842,21,8/16/2023,88873.07,Cash
2295,821,32,10/16/2023,54181.18,Credit Card
2296,1471,35,2/6/2024,62014.45,Cash
2297,1079,24,7/18/2023,80382.09,Credit Card
2298,2379,1,2/2/2024,30775.1,Online Transfer
2299,1409,16,11/26/2023,49060.32,Credit Card
2300,813,4,7/21/2023,85937.29,Credit Card
2301,137,2,6/28/2023,61681.31,Credit Card
2302,786,14,5/28/2023,61320.79,Online Transfer
2303,2436,19,5/8/2023,63543.49,Credit Card
2304,496,37,1/24/2024,75205.34,Credit Card
2305,2478,29,5/5/2023,86790.1,Cash
2306,1949,23,7/12/2023,86959.01,Credit Card
2307,1919,33,2/27/2024,85707.53,Cash
2308,2066,20,4/22/2023,75129.62,Online Transfer
2309,1911,3,8/16/2023,90137.16,Cash
2310,1576,18,6/17/2023,46796.78,Credit Card
2311,519,13,6/18/2023,46205.49,Online Transfer
2312,720,25,7/30/2023,59486.82,Credit Card
2313,1504,22,6/21/2023,60551.66,Credit Card
2314,188,9,7/22/2023,75540.18,Cash
2315,260,34,9/30/2023,96864.57,Credit Card
2316,171,40,6/7/2023,92191.2,Online Transfer
2317,1833,15,1/7/2024,62550.85,Credit Card
2318,396,31,12/8/2023,56670.12,Online Transfer
2319,1040,8,7/7/2023,71443.89,Cash
2320,723,6,10/2/2023,45252.18,Credit Card
2321,1374,11,9/29/2023,65183.41,Credit Card
2322,2244,10,9/30/2023,99873.96,Cash
2323,704,26,10/6/2023,35698.04,Credit Card
2324,300,5,12/17/2023,64930.08,Credit Card
2325,206,7,12/11/2023,91603.18,Credit Card
2326,1832,17,9/22/2023,43142.02,Cash
2327,2344,38,8/25/2023,71125.2,Online Transfer
2328,1455,39,5/12/2023,54450.33,Credit Card
2329,1047,30,7/10/2023,83071.01,Online Transfer
2330,717,12,3/1/2024,66983.9,Credit Card
2331,1664,36,2/13/2024,68145.67,Credit Card
2332,325,28,10/5/2023,55543.37,Credit Card
2333,699,26,1/15/2024,68262.51,Online Transfer
2334,944,5,5/22/2023,42089.27,Online Transfer
2335,825,11,3/20/2024,53612.22,Credit Card
2336,61,15,4/16/2023,60361.79,Credit Card
2337,536,3,10/13/2023,74205.38,Online Transfer
2338,2000,16,11/30/2023,77275.66,Credit Card
2339,2313,18,4/4/2023,56375.05,Credit Card
2340,870,9,12/29/2023,30760.56,Credit Card
2341,2345,19,3/7/2024,32421.82,Credit Card
2342,777,25,5/27/2023,70797.93,Credit Card
2343,191,14,7/13/2023,65145.98,Online Transfer
2344,1895,34,6/18/2023,62506.45,Online Transfer
2345,1212,17,4/29/2023,98002.62,Cash
2346,1078,23,2/20/2024,32805.57,Credit Card
2347,533,35,6/19/2023,61339.73,Credit Card
2348,1364,27,12/7/2023,86122.42,Credit Card
2349,2240,40,6/13/2023,71276.77,Credit Card
2350,111,24,1/23/2024,49899.54,Credit Card
2351,832,13,3/19/2024,50930.72,Online Transfer
2352,416,4,2/7/2024,75689.71,Online Transfer
2353,1717,28,9/12/2023,61742.37,Online Transfer
2354,2131,25,1/15/2024,64717.27,Credit Card
2355,23,27,8/8/2023,46423.07,Online Transfer
2356,1293,19,4/6/2023,61507.25,Credit Card
2357,195,2,4/17/2023,70112.92,Credit Card
2358,2413,12,6/29/2023,58792.38,Online Transfer
2359,2271,8,6/26/2023,92419.49,Credit Card
2360,1279,40,8/19/2023,31293.55,Credit Card
2361,2309,10,12/21/2023,93779.98,Online Transfer
2362,1940,15,8/22/2023,37118.19,Cash
2363,436,24,4/16/2023,56193.49,Credit Card
2364,1366,17,3/11/2024,47656.9,Credit Card
2365,927,6,4/23/2023,92881.93,Cash
2366,2203,20,3/19/2024,94948.45,Online Transfer
2367,2084,21,9/9/2023,47798.35,Credit Card
2368,2103,5,4/8/2023,64612.91,Online Transfer
2369,845,36,5/21/2023,54153.36,Credit Card
2370,1695,26,4/17/2023,84228.77,Credit Card
2371,1015,37,3/22/2024,35627.28,Credit Card
2372,1006,23,3/22/2024,82093.59,Online Transfer
2373,240,16,6/8/2023,82062.4,Credit Card
2374,2304,31,12/13/2023,78533.08,Cash
2375,1910,18,9/3/2023,70152.18,Credit Card
2376,2252,28,3/27/2023,51437.11,Credit Card
2377,193,7,8/29/2023,41613.74,Credit Card
2378,713,9,7/13/2023,43402.59,Online Transfer
2379,2279,34,11/26/2023,47239.02,Credit Card
2380,817,3,2/2/2024,79914.15,Credit Card
2381,291,14,6/16/2023,89517.85,Credit Card
2382,1984,33,4/8/2023,65859.44,Credit Card
2383,1671,39,8/15/2023,53845.7,Cash
2384,389,11,7/3/2023,72588.91,Online Transfer
2385,1216,35,4/17/2023,47644.77,Credit Card
2386,857,22,11/19/2023,98628.32,Online Transfer
2387,1431,32,12/26/2023,78794.29,Credit Card
2388,2496,30,3/24/2023,86838.97,Credit Card
2389,101,29,8/15/2023,61694.22,Credit Card
2390,1180,38,2/18/2024,92912.8,Cash
2391,1158,4,2/21/2024,44246.55,Credit Card
2392,1989,13,3/28/2023,56174.9,Credit Card
2393,2148,1,5/29/2023,97435.37,Cash
2394,1416,11,9/11/2023,31939.85,Cash
2395,1791,2,8/31/2023,40910.53,Credit Card
2396,2102,35,2/19/2024,80048.91,Online Transfer
2397,921,12,11/13/2023,77453.77,Credit Card
2398,1204,32,2/14/2024,51481.43,Credit Card
2399,2133,3,10/5/2023,67037.34,Credit Card
2400,1102,25,7/1/2023,88837.09,Credit Card
2401,191,1,10/9/2023,88551.9,Online Transfer
2402,598,9,4/20/2023,56293.38,Credit Card
2403,1949,7,3/9/2024,45131.74,Credit Card
2404,2482,8,9/29/2023,58503.79,Cash
2405,1471,4,8/7/2023,75346.01,Credit Card
2406,1169,27,5/31/2023,52752.56,Online Transfer
2407,2241,17,11/22/2023,52717.5,Cash
2408,2336,22,1/30/2024,84291.74,Cash
2409,783,26,2/28/2024,41761.18,Online Transfer
2410,1221,31,9/19/2023,52003.0,Credit Card
2411,1887,18,12/12/2023,83939.28,Online Transfer
2412,1979,10,11/20/2023,37443.21,Credit Card
2413,2450,19,4/7/2023,55711.31,Cash
2414,540,30,6/23/2023,33907.03,Cash
2415,788,24,4/10/2023,44100.35,Credit Card
2416,2073,36,11/1/2023,83417.54,Online Transfer
2417,127,21,9/27/2023,97220.19,Credit Card
2418,1581,29,6/25/2023,32103.57,Credit Card
2419,1458,13,5/7/2023,71362.16,Cash
2420,2086,28,10/10/2023,93401.41,Cash
2421,254,37,12/19/2023,67963.49,Cash
2422,662,39,7/24/2023,41987.38,Credit Card
2423,2258,33,4/29/2023,34415.93,Cash
2424,2407,5,1/29/2024,31095.43,Online Transfer
2425,1148,16,12/17/2023,69597.09,Online Transfer
2426,305,38,12/12/2023,93724.34,Credit Card
2427,1107,14,2/20/2024,73862.0,Online Transfer
2428,651,23,5/10/2023,69332.74,Online Transfer
2429,2488,6,3/23/2023,59532.57,Cash
2430,133,15,4/12/2023,97675.21,Credit Card
2431,203,34,7/3/2023,85009.37,Credit Card
2432,1346,20,7/14/2023,61418.92,Online Transfer
2433,1466,40,9/24/2023,69039.98,Credit Card
2434,826,38,1/12/2024,92274.43,Cash
2435,88,4,2/2/2024,87349.58,Credit Card
2436,2118,24,9/9/2023,45274.34,Cash
2437,2343,18,4/7/2023,30835.05,Online Transfer
2438,1133,34,7/7/2023,86917.9,Credit Card
2439,719,32,10/15/2023,91104.21,Credit Card
2440,398,27,5/24/2023,89958.19,Online Transfer
2441,7,22,11/10/2023,91357.86,Credit Card
2442,456,25,1/6/2024,90572.22,Credit Card
2443,2247,39,7/22/2023,94032.41,Credit Card
2444,1391,16,3/25/2023,94822.7,Cash
2445,2169,21,6/20/2023,77924.02,Online Transfer
2446,2475,26,10/4/2023,36035.99,Online Transfer
2447,2387,37,9/14/2023,62721.31,Online Transfer
2448,1983,11,7/15/2023,57988.27,Online Transfer
2449,852,28,6/21/2023,35536.51,Online Transfer
2450,2461,36,10/3/2023,56988.25,Cash
2451,1687,15,4/5/2023,45088.27,Online Transfer
2452,1966,23,2/3/2024,89707.95,Online Transfer
2453,98,3,3/7/2024,69814.59,Credit Card
2454,527,1,8/27/2023,38248.38,Online Transfer
2455,341,12,2/23/2024,86208.15,Cash
2456,1283,20,12/31/2023,80117.48,Online Transfer
2457,367,31,3/6/2024,60511.44,Cash
2458,401,9,7/5/2023,59374.48,Credit Card
2459,1997,30,6/3/2023,69367.39,Credit Card
2460,1904,7,12/11/2023,75334.66,Credit Card
2461,2283,19,6/24/2023,70713.61,Credit Card
2462,890,6,7/27/2023,92666.32,Online Transfer
2463,905,14,7/10/2023,45986.06,Cash
2464,2006,17,3/21/2024,48412.11,Credit Card
2465,1974,5,7/15/2023,58636.18,Credit Card
2466,2129,10,4/24/2023,80882.28,Cash
2467,2151,40,3/4/2024,85029.76,Credit Card
2468,1116,35,12/25/2023,54018.66,Credit Card
2469,404,8,11/17/2023,57901.46,Online Transfer
2470,603,13,9/23/2023,52913.69,Cash
2471,2443,29,10/31/2023,56134.58,Credit Card
2472,2025,33,6/15/2023,61708.38,Online Transfer
2473,1129,2,9/22/2023,86758.96,Online Transfer
2474,2143,22,4/29/2023,82430.8,Credit Card
2475,704,6,2/6/2024,91313.2,Credit Card
2476,480,19,7/25/2023,48012.02,Cash
2477,2244,3,6/20/2023,64121.43,Credit Card
2478,807,14,7/16/2023,42314.13,Online Transfer
2479,2199,30,12/30/2023,67666.78,Credit Card
2480,1395,20,6/5/2023,47319.62,Credit Card
2481,923,29,1/16/2024,67003.43,Online Transfer
2482,523,25,8/1/2023,86226.78,Credit Card
2483,699,23,9/24/2023,34347.61,Online Transfer
2484,741,18,3/23/2023,86403.33,Cash
2485,2463,17,12/8/2023,36680.12,Credit Card
2486,2480,1,4/8/2023,40537.34,Online Transfer
2487,812,38,2/16/2024,83261.09,Cash
2488,229,33,12/3/2023,92418.68,Credit Card
2489,1164,12,11/16/2023,83622.68,Credit Card
2490,1007,11,8/1/2023,84913.54,Credit Card
2491,312,31,8/30/2023,30842.63,Credit Card
2492,91,26,5/4/2023,86587.84,Online Transfer
2493,419,7,1/15/2024,38373.3,Credit Card
2494,917,39,12/7/2023,94809.92,Cash
2495,126,10,12/3/2023,40632.02,Credit Card
2496,179,36,2/21/2024,96266.1,Credit Card
2497,2022,40,3/2/2024,87085.82,Cash
2498,1923,34,7/2/2023,56775.07,Online Transfer
2499,1606,35,7/23/2023,94650.06,Credit Card
2500,139,24,1/24/2024,50329.2,Credit Card
2501,562,8,5/19/2023,50519.48,Credit Card
2502,497,28,11/14/2023,57970.11,Credit Card
2503,307,4,9/4/2023,84313.6,Credit Card
2504,1824,9,12/28/2023,80262.61,Online Transfer
2505,737,2,4/25/2023,50041.63,Credit Card
2506,1040,13,2/24/2024,54520.79,Credit Card
2507,2329,37,8/27/2023,80159.96,Credit Card
2508,885,21,9/13/2023,83961.73,Credit Card
2509,1888,27,10/18/2023,75876.45,Cash
2510,2141,5,10/13/2023,86296.55,Online Transfer
2511,138,15,11/10/2023,81544.83,Cash
2512,1175,32,10/8/2023,62450.3,Online Transfer
2513,1114,16,5/17/2023,40821.03,Online Transfer
2514,1118,25,3/6/2024,91771.76,Cash
2515,385,16,8/10/2023,80199.74,Credit Card
2516,745,32,10/2/2023,95741.08,Online Transfer
2517,1899,10,5/5/2023,76586.16,Credit Card
2518,1837,3,6/17/2023,82667.72,Online Transfer
2519,1163,19,5/21/2023,94777.6,Credit Card
2520,1876,18,2/5/2024,98457.29,Credit Card
2521,646,15,2/2/2024,93536.3,Credit Card
2522,517,13,11/17/2023,50039.2,Credit Card
2523,994,20,8/14/2023,42487.27,Online Transfer
2524,1067,27,2/28/2024,81451.5,Online Transfer
2525,1751,38,7/2/2023,54268.03,Credit Card
2526,1602,28,7/1/2023,59581.46,Cash
2527,791,23,6/5/2023,42244.4,Credit Card
2528,685,37,11/16/2023,32210.72,Online Transfer
2529,908,11,8/16/2023,48227.87,Credit Card
2530,1956,30,10/26/2023,43956.1,Credit Card
2531,2349,33,4/2/2023,90823.76,Credit Card
2532,190,17,2/15/2024,51825.89,Credit Card
2533,2039,7,12/3/2023,78360.78,Online Transfer
2534,365,4,10/12/2023,56050.9,Credit Card
2535,954,24,5/1/2023,84794.85,Credit Card
2536,2443,22,9/2/2023,89864.48,Online Transfer
2537,350,17,11/15/2023,47947.35,Cash
2538,2332,3,5/29/2023,78111.81,Cash
2539,123,39,10/10/2023,91898.3,Credit Card
2540,1062,9,8/28/2023,30645.55,Online Transfer
2541,1408,11,8/24/2023,34444.98,Online Transfer
2542,2191,8,5/7/2023,98619.28,Credit Card
2543,1702,4,5/9/2023,61744.54,Credit Card
2544,1634,40,8/22/2023,46889.69,Credit Card
2545,479,37,1/9/2024,56357.83,Cash
2546,1341,1,8/31/2023,87526.87,Credit Card
2547,263,15,12/16/2023,84826.4,Online Transfer
2548,1265,36,1/26/2024,66385.27,Online Transfer
2549,1961,38,6/28/2023,58955.12,Credit Card
2550,812,5,2/15/2024,65950.1,Credit Card
2551,1259,29,9/15/2023,51385.81,Online Transfer
2552,1331,30,2/1/2024,60569.32,Cash
2553,2290,19,8/22/2023,70288.94,Credit Card
2554,2458,35,1/29/2024,75367.42,Cash
2555,1485,20,8/13/2023,87858.64,Online Transfer
2556,374,6,6/30/2023,99671.79,Cash
2557,127,10,9/15/2023,42029.83,Cash
2558,1445,26,12/22/2023,64749.05,Online Transfer
2559,1376,25,3/17/2024,37038.16,Online Transfer
2560,1131,2,8/24/2023,65188.21,Credit Card
2561,678,7,7/13/2023,62889.76,Online Transfer
2562,1069,33,7/10/2023,80384.09,Online Transfer
2563,642,14,1/7/2024,80250.13,Online Transfer
2564,913,23,12/16/2023,63458.77,Credit Card
2565,1382,12,11/14/2023,59352.67,Credit Card
2566,1875,34,7/5/2023,99137.17,Credit Card
2567,1360,13,11/2/2023,50766.49,Online Transfer
2568,571,16,3/9/2024,73377.29,Cash
2569,1902,32,7/28/2023,78825.72,Credit Card
2570,1642,21,10/14/2023,97622.06,Credit Card
2571,742,18,5/22/2023,57293.12,Cash
2572,1990,27,6/28/2023,41577.68,Credit Card
2573,2139,31,12/2/2023,94830.28,Credit Card
2574,2137,28,6/3/2023,30726.86,Cash
2575,333,28,10/20/2023,39075.1,Credit Card
2576,1166,8,9/11/2023,93784.93,Credit Card
2577,1683,23,12/19/2023,67324.63,Credit Card
2578,2412,17,2/21/2024,43912.38,Credit Card
2579,2065,9,3/5/2024,93768.52,Online Transfer
2580,308,2,8/22/2023,52538.6,Credit Card
2581,878,26,2/21/2024,51261.24,Credit Card
2582,2440,20,4/16/2023,33986.44,Credit Card
2583,922,35,1/23/2024,94256.7,Cash
2584,1397,1,4/10/2023,86523.95,Credit Card
2585,2125,13,12/10/2023,53475.02,Credit Card
2586,715,32,10/14/2023,92332.26,Online Transfer
2587,1974,30,9/28/2023,95201.1,Online Transfer
2588,986,18,4/17/2023,86364.15,Credit Card
2589,2279,36,2/2/2024,43467.29,Credit Card
2590,2193,12,7/17/2023,46247.04,Online Transfer
2591,1334,6,7/17/2023,95874.96,Online Transfer
2592,823,34,6/13/2023,84646.88,Credit Card
2593,351,7,8/16/2023,83183.18,Credit Card
2594,1825,10,10/20/2023,77824.9,Credit Card
2595,1858,19,7/23/2023,33406.41,Credit Card
2596,1415,40,8/10/2023,77584.1,Online Transfer
2597,60,25,3/15/2024,50254.88,Credit Card
2598,1431,24,7/19/2023,30036.38,Online Transfer
2599,729,14,6/18/2023,70698.46,Credit Card
2600,2340,27,8/12/2023,38091.33,Credit Card
2601,778,31,9/8/2023,82230.76,Online Transfer
2602,1538,3,6/18/2023,30763.1,Credit Card
2603,1441,37,5/2/2023,99851.4,Online Transfer
2604,1240,29,11/9/2023,65692.76,Cash
2605,1443,4,10/28/2023,69365.95,Credit Card
2606,2149,11,8/5/2023,32596.42,Online Transfer
2607,1232,33,8/25/2023,77976.6,Online Transfer
2608,575,16,7/11/2023,63800.51,Cash
2609,1609,39,7/28/2023,51279.02,Credit Card
2610,497,15,11/11/2023,63264.19,Credit Card
2611,1315,22,2/10/2024,86649.62,Online Transfer
2612,110,38,1/5/2024,54548.18,Credit Card
2613,2449,5,11/2/2023,51613.3,Online Transfer
2614,1879,21,5/5/2023,60998.53,Credit Card
2615,2118,15,3/7/2024,88562.37,Online Transfer
2616,1670,38,7/7/2023,85775.41,Credit Card
2617,1941,23,2/6/2024,52596.8,Online Transfer
2618,495,24,10/29/2023,33734.03,Credit Card
2619,2304,35,12/8/2023,70897.3,Credit Card
2620,1981,10,6/16/2023,95783.16,Credit Card
2621,1400,27,11/11/2023,73074.33,Credit Card
2622,541,29,3/25/2023,53017.85,Credit Card
2623,2451,22,7/22/2023,97713.32,Online Transfer
2624,2176,6,8/27/2023,35900.16,Credit Card
2625,469,34,6/12/2023,84604.15,Credit Card
2626,1316,7,8/24/2023,69259.36,Cash
2627,886,20,3/11/2024,83541.0,Online Transfer
2628,1186,18,4/6/2023,86523.28,Credit Card
2629,2055,2,6/24/2023,81638.46,Credit Card
2630,361,25,2/26/2024,64146.23,Online Transfer
2631,1617,37,5/27/2023,51636.17,Credit Card
2632,2232,4,6/28/2023,71807.34,Credit Card
2633,657,14,2/6/2024,62108.38,Credit Card
2634,695,8,2/2/2024,57938.68,Credit Card
2635,401,33,1/16/2024,76142.33,Credit Card
2636,1628,11,9/17/2023,66832.56,Online Transfer
2637,1177,16,9/4/2023,74560.74,Credit Card
2638,1922,3,9/5/2023,32239.74,Credit Card
2639,274,26,4/4/2023,87466.0,Credit Card
2640,977,17,11/17/2023,40166.64,Credit Card
2641,1746,12,2/9/2024,80932.24,Credit Card
2642,2199,36,6/20/2023,92734.99,Credit Card
2643,704,28,8/7/2023,45300.31,Cash
2644,1330,9,5/30/2023,70380.47,Credit Card
2645,205,21,5/12/2023,92357.24,Online Transfer
2646,2111,30,6/22/2023,88002.15,Online Transfer
2647,951,40,1/23/2024,88427.17,Credit Card
2648,577,19,5/24/2023,44096.48,Online Transfer
2649,556,31,7/8/2023,62513.58,Credit Card
2650,51,32,1/28/2024,67015.2,Credit Card
2651,978,1,4/3/2023,42316.43,Credit Card
2652,176,13,7/13/2023,57868.7,Credit Card
2653,2298,5,12/21/2023,56627.0,Cash
2654,1142,39,12/12/2023,64586.07,Online Transfer
2655,1402,16,11/16/2023,35368.75,Online Transfer
2656,1667,40,12/31/2023,66721.62,Cash
2657,1834,30,7/17/2023,98203.22,Credit Card
2658,489,23,2/5/2024,37700.38,Online Transfer
2659,2219,36,1/30/2024,63271.3,Credit Card
2660,2478,37,10/6/2023,88495.99,Online Transfer
2661,1114,33,6/7/2023,46706.17,Credit Card
2662,2482,11,9/16/2023,48331.81,Cash
2663,2487,5,6/27/2023,40123.49,Credit Card
2664,90,38,9/26/2023,59855.63,Online Transfer
2665,1600,8,8/20/2023,46301.41,Online Transfer
2666,2495,18,2/14/2024,94794.81,Cash
2667,1033,9,10/18/2023,90876.25,Credit Card
2668,776,17,3/16/2024,82162.24,Credit Card
2669,72,22,8/17/2023,66332.96,Cash
2670,513,10,5/28/2023,82405.78,Cash
2671,352,21,6/16/2023,79560.91,Online Transfer
2672,422,26,9/20/2023,56617.59,Credit Card
2673,1708,13,5/26/2023,33122.53,Online Transfer
2674,585,1,1/3/2024,99599.14,Online Transfer
2675,973,4,4/20/2023,51791.84,Cash
2676,1623,3,5/5/2023,49564.42,Cash
2677,703,27,5/19/2023,68144.25,Cash
2678,1662,28,2/1/2024,83219.76,Online Transfer
2679,2196,12,1/29/2024,68314.0,Credit Card
2680,2001,25,5/19/2023,88493.04,Online Transfer
2681,746,24,10/5/2023,41317.11,Credit Card
2682,1123,20,9/14/2023,65756.64,Cash
2683,1164,31,7/21/2023,41040.2,Credit Card
2684,949,6,5/26/2023,62901.26,Credit Card
2685,1684,34,8/23/2023,41797.6,Credit Card
2686,1201,7,12/28/2023,75285.71,Credit Card
2687,970,15,5/2/2023,34316.77,Credit Card
2688,2353,35,2/2/2024,88427.38,Credit Card
2689,23,2,5/31/2023,90427.37,Credit Card
2690,594,32,6/27/2023,41312.04,Online Transfer
2691,1578,14,1/15/2024,86340.87,Online Transfer
2692,453,29,6/2/2023,84880.33,Online Transfer
2693,1546,19,11/17/2023,62263.15,Cash
2694,578,39,1/30/2024,81143.03,Online Transfer
2695,1277,5,12/28/2023,42282.38,Cash
2696,314,22,1/5/2024,54875.37,Online Transfer
2697,1323,12,6/21/2023,96268.99,Online Transfer
2698,2379,24,1/29/2024,95444.03,Online Transfer
2699,58,32,12/3/2023,73616.2,Online Transfer
2700,2242,10,10/21/2023,98815.5,Credit Card
2701,1481,39,5/2/2023,70038.61,Credit Card
2702,457,25,6/9/2023,31858.11,Cash
2703,2228,6,10/2/2023,64273.77,Online Transfer
2704,2341,21,3/10/2024,38995.19,Credit Card
2705,868,1,6/18/2023,60735.39,Online Transfer
2706,1435,3,12/17/2023,73122.04,Online Transfer
2707,1313,29,10/3/2023,72167.19,Online Transfer
2708,2074,4,5/17/2023,95246.7,Online Transfer
2709,952,40,12/22/2023,44229.67,Cash
2710,2201,17,1/30/2024,66398.39,Online Transfer
2711,2227,9,10/11/2023,56009.92,Credit Card
2712,1288,26,8/16/2023,50161.25,Online Transfer
2713,266,2,4/8/2023,65857.76,Online Transfer
2714,2409,11,4/3/2023,55051.26,Online Transfer
2715,2297,30,9/3/2023,47983.82,Credit Card
2716,104,10,7/27/2023,56646.18,Online Transfer
2717,2295,32,7/6/2023,47576.5,Credit Card
2718,39,34,12/24/2023,87409.06,Credit Card
2719,1483,12,1/30/2024,95335.75,Online Transfer
2720,406,36,3/19/2024,68102.17,Credit Card
2721,2041,3,7/9/2023,62162.4,Online Transfer
2722,1995,8,4/25/2023,57786.12,Online Transfer
2723,1821,1,10/15/2023,75264.06,Cash
2724,1255,14,4/28/2023,98155.69,Online Transfer
2725,2355,24,2/14/2024,55735.61,Online Transfer
2726,1296,17,4/16/2023,41358.11,Credit Card
2727,786,16,12/20/2023,90272.41,Credit Card
2728,645,39,4/5/2023,46649.83,Credit Card
2729,300,2,1/5/2024,47181.87,Online Transfer
2730,940,35,8/2/2023,86565.04,Online Transfer
2731,203,19,2/9/2024,74477.28,Credit Card
2732,486,22,8/23/2023,43249.31,Credit Card
2733,1869,40,5/19/2023,61783.93,Online Transfer
2734,2230,13,10/6/2023,85283.92,Online Transfer
2735,2458,9,11/17/2023,55580.32,Credit Card
2736,2325,21,1/8/2024,64136.63,Credit Card
2737,2190,38,12/31/2023,55108.95,Credit Card
2738,1561,7,5/28/2023,99342.05,Credit Card
2739,98,23,8/25/2023,92651.06,Credit Card
2740,809,30,12/25/2023,64207.73,Credit Card
2741,1553,18,6/5/2023,35547.06,Credit Card
2742,194,6,12/26/2023,73209.96,Online Transfer
2743,154,33,2/26/2024,60954.86,Online Transfer
2744,749,27,7/22/2023,50681.62,Online Transfer
2745,492,25,9/18/2023,92821.21,Credit Card
2746,857,11,6/21/2023,51265.58,Credit Card
2747,2348,37,7/4/2023,81402.2,Online Transfer
2748,479,15,9/14/2023,37324.9,Credit Card
2749,114,5,2/28/2024,54213.05,Cash
2750,271,20,12/28/2023,37997.44,Online Transfer
2751,642,26,10/18/2023,79349.16,Credit Card
2752,877,4,11/22/2023,47812.23,Online Transfer
2753,354,28,5/31/2023,95181.4,Credit Card
2754,378,29,8/2/2023,65451.78,Online Transfer
2755,2149,31,1/31/2024,84352.35,Online Transfer
2756,694,17,8/21/2023,37050.96,Online Transfer
2757,2225,1,2/28/2024,72106.58,Cash
2758,1526,19,1/4/2024,79854.96,Credit Card
2759,2316,28,6/10/2023,95303.64,Online Transfer
2760,792,13,10/3/2023,36203.74,Online Transfer
2761,224,9,2/18/2024,89612.98,Online Transfer
2762,1163,7,8/19/2023,45221.77,Credit Card
2763,1926,38,10/20/2023,59648.9,Credit Card
2764,1747,31,3/3/2024,54850.2,Credit Card
2765,468,36,11/12/2023,81800.19,Cash
2766,2070,37,2/18/2024,30414.17,Credit Card
2767,1457,32,7/15/2023,93013.62,Cash
2768,2007,22,9/3/2023,32478.65,Credit Card
2769,1863,25,5/15/2023,54715.94,Cash
2770,2002,10,7/17/2023,84299.66,Cash
2771,262,14,5/13/2023,76344.39,Cash
2772,277,39,10/30/2023,63966.74,Credit Card
2773,1136,29,7/10/2023,35568.78,Credit Card
2774,2455,16,4/30/2023,96326.86,Credit Card
2775,192,3,4/2/2023,38984.0,Credit Card
2776,796,6,2/25/2024,48770.06,Online Transfer
2777,1919,4,2/7/2024,50773.94,Credit Card
2778,382,20,3/30/2023,50479.22,Online Transfer
2779,2084,40,10/3/2023,75142.46,Cash
2780,961,27,4/13/2023,92129.47,Credit Card
2781,1853,15,3/3/2024,50676.32,Credit Card
2782,2271,23,1/21/2024,64505.39,Online Transfer
2783,904,12,9/8/2023,41363.15,Online Transfer
2784,689,24,12/12/2023,73707.33,Online Transfer
2785,1411,30,12/26/2023,61426.88,Online Transfer
2786,415,18,10/8/2023,80712.35,Cash
2787,2143,2,10/13/2023,95481.43,Online Transfer
2788,2056,35,11/2/2023,95237.8,Credit Card
2789,859,8,12/15/2023,82183.02,Credit Card
2790,951,5,11/9/2023,51890.87,Online Transfer
2791,1542,21,5/29/2023,30185.78,Credit Card
2792,2361,11,4/8/2023,79250.93,Cash
2793,288,26,6/1/2023,79368.03,Credit Card
2794,1241,34,4/21/2023,45724.94,Online Transfer
2795,410,33,5/21/2023,66134.41,Cash
2796,395,26,11/12/2023,91298.21,Online Transfer
2797,52,20,6/23/2023,77089.98,Cash
2798,1144,2,9/12/2023,57035.24,Credit Card
2799,1824,39,8/13/2023,97249.36,Credit Card
2800,1966,21,4/9/2023,70465.47,Credit Card
2801,1618,11,11/15/2023,74126.71,Credit Card
2802,826,31,12/4/2023,93251.73,Credit Card
2803,2089,3,12/7/2023,41402.3,Cash
2804,58,30,7/3/2023,31316.9,Credit Card
2805,1694,8,1/30/2024,37231.58,Online Transfer
2806,471,17,12/8/2023,90423.1,Cash
2807,487,23,3/16/2024,86228.45,Credit Card
2808,2198,35,1/30/2024,56212.97,Credit Card
2809,1527,22,6/8/2023,82439.77,Credit Card
2810,2360,15,7/10/2023,30085.43,Credit Card
2811,1572,25,5/27/2023,35756.65,Credit Card
2812,2261,29,4/9/2023,55232.32,Online Transfer
2813,1586,10,11/20/2023,88376.08,Online Transfer
2814,1745,5,9/25/2023,80539.8,Credit Card
2815,2422,12,4/7/2023,42361.41,Credit Card
2816,1672,38,7/18/2023,59023.71,Credit Card
2817,2476,36,12/19/2023,85375.86,Credit Card
2818,2320,7,10/3/2023,32363.14,Credit Card
2819,2097,9,8/10/2023,70978.13,Credit Card
2820,708,16,9/12/2023,59029.57,Credit Card
2821,2290,14,2/13/2024,42770.97,Online Transfer
2822,2139,6,12/23/2023,75178.38,Credit Card
2823,571,37,12/27/2023,91917.15,Online Transfer
2824,88,13,8/31/2023,30366.91,Online Transfer
2825,204,28,5/21/2023,94370.05,Cash
2826,1192,27,4/2/2023,74979.53,Credit Card
2827,1805,4,3/4/2024,68705.24,Cash
2828,1790,34,2/13/2024,46907.25,Cash
2829,2160,33,10/17/2023,44995.39,Credit Card
2830,1889,40,12/20/2023,98226.97,Cash
2831,1078,24,3/12/2024,85523.21,Online Transfer
2832,1234,1,3/12/2024,30539.58,Credit Card
2833,2120,19,5/29/2023,42167.77,Online Transfer
2834,1368,18,3/11/2024,56846.41,Credit Card
2835,788,32,9/19/2023,30171.5,Credit Card
2836,1764,26,8/18/2023,55874.37,Cash
2837,32,32,3/22/2024,39064.07,Credit Card
2838,513,35,2/3/2024,53318.09,Credit Card
2839,2285,29,9/2/2023,58937.97,Online Transfer
2840,2384,37,11/29/2023,76752.28,Cash
2841,1886,6,9/8/2023,69823.79,Credit Card
2842,1726,4,11/19/2023,55276.55,Cash
2843,414,40,12/20/2023,53405.78,Credit Card
2844,1544,10,2/7/2024,44783.95,Credit Card
2845,1387,24,8/1/2023,81555.07,Online Transfer
2846,1109,38,6/10/2023,81599.48,Credit Card
2847,2383,39,5/20/2023,30057.87,Credit Card
2848,321,21,12/17/2023,82004.97,Online Transfer
2849,1080,16,7/15/2023,79724.47,Credit Card
2850,121,31,12/29/2023,78078.79,Credit Card
2851,1950,14,8/23/2023,74686.53,Credit Card
2852,876,30,3/15/2024,46322.82,Cash
2853,1670,20,2/8/2024,83342.12,Credit Card
2854,2168,2,9/7/2023,81269.76,Credit Card
2855,2362,1,3/30/2023,34193.48,Cash
2856,1197,9,12/22/2023,69893.51,Credit Card
2857,560,3,10/13/2023,39599.64,Credit Card
2858,2347,17,9/27/2023,72148.0,Cash
2859,2409,28,10/30/2023,40626.02,Online Transfer
2860,635,19,10/24/2023,61828.38,Online Transfer
2861,426,33,5/18/2023,84644.65,Credit Card
2862,2495,34,2/22/2024,73837.13,Online Transfer
2863,2304,27,12/2/2023,60644.82,Cash
2864,2085,11,8/22/2023,78817.59,Credit Card
2865,892,7,5/31/2023,74231.35,Online Transfer
2866,979,13,12/25/2023,33028.84,Online Transfer
2867,678,25,4/15/2023,35650.78,Credit Card
2868,61,12,8/29/2023,95957.5,Credit Card
2869,1153,18,11/4/2023,43902.45,Online Transfer
2870,851,8,8/10/2023,93313.15,Online Transfer
2871,1741,22,3/17/2024,72072.83,Credit Card
2872,258,15,8/3/2023,40534.9,Online Transfer
2873,2086,36,7/24/2023,35357.74,Credit Card
2874,196,5,10/8/2023,56908.28,Credit Card
2875,936,23,11/17/2023,35842.21,Online Transfer
2876,2488,17,12/3/2023,88897.46,Credit Card
2877,331,34,1/30/2024,43065.95,Credit Card
2878,990,1,8/5/2023,53116.58,Cash
2879,1895,32,2/11/2024,68038.88,Online Transfer
2880,670,26,12/12/2023,37274.98,Online Transfer
2881,927,29,4/23/2023,55048.13,Online Transfer
2882,474,5,12/20/2023,50175.42,Credit Card
2883,921,10,4/20/2023,46046.74,Online Transfer
2884,768,4,7/4/2023,51192.59,Online Transfer
2885,448,35,3/18/2024,41306.14,Credit Card
2886,985,6,8/19/2023,79544.89,Credit Card
2887,2358,15,4/6/2023,43313.3,Credit Card
2888,2150,33,1/9/2024,92553.29,Credit Card
2889,1188,40,1/28/2024,57587.43,Online Transfer
2890,46,25,1/17/2024,85696.83,Online Transfer
2891,2011,18,2/13/2024,32126.27,Credit Card
2892,1965,12,6/4/2023,98092.67,Credit Card
2893,799,27,12/10/2023,53837.52,Credit Card
2894,636,7,11/28/2023,75928.18,Credit Card
2895,1324,20,10/23/2023,96831.08,Credit Card
2896,807,19,4/12/2023,30237.35,Online Transfer
2897,284,8,7/26/2023,53144.74,Cash
2898,1132,40,5/19/2023,91479.0,Cash
2899,169,7,7/2/2023,41687.5,Credit Card
2900,105,25,6/23/2023,72089.71,Online Transfer
2901,1888,32,1/14/2024,54861.58,Online Transfer
2902,156,37,4/8/2023,70373.42,Online Transfer
2903,685,19,6/5/2023,41916.03,Credit Card
2904,592,18,10/6/2023,47119.1,Online Transfer
2905,1597,39,6/3/2023,52014.85,Credit Card
2906,1323,16,12/25/2023,40358.49,Online Transfer
2907,1053,11,6/14/2023,62246.05,Credit Card
2908,20,33,1/29/2024,75731.06,Credit Card
2909,243,10,4/26/2023,56656.06,Credit Card
2910,650,24,5/12/2023,59669.37,Credit Card
2911,1085,30,5/6/2023,80917.89,Credit Card
2912,566,21,9/26/2023,44773.32,Cash
2913,1870,3,3/17/2024,32572.38,Credit Card
2914,515,35,3/18/2024,48621.13,Credit Card
2915,2390,36,6/27/2023,30787.52,Credit Card
2916,861,14,8/8/2023,75487.64,Credit Card
2917,2153,2,12/14/2023,55889.85,Credit Card
2918,264,20,1/27/2024,39165.94,Online Transfer
2919,1435,5,6/8/2023,78161.23,Credit Card
2920,876,1,4/24/2023,63350.78,Credit Card
2921,2373,28,11/8/2023,97403.33,Online Transfer
2922,1460,4,2/29/2024,66746.6,Credit Card
2923,2287,9,8/31/2023,50865.8,Credit Card
2924,644,34,7/11/2023,43177.06,Credit Card
2925,1728,13,4/3/2023,58346.88,Credit Card
2926,1008,22,9/29/2023,83571.71,Online Transfer
2927,2135,15,8/15/2023,51489.15,Online Transfer
2928,1396,27,8/27/2023,33585.5,Credit Card
2929,1274,29,5/10/2023,50488.62,Online Transfer
2930,1978,23,2/7/2024,53858.0,Cash
2931,2299,38,11/26/2023,54812.62,Credit Card
2932,504,6,1/17/2024,53669.41,Online Transfer
2933,781,26,9/25/2023,49887.99,Cash
2934,208,17,2/5/2024,81410.43,Online Transfer
2935,824,31,5/14/2023,84287.27,Credit Card
2936,154,12,3/17/2024,68089.01,Online Transfer
2937,949,28,4/7/2023,80297.25,Credit Card
2938,811,27,11/4/2023,55507.02,Cash
2939,1349,20,2/7/2024,51076.62,Credit Card
2940,2372,36,12/23/2023,89834.23,Online Transfer
2941,1936,30,11/4/2023,38108.96,Cash
2942,2218,9,12/4/2023,62945.49,Cash
2943,440,5,11/29/2023,63889.73,Cash
2944,1580,11,2/17/2024,89171.26,Online Transfer
2945,1642,12,3/29/2023,93680.19,Online Transfer
2946,1192,4,2/10/2024,50426.44,Credit Card
2947,1403,25,4/30/2023,54962.85,Credit Card
2948,676,38,12/27/2023,42150.62,Credit Card
2949,490,8,10/14/2023,50198.8,Online Transfer
2950,2045,15,4/30/2023,31522.76,Credit Card
2951,2498,26,12/1/2023,64791.91,Credit Card
2952,1367,2,7/22/2023,92731.23,Credit Card
2953,279,16,10/23/2023,53509.38,Credit Card
2954,466,33,12/14/2023,69475.56,Cash
2955,1539,10,12/13/2023,82570.17,Cash
2956,313,13,1/10/2024,33394.36,Online Transfer
2957,1503,18,6/15/2023,88842.57,Credit Card
2958,1256,24,12/24/2023,58931.61,Online Transfer
2959,487,39,5/26/2023,74057.69,Credit Card
2960,2266,21,7/1/2023,37049.66,Cash
2961,1793,7,12/18/2023,89232.69,Online Transfer
2962,469,22,2/21/2024,31630.48,Credit Card
2963,425,40,8/31/2023,80238.57,Online Transfer
2964,1866,35,10/10/2023,51333.11,Credit Card
2965,1365,1,9/8/2023,54673.72,Online Transfer
2966,568,32,7/19/2023,56257.92,Online Transfer
2967,775,29,11/21/2023,80113.08,Online Transfer
2968,41,3,6/23/2023,57165.39,Credit Card
2969,665,31,11/19/2023,73057.65,Cash
2970,1391,6,3/5/2024,53718.39,Online Transfer
2971,1339,19,2/27/2024,73891.97,Credit Card
2972,1913,17,9/1/2023,55875.84,Online Transfer
2973,1694,37,8/26/2023,40314.97,Online Transfer
2974,2384,34,2/24/2024,43622.04,Credit Card
2975,519,14,1/1/2024,30737.98,Online Transfer
2976,1017,23,7/14/2023,72874.66,Credit Card
2977,1871,31,4/25/2023,53477.55,Credit Card
2978,2188,5,11/26/2023,71595.18,Credit Card
2979,2298,32,3/28/2023,84356.32,Credit Card
2980,1592,30,6/6/2023,76234.52,Credit Card
2981,1968,33,9/25/2023,30828.97,Online Transfer
2982,2047,9,6/11/2023,82235.03,Online Transfer
2983,320,18,7/19/2023,78628.85,Cash
2984,272,26,5/26/2023,71010.87,Credit Card
2985,53,8,10/6/2023,50211.75,Online Transfer
2986,1038,11,3/9/2024,48903.81,Online Transfer
2987,1377,36,4/13/2023,67668.27,Credit Card
2988,904,24,7/23/2023,72001.59,Credit Card
2989,1328,4,3/21/2024,95451.2,Cash
2990,144,21,6/22/2023,79098.94,Cash
2991,1874,12,6/7/2023,70406.72,Credit Card
2992,2064,27,6/30/2023,95168.13,Credit Card
2993,2151,17,5/1/2023,46887.29,Online Transfer
2994,2119,7,6/19/2023,60797.78,Online Transfer
2995,1552,13,1/30/2024,65485.6,Credit Card
2996,98,38,2/10/2024,53409.88,Online Transfer
2997,1611,14,8/7/2023,34623.68,Credit Card
2998,2025,3,9/15/2023,86228.45,Credit Card
2999,917,34,11/13/2023,91108.11,Credit Card
3000,1992,1,3/28/2023,52891.14,Credit Card
3001,931,37,7/20/2023,47268.62,Online Transfer
3002,557,40,11/12/2023,41481.96,Credit Card
3003,1619,28,8/31/2023,98355.28,Online Transfer
3004,712,25,12/20/2023,69977.09,Cash
3005,1571,39,6/29/2023,56189.75,Credit Card
3006,1855,15,2/14/2024,90206.45,Online Transfer
3007,1649,6,5/19/2023,45117.33,Cash
3008,2385,35,5/7/2023,70068.09,Cash
3009,826,19,6/29/2023,78179.42,Credit Card
3010,1185,2,11/23/2023,50448.51,Cash
3011,963,29,6/2/2023,63546.62,Credit Card
3012,560,22,7/29/2023,43447.98,Online Transfer
3013,446,10,9/19/2023,93677.29,Credit Card
3014,1050,20,3/5/2024,55579.43,Cash
3015,186,23,6/1/2023,74156.18,Credit Card
3016,271,16,5/21/2023,62228.5,Online Transfer
3017,795,2,7/29/2023,85147.58,Cash
3018,962,4,5/15/2023,54162.24,Cash
3019,542,30,11/3/2023,94734.12,Online Transfer
3020,1725,22,6/16/2023,53181.56,Online Transfer
3021,216,21,12/7/2023,61018.66,Cash
3022,835,10,12/18/2023,79697.01,Credit Card
3023,1790,5,1/12/2024,83748.05,Cash
3024,1070,23,2/18/2024,60584.59,Credit Card
3025,496,36,11/12/2023,54078.87,Credit Card
3026,2346,19,9/14/2023,47431.39,Online Transfer
3027,2129,27,2/21/2024,37200.64,Credit Card
3028,758,11,10/5/2023,85004.75,Credit Card
3029,330,13,8/23/2023,32574.78,Credit Card
3030,2217,17,11/2/2023,99486.86,Online Transfer
3031,2466,16,10/17/2023,76188.93,Cash
3032,2043,28,5/24/2023,46823.81,Online Transfer
3033,1464,34,10/27/2023,83824.89,Cash
3034,382,39,10/16/2023,34610.31,Online Transfer
3035,910,25,7/3/2023,57595.91,Credit Card
3036,2028,37,10/21/2023,52685.57,Cash
3037,1094,18,6/17/2023,97315.03,Credit Card
3038,616,7,11/2/2023,72464.23,Cash
3039,1376,15,10/28/2023,73810.6,Credit Card
3040,1153,24,3/11/2024,48028.15,Online Transfer
3041,1651,40,12/28/2023,98345.89,Credit Card
3042,583,33,8/19/2023,43102.98,Credit Card
3043,769,9,9/30/2023,46521.35,Online Transfer
3044,1447,3,12/13/2023,98740.06,Online Transfer
3045,1223,12,3/31/2023,42432.43,Online Transfer
3046,1211,38,10/12/2023,47807.91,Credit Card
3047,1547,20,1/3/2024,76252.82,Online Transfer
3048,1231,1,9/20/2023,86348.03,Credit Card
3049,1933,29,9/24/2023,66564.29,Credit Card
3050,2406,31,7/31/2023,32573.62,Online Transfer
3051,380,8,5/6/2023,59405.02,Online Transfer
3052,567,26,10/15/2023,68179.69,Credit Card
3053,1196,35,6/23/2023,37992.67,Online Transfer
3054,2439,32,11/27/2023,78608.86,Cash
3055,7,6,9/23/2023,32236.31,Credit Card
3056,2118,14,9/4/2023,55724.9,Credit Card
3057,460,16,5/28/2023,63580.56,Credit Card
3058,2343,39,4/28/2023,43595.38,Credit Card
3059,734,10,1/28/2024,50386.68,Credit Card
3060,1744,13,4/14/2023,49737.06,Online Transfer
3061,909,27,7/19/2023,88487.94,Credit Card
3062,2161,24,3/19/2024,34595.98,Credit Card
3063,1583,14,9/27/2023,40277.73,Cash
3064,2249,11,2/8/2024,81926.97,Credit Card
3065,1252,23,1/25/2024,41176.75,Online Transfer
3066,655,6,9/10/2023,88166.32,Online Transfer
3067,908,31,5/19/2023,40731.81,Credit Card
3068,2458,22,9/12/2023,54293.01,Cash
3069,319,15,1/27/2024,45940.51,Cash
3070,2166,32,4/18/2023,89192.96,Credit Card
3071,935,17,6/8/2023,45887.5,Online Transfer
3072,1090,33,11/26/2023,40861.0,Credit Card
3073,471,29,5/28/2023,64031.89,Credit Card
3074,2272,5,6/15/2023,81804.01,Cash
3075,1504,36,1/1/2024,68377.11,Cash
3076,994,20,3/21/2024,47115.61,Credit Card
3077,506,2,5/9/2023,50860.32,Cash
3078,1195,21,2/24/2024,88134.92,Online Transfer
3079,696,12,9/7/2023,98703.79,Online Transfer
3080,2344,5,1/13/2024,70239.54,Credit Card
3081,997,11,6/21/2023,53675.41,Cash
3082,611,31,9/24/2023,30326.08,Cash
3083,253,7,3/28/2023,36840.91,Credit Card
3084,1006,18,4/15/2023,58394.71,Credit Card
3085,1164,16,10/19/2023,67233.12,Cash
3086,1389,9,4/5/2023,36058.04,Cash
3087,1559,14,9/17/2023,44954.23,Online Transfer
3088,565,23,2/20/2024,64060.58,Online Transfer
3089,801,34,6/24/2023,48195.45,Online Transfer
3090,373,24,6/22/2023,74635.71,Online Transfer
3091,399,30,9/29/2023,97876.34,Credit Card
3092,1199,28,3/12/2024,60442.4,Credit Card
3093,2271,27,11/6/2023,81897.69,Credit Card
3094,210,37,6/5/2023,58667.52,Online Transfer
3095,650,19,3/8/2024,45228.36,Online Transfer
3096,1653,4,6/5/2023,66519.25,Cash
3097,1430,33,2/15/2024,79322.71,Credit Card
3098,1895,3,12/7/2023,85289.78,Credit Card
3099,1828,38,11/22/2023,72538.94,Credit Card
3100,2198,13,12/24/2023,94371.4,Credit Card
3101,2110,35,5/2/2023,83566.26,Credit Card
3102,831,1,3/12/2024,49300.4,Credit Card
3103,1271,2,8/19/2023,73959.57,Credit Card
3104,1881,25,5/1/2023,33863.06,Cash
3105,1336,10,5/29/2023,94213.26,Credit Card
3106,922,40,1/16/2024,96582.46,Credit Card
3107,294,20,7/18/2023,93273.16,Online Transfer
3108,1512,36,11/6/2023,97267.52,Online Transfer
3109,139,32,8/9/2023,80310.98,Credit Card
3110,2382,26,4/3/2023,78686.74,Cash
3111,2225,39,8/20/2023,59005.48,Credit Card
3112,1875,29,12/23/2023,33806.95,Online Transfer
3113,443,15,5/13/2023,88288.25,Credit Card
3114,1545,8,3/13/2024,67618.95,Online Transfer
3115,2165,22,11/27/2023,43236.58,Online Transfer
3116,918,17,3/13/2024,38835.38,Online Transfer
3117,1796,6,9/20/2023,63377.28,Credit Card
3118,356,14,2/13/2024,53809.1,Online Transfer
3119,2374,7,5/26/2023,62502.84,Credit Card
3120,1736,8,2/21/2024,61553.03,Credit Card
3121,648,13,2/17/2024,56403.51,Online Transfer
3122,1872,16,9/7/2023,75330.12,Credit Card
3123,304,32,10/12/2023,91436.71,Cash
3124,2247,24,4/26/2023,40657.56,Cash
3125,1050,37,2/25/2024,49833.26,Online Transfer
3126,2463,39,1/26/2024,31658.74,Online Transfer
3127,2405,6,9/16/2023,32498.32,Online Transfer
3128,1976,34,6/4/2023,52251.93,Credit Card
3129,1177,31,8/13/2023,53862.41,Online Transfer
3130,2112,21,8/13/2023,74244.78,Credit Card
3131,1506,19,12/21/2023,66192.54,Credit Card
3132,992,11,8/14/2023,30365.37,Credit Card
3133,474,17,10/1/2023,61544.82,Cash
3134,1696,20,11/29/2023,39187.17,Online Transfer
3135,244,35,7/7/2023,72990.01,Credit Card
3136,529,9,2/10/2024,95934.13,Online Transfer
3137,238,30,4/25/2023,78978.84,Cash
3138,1937,22,8/28/2023,60609.85,Credit Card
3139,80,3,5/12/2023,96909.33,Cash
3140,1011,12,8/9/2023,81096.95,Credit Card
3141,1854,27,6/28/2023,88147.02,Credit Card
3142,2005,26,3/2/2024,58573.68,Online Transfer
3143,224,29,7/5/2023,90110.02,Online Transfer
3144,2042,15,4/23/2023,52731.31,Online Transfer
3145,1578,2,8/10/2023,75866.65,Credit Card
3146,484,33,1/28/2024,65867.8,Credit Card
3147,662,28,12/29/2023,83934.68,Online Transfer
3148,2498,38,4/19/2023,71128.27,Credit Card
3149,589,18,4/14/2023,69146.77,Online Transfer
3150,1426,25,10/18/2023,59688.05,Credit Card
3151,1734,40,9/29/2023,82379.8,Credit Card
3152,588,5,2/22/2024,96879.09,Credit Card
3153,2038,36,6/17/2023,34392.94,Credit Card
3154,326,4,5/20/2023,42285.07,Online Transfer
3155,1868,23,5/15/2023,67050.14,Online Transfer
3156,740,10,4/19/2023,89317.81,Credit Card
3157,1722,1,3/30/2023,89149.35,Credit Card
3158,469,18,9/9/2023,35776.3,Cash
3159,390,24,5/29/2023,86316.19,Credit Card
3160,1571,31,11/17/2023,46335.59,Credit Card
3161,539,8,1/13/2024,54270.55,Online Transfer
3162,1130,15,10/27/2023,66260.97,Online Transfer
3163,2383,20,12/30/2023,91035.66,Online Transfer
3164,702,27,7/16/2023,71955.73,Online Transfer
3165,2192,6,5/14/2023,76759.74,Online Transfer
3166,2250,32,7/17/2023,67540.23,Online Transfer
3167,886,25,4/30/2023,33639.45,Online Transfer
3168,514,9,8/13/2023,58437.73,Online Transfer
3169,279,40,3/8/2024,69806.02,Online Transfer
3170,901,39,11/24/2023,74593.99,Credit Card
3171,766,34,7/27/2023,47621.12,Cash
3172,2131,7,9/30/2023,35825.09,Cash
3173,1580,28,12/16/2023,87861.23,Cash
3174,1801,35,3/14/2024,68858.65,Online Transfer
3175,1318,4,1/26/2024,88866.69,Online Transfer
3176,2134,36,8/31/2023,83234.37,Online Transfer
3177,509,14,4/15/2023,36835.31,Cash
3178,2274,16,11/27/2023,45741.89,Online Transfer
3179,2006,19,12/30/2023,39087.95,Credit Card
3180,1995,37,12/26/2023,76657.27,Credit Card
3181,1440,22,12/30/2023,85216.32,Credit Card
3182,4,12,5/14/2023,69897.78,Cash
3183,1805,3,1/3/2024,35872.09,Cash
3184,1988,11,7/23/2023,60998.05,Online Transfer
3185,1791,1,1/15/2024,90030.48,Cash
3186,2068,38,1/2/2024,41403.02,Credit Card
3187,2301,17,5/20/2023,32749.54,Online Transfer
3188,234,23,1/11/2024,34493.91,Online Transfer
3189,1752,21,9/21/2023,34828.44,Online Transfer
3190,643,30,5/8/2023,37696.56,Credit Card
3191,1110,2,12/31/2023,61962.29,Credit Card
3192,258,29,5/16/2023,84253.73,Credit Card
3193,923,5,11/29/2023,73182.1,Credit Card
3194,498,13,10/6/2023,99375.96,Cash
3195,1165,33,5/4/2023,81823.59,Cash
3196,1639,26,11/18/2023,57894.61,Credit Card
3197,1024,10,5/24/2023,62600.75,Credit Card
3198,877,13,4/29/2023,70408.2,Credit Card
3199,1105,11,5/5/2023,68580.46,Online Transfer
3200,1753,26,12/22/2023,61547.53,Cash
3201,606,35,2/26/2024,81822.44,Credit Card
3202,2026,19,5/19/2023,48537.41,Cash
3203,1473,15,6/13/2023,78018.18,Cash
3204,693,25,9/12/2023,92015.29,Credit Card
3205,976,1,7/11/2023,31980.2,Online Transfer
3206,1933,18,1/26/2024,94898.51,Credit Card
3207,412,12,11/17/2023,73630.0,Credit Card
3208,605,16,2/11/2024,57920.26,Credit Card
3209,1928,37,2/19/2024,53585.56,Cash
3210,1633,27,8/22/2023,58762.83,Credit Card
3211,1965,30,6/27/2023,68857.05,Credit Card
3212,2365,40,7/7/2023,82778.21,Credit Card
3213,764,7,8/8/2023,68727.32,Credit Card
3214,1435,36,11/3/2023,43772.52,Credit Card
3215,2266,24,3/9/2024,41272.29,Cash
3216,2236,14,3/26/2023,93459.47,Online Transfer
3217,1274,31,2/20/2024,64457.16,Credit Card
3218,364,33,9/7/2023,86095.48,Credit Card
3219,289,28,8/10/2023,58031.99,Credit Card
3220,1550,23,2/26/2024,30721.09,Credit Card
3221,865,20,4/16/2023,38943.44,Credit Card
3222,822,32,12/1/2023,31787.15,Credit Card
3223,1307,21,10/29/2023,46795.11,Credit Card
3224,621,5,11/28/2023,63000.7,Credit Card
3225,1673,8,12/24/2023,89799.79,Cash
3226,2201,2,1/4/2024,47250.09,Online Transfer
3227,17,3,8/14/2023,94339.12,Online Transfer
3228,1351,29,4/4/2023,82764.74,Online Transfer
3229,564,9,11/18/2023,30461.8,Credit Card
3230,1964,34,11/26/2023,83358.64,Credit Card
3231,1361,6,12/7/2023,82061.86,Online Transfer
3232,1850,10,9/15/2023,85481.62,Cash
3233,814,22,8/1/2023,76796.39,Cash
3234,1309,39,12/22/2023,52346.96,Online Transfer
3235,1804,4,9/29/2023,55235.3,Online Transfer
3236,1425,17,1/17/2024,62312.27,Cash
3237,1179,38,9/23/2023,99918.03,Online Transfer
3238,2410,14,2/28/2024,75856.7,Credit Card
3239,2158,24,3/16/2024,35077.7,Online Transfer
3240,2399,29,12/29/2023,40760.52,Credit Card
3241,1963,20,8/21/2023,62703.46,Online Transfer
3242,1676,37,9/13/2023,88383.07,Credit Card
3243,228,4,3/1/2024,59262.96,Cash
3244,570,10,4/1/2023,39882.5,Credit Card
3245,2355,5,5/9/2023,93933.09,Online Transfer
3246,2077,2,7/1/2023,76620.79,Online Transfer
3247,1172,31,8/25/2023,35768.82,Online Transfer
3248,966,26,2/27/2024,84451.15,Cash
3249,84,6,2/6/2024,78640.43,Online Transfer
3250,717,27,7/6/2023,89147.32,Cash
3251,2067,12,4/21/2023,44304.68,Cash
3252,2094,38,2/16/2024,35897.77,Credit Card
3253,1644,34,1/14/2024,75022.66,Cash
3254,2057,16,3/3/2024,46097.93,Online Transfer
3255,1029,21,2/18/2024,80484.93,Credit Card
3256,695,7,11/24/2023,71253.08,Cash
3257,2116,8,12/14/2023,87477.19,Cash
3258,808,17,3/7/2024,37637.47,Online Transfer
3259,1453,23,6/23/2023,71490.48,Online Transfer
3260,865,9,9/21/2023,93249.65,Cash
3261,1989,17,9/12/2023,81602.45,Cash
3262,1894,37,6/26/2023,50965.47,Online Transfer
3263,2316,15,11/2/2023,66367.54,Credit Card
3264,2249,36,10/22/2023,68212.25,Credit Card
3265,737,19,1/28/2024,98213.86,Credit Card
3266,1566,26,8/22/2023,59001.2,Online Transfer
3267,2062,21,8/27/2023,52150.71,Cash
3268,178,35,8/27/2023,87871.55,Credit Card
3269,1059,1,12/16/2023,68425.32,Online Transfer
3270,2474,3,5/30/2023,73803.24,Online Transfer
3271,1208,12,12/2/2023,91298.76,Credit Card
3272,366,30,9/4/2023,59455.3,Credit Card
3273,534,6,2/25/2024,77140.81,Cash
3274,790,31,4/28/2023,98266.22,Cash
3275,2183,29,1/23/2024,99193.53,Online Transfer
3276,651,27,5/1/2023,70517.83,Credit Card
3277,584,38,9/18/2023,56809.1,Cash
3278,2244,32,1/7/2024,47739.62,Online Transfer
3279,999,34,7/8/2023,91386.45,Online Transfer
3280,414,11,7/25/2023,43635.44,Online Transfer
3281,2079,7,10/28/2023,94145.44,Cash
3282,189,20,10/27/2023,65688.76,Credit Card
3283,1498,14,3/17/2024,94377.42,Credit Card
3284,678,25,8/20/2023,95021.55,Credit Card
3285,1653,16,11/17/2023,50931.9,Credit Card
3286,342,18,5/4/2023,76720.92,Online Transfer
3287,255,39,7/31/2023,70002.83,Credit Card
3288,854,5,9/23/2023,47344.07,Credit Card
3289,2057,40,2/5/2024,55421.83,Credit Card
3290,1302,24,9/7/2023,67969.47,Credit Card
3291,1153,22,1/19/2024,57051.37,Credit Card
3292,1674,10,4/7/2023,70606.86,Credit Card
3293,200,13,10/20/2023,66089.88,Online Transfer
3294,195,2,8/13/2023,95835.74,Online Transfer
3295,2155,33,4/19/2023,54498.2,Cash
3296,1187,4,1/14/2024,76954.01,Credit Card
3297,731,28,12/27/2023,74209.24,Cash
3298,198,8,4/12/2023,90883.82,Credit Card
3299,445,19,1/13/2024,97110.77,Cash
3300,2445,17,9/18/2023,63982.67,Online Transfer
3301,1176,11,10/25/2023,51538.9,Credit Card
3302,2270,3,10/14/2023,33280.13,Credit Card
3303,1328,7,4/20/2023,94881.01,Cash
3304,1142,33,4/29/2023,49283.41,Credit Card
3305,711,13,7/28/2023,78499.8,Credit Card
3306,158,25,7/17/2023,90603.38,Credit Card
3307,869,39,5/12/2023,77237.75,Credit Card
3308,1243,14,7/19/2023,51241.75,Credit Card
3309,1014,37,7/1/2023,93499.74,Online Transfer
3310,1634,26,7/26/2023,82838.2,Credit Card
3311,805,36,7/26/2023,97009.01,Credit Card
3312,607,8,2/1/2024,57303.66,Online Transfer
3313,590,27,10/9/2023,93049.7,Cash
3314,759,29,2/28/2024,77739.51,Credit Card
3315,282,12,7/26/2023,61311.7,Online Transfer
3316,2008,9,2/1/2024,34248.26,Online Transfer
3317,1228,35,6/26/2023,92143.35,Credit Card
3318,2052,5,12/24/2023,82018.58,Online Transfer
3319,1871,16,7/20/2023,54153.27,Cash
3320,452,21,12/8/2023,87421.18,Credit Card
3321,1985,18,12/4/2023,85693.81,Credit Card
3322,1818,31,4/17/2023,55190.23,Online Transfer
3323,1157,10,6/28/2023,46610.51,Online Transfer
3324,1113,22,12/27/2023,38691.69,Credit Card
3325,1789,20,5/17/2023,43209.62,Cash
3326,907,1,7/8/2023,41233.71,Cash
3327,1443,2,4/6/2023,92291.18,Online Transfer
3328,40,38,8/10/2023,49684.33,Credit Card
3329,127,40,5/12/2023,70359.88,Credit Card
3330,2032,30,10/29/2023,74025.23,Online Transfer
3331,2090,28,2/1/2024,31701.55,Credit Card
3332,1644,32,5/31/2023,78926.7,Online Transfer
3333,2041,4,11/30/2023,66956.64,Cash
3334,141,15,9/27/2023,81366.38,Credit Card
3335,229,34,5/7/2023,35964.28,Credit Card
3336,394,24,5/5/2023,87595.13,Online Transfer
3337,373,23,2/3/2024,65633.82,Online Transfer
3338,226,6,10/11/2023,82939.0,Cash
3339,840,30,3/10/2024,83759.53,Credit Card
3340,1515,39,2/21/2024,54274.22,Credit Card
3341,1876,18,5/18/2023,84973.2,Credit Card
3342,2120,2,2/19/2024,94451.37,Online Transfer
3343,895,8,3/4/2024,48469.99,Credit Card
3344,1945,31,12/14/2023,40971.4,Online Transfer
3345,533,32,1/3/2024,70345.01,Online Transfer
3346,874,36,5/30/2023,32146.25,Credit Card
3347,193,25,3/2/2024,89295.51,Credit Card
3348,1389,33,7/29/2023,64126.33,Credit Card
3349,1129,38,4/4/2023,91463.57,Credit Card
3350,549,1,11/25/2023,49567.04,Online Transfer
3351,1499,9,6/11/2023,89613.03,Credit Card
3352,363,37,6/20/2023,69086.88,Online Transfer
3353,2263,17,6/5/2023,73147.31,Online Transfer
3354,809,5,10/28/2023,72917.63,Online Transfer
3355,2355,10,5/11/2023,38380.88,Credit Card
3356,868,35,9/16/2023,62082.16,Online Transfer
3357,1262,7,8/13/2023,95614.96,Online Transfer
3358,736,40,4/24/2023,38175.4,Cash
3359,638,6,10/16/2023,66773.43,Credit Card
3360,2446,27,9/25/2023,71932.57,Online Transfer
3361,1253,12,11/20/2023,51590.85,Credit Card
3362,187,4,10/31/2023,76517.74,Credit Card
3363,1967,23,5/7/2023,62796.89,Cash
3364,2189,28,9/10/2023,59252.43,Online Transfer
3365,866,26,3/19/2024,99028.07,Credit Card
3366,1401,22,1/14/2024,83959.57,Online Transfer
3367,2328,34,3/29/2023,43103.7,Credit Card
3368,192,19,11/18/2023,67248.66,Credit Card
3369,1561,24,3/6/2024,41624.57,Cash
3370,1718,15,8/30/2023,58278.24,Credit Card
3371,395,3,3/3/2024,48319.51,Credit Card
3372,2304,16,1/8/2024,63631.75,Cash
3373,1269,14,5/22/2023,91640.35,Online Transfer
3374,2291,20,12/20/2023,55801.72,Credit Card
3375,1003,13,2/9/2024,39163.89,Online Transfer
3376,154,29,11/29/2023,69561.21,Online Transfer
3377,1166,11,1/27/2024,49960.43,Credit Card
3378,1283,21,3/20/2024,77698.19,Online Transfer
3379,1843,5,12/8/2023,66168.86,Online Transfer
3380,2157,6,3/3/2024,71282.4,Credit Card
3381,433,38,12/26/2023,52912.1,Credit Card
3382,2251,35,4/16/2023,52973.51,Online Transfer
3383,1338,25,1/17/2024,84861.58,Online Transfer
3384,259,31,6/10/2023,86522.0,Cash
3385,401,39,4/9/2023,69949.19,Credit Card
3386,280,32,7/3/2023,92016.64,Cash
3387,341,13,1/16/2024,84504.74,Credit Card
3388,39,3,1/23/2024,55059.68,Online Transfer
3389,132,8,12/25/2023,88974.14,Online Transfer
3390,1982,37,7/13/2023,40358.27,Credit Card
3391,742,26,10/8/2023,35285.22,Credit Card
3392,808,16,6/2/2023,67434.8,Credit Card
3393,509,1,3/14/2024,56445.39,Online Transfer
3394,2040,23,10/8/2023,70947.67,Online Transfer
3395,1664,2,12/8/2023,45812.16,Credit Card
3396,2319,33,12/6/2023,98053.66,Online Transfer
3397,2440,27,4/15/2023,60921.09,Credit Card
3398,2370,19,7/18/2023,77002.14,Cash
3399,1310,30,6/12/2023,32502.4,Cash
3400,769,40,12/14/2023,56904.98,Online Transfer
3401,2192,7,8/17/2023,55774.07,Credit Card
3402,1598,9,4/2/2023,84543.83,Credit Card
3403,207,29,12/4/2023,36285.81,Credit Card
3404,1128,15,5/22/2023,94313.82,Online Transfer
3405,814,28,8/30/2023,46821.88,Online Transfer
3406,1144,17,1/9/2024,97465.44,Credit Card
3407,1470,36,2/8/2024,32608.72,Online Transfer
3408,1604,14,10/27/2023,60670.38,Credit Card
3409,2411,4,10/27/2023,62085.29,Online Transfer
3410,1870,11,4/23/2023,99576.43,Cash
3411,2246,20,8/22/2023,87469.2,Online Transfer
3412,1186,18,9/18/2023,49249.29,Credit Card
3413,1675,34,6/3/2023,45872.64,Online Transfer
3414,1151,12,11/2/2023,66074.52,Cash
3415,2004,10,7/15/2023,58231.81,Credit Card
3416,2020,21,6/26/2023,69610.72,Online Transfer
3417,1688,24,12/16/2023,86604.44,Online Transfer
3418,1679,22,7/18/2023,77753.9,Credit Card
3419,8,4,7/20/2023,59670.84,Cash
3420,1119,16,9/12/2023,98499.88,Online Transfer
3421,576,18,3/31/2023,71097.53,Credit Card
3422,479,5,2/23/2024,74495.8,Credit Card
3423,1108,6,7/10/2023,59553.7,Online Transfer
3424,2119,29,1/9/2024,36961.45,Online Transfer
3425,1538,37,10/2/2023,69478.06,Online Transfer
3426,546,1,10/22/2023,42020.66,Credit Card
3427,1400,27,8/5/2023,61952.36,Credit Card
3428,468,39,4/15/2023,68910.91,Credit Card
3429,188,23,6/2/2023,44714.85,Credit Card
3430,2174,31,5/6/2023,38492.94,Cash
3431,1393,34,7/9/2023,42729.99,Cash
3432,975,25,5/17/2023,96849.53,Credit Card
3433,511,35,11/17/2023,64307.53,Cash
3434,220,3,6/5/2023,34604.37,Online Transfer
3435,1463,36,1/26/2024,60505.6,Online Transfer
3436,252,38,4/18/2023,70212.31,Online Transfer
3437,2024,21,3/17/2024,67368.03,Credit Card
3438,1007,8,5/3/2023,80092.47,Credit Card
3439,1750,7,4/15/2023,63448.77,Online Transfer
3440,297,25,12/30/2023,65065.95,Online Transfer
3441,2072,19,7/31/2023,69836.35,Credit Card
3442,1276,11,4/27/2023,40866.17,Online Transfer
3443,604,12,3/22/2024,64110.97,Credit Card
3444,1430,1,8/27/2023,94617.89,Online Transfer
3445,1999,34,11/15/2023,65286.53,Online Transfer
3446,1664,15,9/15/2023,49120.56,Cash
3447,332,7,5/7/2023,51842.12,Credit Card
3448,1987,18,12/21/2023,45206.36,Credit Card
3449,911,6,7/8/2023,56188.84,Online Transfer
3450,1241,28,8/11/2023,94834.5,Credit Card
3451,1763,3,2/6/2024,87603.44,Cash
3452,1340,24,4/23/2023,30471.27,Online Transfer
3453,789,36,12/15/2023,96482.43,Credit Card
3454,432,32,1/4/2024,90247.75,Credit Card
3455,2122,10,7/29/2023,82808.17,Online Transfer
3456,1474,29,7/22/2023,47669.95,Online Transfer
3457,353,22,6/23/2023,68284.11,Credit Card
3458,1569,27,1/26/2024,45035.3,Credit Card
3459,1649,30,1/18/2024,87591.24,Credit Card
3460,1298,4,11/15/2023,60324.25,Online Transfer
3461,1004,21,2/25/2024,35002.83,Credit Card
3462,1071,2,6/20/2023,84401.38,Credit Card
3463,1934,38,4/6/2023,38146.17,Cash
3464,1727,26,5/25/2023,84136.75,Credit Card
3465,1929,40,5/24/2023,41122.54,Credit Card
3466,2189,35,7/21/2023,33816.87,Credit Card
3467,61,9,11/2/2023,83017.72,Online Transfer
3468,474,20,1/19/2024,39954.81,Credit Card
3469,1140,31,2/26/2024,98413.39,Credit Card
3470,2476,5,2/24/2024,42633.56,Credit Card
3471,1477,23,12/31/2023,42637.54,Credit Card
3472,695,14,5/29/2023,47674.85,Online Transfer
3473,360,13,10/20/2023,67162.74,Credit Card
3474,902,8,3/9/2024,56591.53,Online Transfer
3475,1559,39,2/18/2024,66510.87,Credit Card
3476,711,33,2/13/2024,34420.3,Credit Card
3477,2388,37,5/9/2023,75246.9,Credit Card
3478,452,17,10/31/2023,73069.63,Online Transfer
3479,369,16,6/1/2023,31620.87,Credit Card
3480,2292,40,7/5/2023,50244.64,Credit Card
3481,958,18,2/19/2024,49248.36,Credit Card
3482,842,16,6/2/2023,39397.36,Cash
3483,918,15,7/8/2023,46447.77,Credit Card
3484,1113,30,10/24/2023,48965.28,Credit Card
3485,946,1,12/6/2023,54137.26,Credit Card
3486,1864,5,5/24/2023,39990.01,Online Transfer
3487,308,34,5/5/2023,79250.74,Credit Card
3488,1377,23,3/11/2024,70306.41,Online Transfer
3489,2343,22,2/13/2024,42945.32,Credit Card
3490,1270,9,11/24/2023,33079.82,Cash
3491,1235,26,9/12/2023,94574.3,Cash
3492,1347,35,3/1/2024,65738.26,Credit Card
3493,861,21,9/7/2023,73679.06,Credit Card
3494,1679,37,5/13/2023,76143.77,Cash
3495,722,12,10/30/2023,63839.11,Credit Card
3496,1835,28,9/17/2023,98800.2,Credit Card
3497,282,7,2/22/2024,45046.02,Credit Card
3498,2102,19,6/20/2023,73496.76,Credit Card
3499,1972,20,5/7/2023,78876.36,Credit Card
3500,514,8,6/6/2023,57878.3,Online Transfer
3501,83,6,12/5/2023,84994.83,Credit Card
3502,345,39,1/11/2024,91925.74,Cash
3503,2394,13,12/20/2023,57584.82,Credit Card
3504,678,17,2/3/2024,31529.53,Credit Card
3505,561,27,6/26/2023,73187.5,Online Transfer
3506,1788,25,6/23/2023,69876.51,Credit Card
3507,1717,31,11/26/2023,56602.41,Online Transfer
3508,486,14,7/5/2023,53323.14,Online Transfer
3509,669,38,4/29/2023,59332.4,Online Transfer
3510,1753,4,1/14/2024,36781.4,Cash
3511,2001,3,10/15/2023,72782.88,Credit Card
3512,1106,2,2/4/2024,83896.03,Online Transfer
3513,1224,10,12/21/2023,80069.81,Online Transfer
3514,701,33,10/2/2023,86316.04,Online Transfer
3515,1770,11,11/30/2023,32626.54,Credit Card
3516,708,32,1/1/2024,41246.81,Credit Card
3517,795,36,2/6/2024,57860.72,Online Transfer
3518,116,29,3/4/2024,66152.79,Credit Card
3519,886,24,10/10/2023,88817.84,Online Transfer
3520,2442,12,6/12/2023,68903.59,Online Transfer
3521,1508,34,2/2/2024,91545.88,Credit Card
3522,813,26,3/12/2024,65264.82,Credit Card
3523,5,13,5/8/2023,40766.15,Credit Card
3524,64,30,1/5/2024,78720.86,Credit Card
3525,858,16,5/12/2023,48152.85,Cash
3526,1331,25,8/31/2023,64496.12,Credit Card
3527,259,36,11/28/2023,71035.89,Credit Card
3528,2050,8,8/23/2023,80356.96,Credit Card
3529,1583,10,6/20/2023,30317.56,Online Transfer
3530,1997,15,10/25/2023,81679.44,Credit Card
3531,493,33,3/15/2024,49761.99,Online Transfer
3532,1364,28,11/2/2023,83788.29,Online Transfer
3533,362,4,11/17/2023,59500.69,Credit Card
3534,1419,24,8/21/2023,95302.02,Credit Card
3535,1233,29,5/31/2023,52870.64,Online Transfer
3536,1645,35,2/26/2024,47597.9,Online Transfer
3537,1662,9,1/20/2024,38640.91,Credit Card
3538,1165,3,7/5/2023,82168.65,Cash
3539,1769,38,7/14/2023,43892.91,Cash
3540,232,18,1/12/2024,30697.74,Online Transfer
3541,1651,27,6/9/2023,47256.12,Credit Card
3542,1292,20,1/21/2024,47926.23,Credit Card
3543,1415,39,7/16/2023,35807.19,Online Transfer
3544,2028,32,6/20/2023,92435.72,Cash
3545,1175,23,7/10/2023,50838.75,Online Transfer
3546,883,22,9/27/2023,35585.59,Credit Card
3547,2077,7,11/5/2023,94335.87,Online Transfer
3548,1602,17,4/11/2023,82878.07,Credit Card
3549,13,6,6/13/2023,49900.46,Credit Card
3550,16,1,7/13/2023,42381.45,Credit Card
3551,327,14,2/13/2024,37776.16,Credit Card
3552,2405,2,4/4/2023,71241.78,Online Transfer
3553,2158,21,11/19/2023,54969.85,Online Transfer
3554,496,37,4/28/2023,68571.57,Online Transfer
3555,413,40,5/7/2023,95109.78,Credit Card
3556,1280,5,10/16/2023,33518.09,Cash
3557,317,19,11/16/2023,70731.02,Online Transfer
3558,255,31,12/8/2023,61173.8,Online Transfer
3559,1510,11,2/20/2024,83827.8,Online Transfer
3560,515,1,11/2/2023,41589.59,Credit Card
3561,825,35,9/19/2023,39491.03,Credit Card
3562,144,32,1/15/2024,68135.6,Credit Card
3563,934,4,7/16/2023,35089.99,Credit Card
3564,714,37,8/4/2023,48481.99,Online Transfer
3565,1351,7,9/2/2023,48878.7,Credit Card
3566,131,6,10/4/2023,94034.18,Credit Card
3567,1094,10,11/9/2023,65757.19,Credit Card
3568,1756,36,3/9/2024,40132.29,Cash
3569,197,25,5/16/2023,37956.04,Online Transfer
3570,2445,13,12/18/2023,74102.03,Credit Card
3571,1190,30,5/27/2023,94881.5,Online Transfer
3572,2423,17,11/27/2023,48143.47,Online Transfer
3573,607,39,5/17/2023,59646.25,Cash
3574,2477,19,9/26/2023,65526.55,Online Transfer
3575,1692,20,11/30/2023,46534.2,Credit Card
3576,1064,34,9/24/2023,80533.07,Online Transfer
3577,2406,23,12/12/2023,97439.08,Credit Card
3578,1173,9,1/1/2024,71438.88,Credit Card
3579,1933,22,5/14/2023,52428.39,Online Transfer
3580,1794,14,4/1/2023,87189.34,Online Transfer
3581,2487,28,8/20/2023,59557.6,Online Transfer
3582,2293,16,12/7/2023,44914.7,Credit Card
3583,1632,38,8/26/2023,46485.77,Credit Card
3584,335,33,2/18/2024,62460.43,Credit Card
3585,287,21,9/24/2023,48599.75,Online Transfer
3586,2480,18,5/25/2023,49968.44,Online Transfer
3587,947,8,4/24/2023,90369.92,Online Transfer
3588,328,26,8/11/2023,98548.64,Cash
3589,2386,11,8/7/2023,58402.01,Credit Card
3590,943,27,3/4/2024,59319.33,Online Transfer
3591,2109,24,5/1/2023,66471.04,Credit Card
3592,1288,15,12/29/2023,87160.54,Cash
3593,887,29,1/29/2024,58866.47,Credit Card
3594,2241,31,12/8/2023,74769.18,Credit Card
3595,662,5,9/24/2023,54614.36,Online Transfer
3596,816,12,1/1/2024,89958.31,Credit Card
3597,2322,40,6/30/2023,74530.14,Credit Card
3598,1653,3,3/6/2024,47404.84,Cash
3599,634,2,8/27/2023,90180.25,Online Transfer
3600,322,4,2/13/2024,35672.99,Credit Card
3601,541,35,5/26/2023,54162.54,Credit Card
3602,2282,5,8/9/2023,62266.42,Credit Card
3603,1087,13,5/10/2023,49908.69,Credit Card
3604,2434,8,3/8/2024,31060.25,Credit Card
3605,1259,12,12/29/2023,64646.67,Credit Card
3606,253,31,3/24/2023,41981.67,Online Transfer
3607,101,7,12/9/2023,61776.89,Online Transfer
3608,867,21,10/10/2023,53891.41,Credit Card
3609,315,38,8/17/2023,30036.31,Credit Card
3610,2365,10,2/8/2024,84081.74,Credit Card
3611,1541,15,5/27/2023,64602.22,Credit Card
3612,1421,2,7/30/2023,53573.03,Credit Card
3613,337,19,4/13/2023,80738.53,Credit Card
3614,284,34,7/25/2023,79981.98,Online Transfer
3615,750,29,11/21/2023,98569.14,Online Transfer
3616,251,33,11/29/2023,30253.17,Online Transfer
3617,2095,36,10/11/2023,59175.77,Online Transfer
3618,217,14,10/29/2023,51373.88,Credit Card
3619,2121,26,7/12/2023,89406.26,Online Transfer
3620,1406,22,5/10/2023,55705.44,Online Transfer
3621,1713,4,3/25/2023,36118.67,Online Transfer
3622,1230,22,9/16/2023,96727.04,Online Transfer
3623,2373,37,11/19/2023,34444.56,Online Transfer
3624,572,2,5/12/2023,90011.12,Credit Card
3625,2268,30,7/4/2023,72246.38,Online Transfer
3626,249,38,9/20/2023,65291.4,Online Transfer
3627,1227,32,8/23/2023,92213.19,Online Transfer
3628,1684,39,2/21/2024,43267.27,Cash
3629,1671,16,8/30/2023,59058.88,Credit Card
3630,459,18,10/15/2023,68440.38,Credit Card
3631,1570,23,4/24/2023,95032.47,Credit Card
3632,344,15,7/3/2023,61187.29,Credit Card
3633,722,33,12/28/2023,87246.85,Credit Card
3634,2212,17,10/23/2023,33089.2,Credit Card
3635,517,10,12/6/2023,88923.95,Credit Card
3636,2019,35,3/26/2023,99313.08,Cash
3637,2408,31,8/16/2023,81749.05,Online Transfer
3638,1596,6,9/8/2023,64662.98,Credit Card
3639,1555,19,2/24/2024,35967.51,Credit Card
3640,840,24,2/14/2024,49686.34,Credit Card
3641,1894,29,9/16/2023,58674.74,Credit Card
3642,1806,25,3/25/2023,36302.23,Cash
3643,617,12,9/23/2023,82348.24,Cash
3644,1648,36,5/23/2023,82417.96,Credit Card
3645,1525,3,4/8/2023,85806.46,Credit Card
3646,30,14,8/6/2023,72379.42,Online Transfer
3647,1384,21,12/25/2023,52388.05,Online Transfer
3648,1105,20,12/10/2023,55495.12,Credit Card
3649,519,5,4/18/2023,61369.59,Online Transfer
3650,910,9,1/15/2024,56956.62,Credit Card
3651,556,7,5/16/2023,59911.86,Credit Card
3652,703,8,7/2/2023,80082.41,Online Transfer
3653,499,1,7/18/2023,92456.7,Credit Card
3654,736,13,9/4/2023,73524.36,Credit Card
3655,893,28,1/5/2024,91681.22,Credit Card
3656,1578,27,11/5/2023,84977.55,Online Transfer
3657,1602,26,1/28/2024,37230.54,Credit Card
3658,2005,40,9/7/2023,42869.22,Online Transfer
3659,101,11,6/23/2023,61877.55,Credit Card
3660,1797,34,12/14/2023,48912.33,Online Transfer
3661,1934,16,6/22/2023,53625.07,Online Transfer
3662,2010,25,3/8/2024,91422.53,Credit Card
3663,673,31,12/12/2023,46719.73,Cash
3664,868,15,8/4/2023,91336.39,Online Transfer
3665,959,19,2/20/2024,47165.26,Credit Card
3666,205,35,3/20/2024,83448.36,Online Transfer
3667,10,39,12/27/2023,77491.79,Cash
3668,2123,12,1/28/2024,57543.96,Cash
3669,566,32,3/18/2024,66765.38,Online Transfer
3670,730,34,8/4/2023,66919.03,Cash
3671,39,13,4/9/2023,55051.24,Cash
3672,1338,24,5/26/2023,62799.1,Online Transfer
3673,2446,9,5/6/2023,86494.92,Credit Card
3674,1345,14,1/10/2024,61761.61,Online Transfer
3675,2022,23,7/7/2023,45195.18,Cash
3676,1469,21,12/2/2023,43025.43,Cash
3677,1638,8,8/15/2023,35093.65,Online Transfer
3678,1804,1,4/8/2023,88984.35,Credit Card
3679,1879,36,11/27/2023,94350.66,Online Transfer
3680,1681,37,11/16/2023,31824.32,Credit Card
3681,1356,17,6/3/2023,40710.64,Credit Card
3682,2124,4,6/20/2023,66275.25,Online Transfer
3683,2284,38,1/21/2024,31691.5,Credit Card
3684,454,26,3/22/2024,58352.47,Online Transfer
3685,1437,2,8/29/2023,82071.21,Credit Card
3686,1486,7,6/29/2023,53058.8,Credit Card
3687,636,28,7/18/2023,57392.92,Credit Card
3688,306,30,12/11/2023,73397.39,Cash
3689,2084,10,12/28/2023,67708.62,Credit Card
3690,1257,6,10/24/2023,95338.25,Credit Card
3691,1931,29,10/11/2023,39009.38,Credit Card
3692,429,27,3/7/2024,66282.49,Credit Card
3693,1116,11,12/19/2023,66807.22,Credit Card
3694,1140,22,12/21/2023,40030.09,Online Transfer
3695,275,20,8/3/2023,68155.6,Cash
3696,268,33,7/11/2023,47806.56,Cash
3697,119,18,4/4/2023,99331.26,Credit Card
3698,98,40,7/27/2023,61979.8,Cash
3699,1059,3,12/18/2023,97995.85,Cash
3700,185,5,10/19/2023,85188.76,Online Transfer
3701,1906,20,2/12/2024,78049.86,Credit Card
3702,2419,40,10/24/2023,85761.3,Credit Card
3703,2437,33,5/8/2023,40281.87,Credit Card
3704,1019,38,11/30/2023,56908.69,Online Transfer
3705,2096,25,10/21/2023,94616.86,Cash
3706,2240,16,7/25/2023,35536.5,Credit Card
3707,1623,21,3/10/2024,52644.73,Credit Card
3708,2192,15,5/19/2023,84920.15,Online Transfer
3709,1451,31,11/16/2023,92661.59,Credit Card
3710,1265,6,10/22/2023,31246.31,Credit Card
3711,467,28,3/12/2024,44198.88,Credit Card
3712,1089,18,8/20/2023,68090.96,Credit Card
3713,661,1,2/7/2024,97803.59,Credit Card
3714,739,34,4/27/2023,33436.34,Credit Card
3715,1924,36,7/7/2023,49114.7,Credit Card
3716,81,12,7/18/2023,42874.8,Credit Card
3717,1310,30,1/8/2024,57491.1,Credit Card
3718,1878,19,12/15/2023,83342.87,Online Transfer
3719,1605,39,9/8/2023,91026.67,Credit Card
3720,1950,32,9/27/2023,37514.82,Online Transfer
3721,1327,37,2/7/2024,42250.8,Credit Card
3722,2145,11,1/27/2024,36060.81,Online Transfer
3723,939,9,1/24/2024,75925.99,Online Transfer
3724,2172,4,6/6/2023,30165.64,Online Transfer
3725,2287,2,2/14/2024,89101.53,Cash
3726,167,23,7/4/2023,48994.17,Credit Card
3727,434,26,9/30/2023,64361.03,Credit Card
3728,117,3,10/4/2023,75292.7,Credit Card
3729,2218,35,12/22/2023,76237.83,Cash
3730,1160,27,5/11/2023,88400.2,Online Transfer
3731,601,29,6/3/2023,31045.02,Credit Card
3732,2069,24,8/9/2023,97966.34,Credit Card
3733,2209,14,7/14/2023,78597.63,Online Transfer
3734,794,10,3/2/2024,48886.41,Online Transfer
3735,1515,13,6/8/2023,70670.3,Online Transfer
3736,2023,22,9/13/2023,82357.66,Online Transfer
3737,1853,17,4/15/2023,50953.03,Credit Card
3738,1542,8,2/26/2024,43991.83,Credit Card
3739,2220,5,10/18/2023,43524.85,Credit Card
3740,2461,7,3/5/2024,83775.44,Credit Card
3741,118,2,5/18/2023,60269.74,Cash
3742,2397,35,2/24/2024,91567.3,Cash
3743,358,20,3/27/2023,33861.36,Credit Card
3744,476,38,5/21/2023,71462.13,Online Transfer
3745,513,15,2/8/2024,65933.47,Credit Card
3746,244,29,10/1/2023,41910.21,Online Transfer
3747,2202,25,2/23/2024,40065.73,Online Transfer
3748,849,28,7/1/2023,53399.82,Credit Card
3749,2182,30,6/30/2023,48008.63,Credit Card
3750,537,17,7/29/2023,83794.87,Online Transfer
3751,1807,39,12/25/2023,70641.19,Cash
3752,1121,16,4/18/2023,38553.49,Credit Card
3753,2004,27,8/23/2023,64003.92,Credit Card
3754,837,6,12/28/2023,80360.17,Online Transfer
3755,1375,8,2/17/2024,31982.04,Credit Card
3756,772,37,12/13/2023,54923.03,Online Transfer
3757,124,12,1/25/2024,97008.63,Online Transfer
3758,791,36,1/15/2024,74193.23,Credit Card
3759,683,1,10/13/2023,52994.71,Cash
3760,449,10,3/13/2024,82114.28,Credit Card
3761,1579,31,1/30/2024,56803.27,Online Transfer
3762,892,32,12/23/2023,90815.94,Credit Card
3763,1171,23,10/3/2023,77465.33,Online Transfer
3764,83,18,10/8/2023,89998.07,Credit Card
3765,1505,24,5/21/2023,80601.53,Online Transfer
3766,1538,3,1/15/2024,50108.61,Online Transfer
3767,1722,7,11/1/2023,41383.06,Cash
3768,1320,40,4/4/2023,95478.11,Credit Card
3769,265,26,7/24/2023,77744.47,Online Transfer
3770,734,4,9/15/2023,31760.59,Online Transfer
3771,2146,9,5/22/2023,91538.79,Credit Card
3772,59,33,2/7/2024,44768.6,Online Transfer
3773,1920,11,10/25/2023,72344.76,Credit Card
3774,2421,22,6/11/2023,90772.67,Online Transfer
3775,1311,5,11/17/2023,88073.4,Credit Card
3776,745,13,4/11/2023,99075.36,Online Transfer
3777,1907,19,1/13/2024,67677.87,Online Transfer
3778,1093,34,9/6/2023,98978.68,Credit Card
3779,2038,21,12/12/2023,41269.01,Credit Card
3780,1988,14,3/4/2024,62179.55,Online Transfer
3781,527,31,5/21/2023,47783.74,Online Transfer
3782,1948,40,12/1/2023,59581.98,Cash
3783,354,27,7/20/2023,63724.36,Online Transfer
3784,2403,33,5/3/2023,96746.55,Cash
3785,853,39,5/14/2023,49315.32,Credit Card
3786,1845,3,3/25/2023,53218.0,Credit Card
3787,593,5,7/20/2023,73859.11,Credit Card
3788,1051,17,2/26/2024,96923.86,Online Transfer
3789,181,19,1/26/2024,48727.23,Online Transfer
3790,2323,36,12/22/2023,35699.07,Credit Card
3791,312,24,2/10/2024,71485.06,Cash
3792,1666,26,1/26/2024,37787.0,Credit Card
3793,373,35,3/9/2024,51975.17,Cash
3794,1522,34,1/19/2024,73294.73,Credit Card
3795,443,16,4/14/2023,32012.92,Cash
3796,336,4,3/6/2024,39169.31,Cash
3797,854,13,10/21/2023,88382.05,Cash
3798,1319,11,10/10/2023,60567.65,Online Transfer
3799,360,18,4/24/2023,52331.22,Credit Card
3800,390,20,1/26/2024,67667.78,Credit Card
3801,1527,38,12/14/2023,36646.39,Credit Card
3802,1578,21,4/14/2023,39755.55,Online Transfer
3803,1539,8,12/15/2023,89539.24,Online Transfer
3804,811,34,5/3/2023,57315.33,Credit Card
3805,2486,6,3/18/2024,57656.05,Credit Card
3806,1450,7,3/25/2023,73495.75,Credit Card
3807,1011,9,7/20/2023,92173.88,Credit Card
3808,624,32,11/3/2023,92833.64,Online Transfer
3809,1777,25,11/3/2023,71995.59,Online Transfer
3810,1342,29,9/14/2023,65912.82,Credit Card
3811,848,16,10/27/2023,42181.12,Online Transfer
3812,1056,31,7/11/2023,75476.58,Online Transfer
3813,823,35,7/1/2023,86364.69,Credit Card
3814,2261,39,5/19/2023,59778.72,Credit Card
3815,1140,20,8/19/2023,92340.45,Cash
3816,2251,30,12/14/2023,52804.65,Credit Card
3817,1493,3,4/19/2023,46233.62,Online Transfer
3818,1890,1,8/24/2023,80142.98,Cash
3819,546,18,4/24/2023,96093.65,Credit Card
3820,1611,15,6/5/2023,34959.08,Credit Card
3821,385,13,4/20/2023,53562.58,Online Transfer
3822,834,33,12/19/2023,67714.0,Online Transfer
3823,472,23,11/6/2023,97695.43,Online Transfer
3824,2168,5,11/3/2023,58290.41,Cash
3825,2105,10,7/21/2023,42399.72,Credit Card
3826,1742,36,2/13/2024,74130.49,Online Transfer
3827,2329,24,4/13/2023,75085.2,Credit Card
3828,2441,28,9/18/2023,79527.96,Online Transfer
3829,663,40,10/6/2023,42049.6,Cash
3830,728,17,1/8/2024,90439.76,Credit Card
3831,909,11,1/20/2024,99602.33,Credit Card
3832,303,37,1/28/2024,86882.86,Cash
3833,1746,2,11/19/2023,69283.02,Online Transfer
3834,1078,26,3/22/2024,33129.76,Credit Card
3835,1769,14,4/4/2023,59518.21,Credit Card
3836,670,27,2/22/2024,84345.61,Credit Card
3837,1411,12,4/7/2023,46463.1,Credit Card
3838,534,22,8/21/2023,88857.4,Online Transfer
3839,473,19,3/9/2024,41693.09,Online Transfer
3840,1379,4,12/8/2023,37088.57,Credit Card
3841,764,38,3/28/2023,69274.49,Online Transfer
3842,2306,37,4/12/2023,79973.32,Online Transfer
3843,2195,21,2/26/2024,97772.7,Credit Card
3844,72,4,12/26/2023,74595.3,Online Transfer
3845,2330,18,12/25/2023,98977.4,Cash
3846,469,24,9/19/2023,42261.52,Credit Card
3847,1846,7,1/22/2024,74512.8,Cash
3848,326,8,1/11/2024,78818.94,Credit Card
3849,1553,22,7/15/2023,96923.29,Online Transfer
3850,1828,5,9/26/2023,84120.22,Online Transfer
3851,827,33,12/18/2023,45409.8,Credit Card
3852,12,36,11/14/2023,69293.6,Credit Card
3853,1369,23,4/14/2023,70556.38,Cash
3854,1007,40,2/23/2024,86413.57,Cash
3855,1994,35,4/10/2023,32790.41,Online Transfer
3856,1968,19,2/27/2024,96093.87,Credit Card
3857,1622,25,6/22/2023,50727.07,Cash
3858,746,26,6/29/2023,98463.73,Online Transfer
3859,2048,15,1/6/2024,51368.03,Online Transfer
3860,1646,12,12/22/2023,43361.49,Credit Card
3861,1618,11,11/8/2023,63490.6,Cash
3862,2090,2,9/29/2023,59996.97,Cash
3863,775,39,2/24/2024,81938.31,Credit Card
3864,743,1,6/6/2023,83474.24,Cash
3865,1604,6,10/12/2023,35679.35,Online Transfer
3866,1860,16,6/1/2023,50366.58,Cash
3867,528,10,8/18/2023,95443.53,Cash
3868,712,28,6/2/2023,33012.22,Credit Card
3869,571,30,4/14/2023,57717.19,Cash
3870,573,3,8/1/2023,51747.29,Online Transfer
3871,2393,9,11/9/2023,82416.81,Credit Card
3872,2049,38,1/18/2024,47422.04,Credit Card
3873,2126,13,1/4/2024,75836.98,Credit Card
3874,2068,20,4/8/2023,46392.07,Online Transfer
3875,2222,27,7/22/2023,31272.09,Credit Card
3876,1532,17,6/2/2023,79361.11,Credit Card
3877,2474,29,10/8/2023,64349.45,Online Transfer
3878,2333,32,5/3/2023,75075.3,Credit Card
3879,237,34,6/8/2023,80872.56,Credit Card
3880,1874,14,5/10/2023,33998.04,Credit Card
3881,1021,31,4/14/2023,94396.02,Credit Card
3882,797,8,1/1/2024,88692.71,Cash
3883,1634,22,7/3/2023,85197.51,Credit Card
3884,96,38,3/24/2023,96011.07,Credit Card
3885,264,30,6/4/2023,85928.1,Credit Card
3886,734,9,12/8/2023,41303.01,Online Transfer
3887,1485,16,8/9/2023,30972.66,Cash
3888,533,32,9/14/2023,68296.32,Online Transfer
3889,989,23,10/10/2023,51184.8,Credit Card
3890,1206,35,11/22/2023,73532.51,Online Transfer
3891,1351,17,3/31/2023,89291.13,Online Transfer
3892,1964,10,6/3/2023,72865.16,Credit Card
3893,150,14,5/22/2023,99425.18,Credit Card
3894,1461,24,1/31/2024,38556.47,Online Transfer
3895,11,2,5/2/2023,42128.97,Credit Card
3896,1855,1,11/19/2023,94167.57,Cash
3897,31,26,11/27/2023,54842.51,Credit Card
3898,2116,13,1/22/2024,72821.29,Credit Card
3899,413,12,1/16/2024,92453.17,Credit Card
3900,536,15,5/19/2023,40950.08,Credit Card
3901,2336,31,9/18/2023,92447.01,Online Transfer
3902,357,5,12/29/2023,98601.11,Online Transfer
3903,1623,3,5/25/2023,97364.12,Online Transfer
3904,330,20,7/10/2023,83628.23,Online Transfer
3905,319,11,3/6/2024,30361.95,Credit Card
3906,2101,28,12/21/2023,36452.33,Cash
3907,856,21,9/27/2023,78063.56,Online Transfer
3908,2067,37,1/16/2024,67420.31,Credit Card
3909,1458,19,4/22/2023,36396.73,Credit Card
3910,183,39,7/3/2023,68774.93,Credit Card
3911,2396,40,9/2/2023,77351.75,Credit Card
3912,721,18,7/3/2023,94700.49,Credit Card
3913,1801,36,9/17/2023,74539.54,Online Transfer
3914,136,34,12/3/2023,33529.89,Credit Card
3915,2361,6,4/2/2023,88118.73,Credit Card
3916,308,33,8/16/2023,53479.62,Credit Card
3917,1934,25,5/21/2023,77498.1,Credit Card
3918,2025,7,8/25/2023,41565.99,Online Transfer
3919,492,27,12/1/2023,43513.29,Cash
3920,318,29,8/24/2023,79468.89,Cash
3921,229,4,4/4/2023,52281.19,Online Transfer
3922,1798,27,10/21/2023,51648.79,Online Transfer
3923,1976,22,11/9/2023,88949.47,Online Transfer
3924,35,40,4/1/2023,40333.31,Credit Card
3925,1733,4,7/24/2023,55008.92,Online Transfer
3926,999,18,2/8/2024,97344.75,Online Transfer
3927,731,11,1/25/2024,38431.48,Cash
3928,2371,15,9/16/2023,67390.67,Online Transfer
3929,1576,24,2/22/2024,33730.69,Credit Card
3930,1109,1,11/9/2023,31376.75,Credit Card
3931,1840,2,11/22/2023,85686.19,Online Transfer
3932,1895,30,2/22/2024,83548.8,Credit Card
3933,1744,26,11/7/2023,62698.99,Credit Card
3934,2395,5,1/8/2024,67819.07,Credit Card
3935,754,23,12/24/2023,80777.06,Credit Card
3936,2171,13,2/18/2024,66764.76,Online Transfer
3937,2443,17,10/30/2023,49564.01,Online Transfer
3938,1382,25,4/6/2023,53499.58,Online Transfer
3939,2263,21,7/26/2023,42900.43,Online Transfer
3940,1565,9,7/28/2023,85970.15,Credit Card
3941,1510,32,12/3/2023,74094.37,Credit Card
3942,1676,36,4/19/2023,58218.45,Credit Card
3943,1556,7,3/31/2023,39667.78,Credit Card
3944,1927,6,8/24/2023,93561.57,Credit Card
3945,1675,38,9/10/2023,66891.16,Credit Card
3946,475,14,4/26/2023,73552.53,Cash
3947,658,35,12/1/2023,33424.73,Online Transfer
3948,608,31,6/25/2023,35475.47,Credit Card
3949,577,33,5/4/2023,61761.94,Online Transfer
3950,1965,3,6/17/2023,45598.03,Cash
3951,1848,39,2/29/2024,58044.49,Cash
3952,2211,12,5/9/2023,59555.24,Credit Card
3953,2331,16,11/19/2023,32658.88,Online Transfer
3954,1562,29,12/17/2023,34825.87,Online Transfer
3955,294,19,12/23/2023,90954.84,Credit Card
3956,401,20,10/13/2023,43270.5,Cash
3957,956,37,9/23/2023,80619.17,Online Transfer
3958,348,34,2/18/2024,44094.72,Credit Card
3959,309,10,10/30/2023,43509.79,Cash
3960,88,28,7/15/2023,98533.46,Cash
3961,255,8,6/28/2023,98580.83,Credit Card
3962,315,19,10/6/2023,33430.17,Credit Card
3963,439,26,4/23/2023,79394.46,Credit Card
3964,80,22,3/20/2024,72368.42,Online Transfer
3965,1004,18,7/14/2023,67575.85,Credit Card
3966,977,23,1/10/2024,48204.49,Online Transfer
3967,1966,25,11/14/2023,52331.04,Credit Card
3968,1822,35,3/19/2024,79132.24,Credit Card
3969,2392,14,6/21/2023,48789.73,Online Transfer
3970,1205,27,6/2/2023,88980.54,Online Transfer
3971,1670,7,3/30/2023,44842.27,Online Transfer
3972,15,1,8/20/2023,87320.19,Online Transfer
3973,448,15,7/15/2023,40369.38,Credit Card
3974,7,2,11/4/2023,59505.54,Credit Card
3975,1279,9,10/4/2023,67733.77,Online Transfer
3976,351,8,4/13/2023,89900.54,Credit Card
3977,625,6,2/1/2024,90483.16,Online Transfer
3978,2127,13,7/15/2023,70202.86,Cash
3979,939,28,12/25/2023,41970.37,Credit Card
3980,2307,40,9/29/2023,34560.1,Online Transfer
3981,107,21,11/18/2023,35650.26,Credit Card
3982,1292,24,9/8/2023,50361.0,Credit Card
3983,125,14,7/14/2023,82873.29,Credit Card
3984,472,18,1/25/2024,58450.87,Credit Card
3985,288,26,2/18/2024,57964.63,Credit Card
3986,1734,2,9/23/2023,85081.66,Cash
3987,893,11,5/31/2023,91181.37,Credit Card
3988,2092,37,2/1/2024,78410.32,Credit Card
3989,1489,30,7/10/2023,91630.2,Online Transfer
3990,1630,40,12/25/2023,95375.87,Online Transfer
3991,687,17,5/10/2023,98271.06,Online Transfer
3992,342,19,2/4/2024,85214.29,Cash
3993,1696,33,2/18/2024,94720.36,Credit Card
3994,2472,16,1/15/2024,84693.11,Online Transfer
3995,749,8,10/6/2023,90508.89,Credit Card
3996,2138,10,12/19/2023,33597.02,Credit Card
3997,686,20,2/1/2024,53372.83,Cash
3998,999,39,10/12/2023,78830.02,Online Transfer
3999,392,15,1/21/2024,51508.06,Online Transfer
4000,1605,38,8/2/2023,90070.53,Credit Card
4001,1753,24,4/15/2023,46712.2,Credit Card
4002,1386,21,9/16/2023,73778.54,Online Transfer
4003,2121,6,2/11/2024,41797.21,Online Transfer
4004,2413,22,10/15/2023,86885.36,Online Transfer
4005,1047,12,5/12/2023,89693.97,Credit Card
4006,1808,3,5/26/2023,78884.12,Credit Card
4007,825,27,6/13/2023,48730.33,Online Transfer
4008,1459,7,7/26/2023,76380.77,Cash
4009,1993,23,11/14/2023,85303.64,Credit Card
4010,874,36,4/13/2023,74916.5,Credit Card
4011,1552,5,6/16/2023,42750.32,Online Transfer
4012,505,1,10/3/2023,40879.62,Cash
4013,1295,28,7/26/2023,47337.05,Credit Card
4014,1001,32,4/15/2023,90760.85,Credit Card
4015,1945,9,8/10/2023,94305.97,Cash
4016,102,31,7/15/2023,32785.99,Credit Card
4017,2268,4,2/27/2024,81517.43,Online Transfer
4018,1823,29,8/14/2023,45943.42,Cash
4019,1017,34,7/21/2023,98884.68,Cash
4020,266,25,9/16/2023,70603.8,Credit Card
4021,456,13,5/28/2023,60218.72,Credit Card
4022,2310,35,5/21/2023,91425.59,Credit Card
4023,1360,24,3/18/2024,54106.56,Credit Card
4024,229,32,5/9/2023,40589.5,Online Transfer
4025,179,22,8/20/2023,86679.36,Credit Card
4026,417,29,4/10/2023,69994.31,Online Transfer
4027,2026,9,7/28/2023,71500.27,Online Transfer
4028,1015,34,2/10/2024,66702.79,Online Transfer
4029,2356,5,4/18/2023,89653.22,Credit Card
4030,2010,25,2/5/2024,39790.71,Online Transfer
4031,678,7,10/12/2023,38951.51,Credit Card
4032,1538,33,2/29/2024,88830.04,Credit Card
4033,1570,30,8/14/2023,71892.68,Online Transfer
4034,1715,12,5/14/2023,82388.25,Online Transfer
4035,820,21,2/8/2024,98721.95,Credit Card
4036,998,18,6/15/2023,50919.56,Credit Card
4037,401,16,8/16/2023,52287.92,Credit Card
4038,923,31,6/13/2023,67150.87,Online Transfer
4039,849,19,12/18/2023,65016.59,Cash
4040,253,4,3/7/2024,30522.22,Credit Card
4041,442,20,11/2/2023,82916.16,Online Transfer
4042,53,37,1/26/2024,82175.98,Cash
4043,581,10,12/18/2023,38360.11,Cash
4044,2260,28,12/19/2023,35232.53,Credit Card
4045,690,11,10/6/2023,32690.69,Credit Card
4046,1246,23,6/6/2023,53608.85,Online Transfer
4047,43,26,2/9/2024,92025.7,Credit Card
4048,891,27,2/6/2024,96024.5,Credit Card
4049,1637,2,1/20/2024,44311.04,Cash
4050,2200,36,8/11/2023,74022.07,Credit Card
4051,1037,8,1/11/2024,79873.0,Cash
4052,1921,13,2/7/2024,82794.78,Credit Card
4053,781,39,4/25/2023,99901.01,Online Transfer
4054,2021,40,4/8/2023,68156.73,Online Transfer
4055,2173,15,12/9/2023,99585.46,Credit Card
4056,160,3,2/7/2024,76534.98,Cash
4057,960,38,12/11/2023,43705.58,Credit Card
4058,1158,1,11/6/2023,55748.97,Online Transfer
4059,1966,35,4/2/2023,80540.73,Online Transfer
4060,1121,6,5/4/2023,52691.26,Online Transfer
4061,140,17,10/11/2023,60726.64,Cash
4062,79,14,2/12/2024,80926.87,Credit Card
4063,2039,21,6/26/2023,96318.96,Cash
4064,2378,9,5/30/2023,69555.1,Credit Card
4065,1090,24,5/19/2023,36299.92,Online Transfer
4066,1220,25,7/29/2023,64403.52,Credit Card
4067,697,11,5/11/2023,93850.3,Cash
4068,203,27,2/11/2024,84894.06,Credit Card
4069,585,20,6/7/2023,95976.17,Credit Card
4070,1125,22,2/27/2024,55156.03,Credit Card
4071,1804,15,10/3/2023,78350.35,Credit Card
4072,47,38,10/7/2023,31203.85,Online Transfer
4073,2426,17,11/25/2023,32148.65,Online Transfer
4074,599,32,1/13/2024,42267.32,Credit Card
4075,318,8,6/6/2023,99701.65,Online Transfer
4076,1324,12,7/7/2023,75607.22,Credit Card
4077,2034,28,7/16/2023,37267.48,Credit Card
4078,914,30,7/28/2023,60172.91,Online Transfer
4079,1937,2,7/19/2023,65388.77,Online Transfer
4080,954,39,2/10/2024,85743.56,Online Transfer
4081,227,16,11/13/2023,95778.25,Online Transfer
4082,2449,37,1/9/2024,72818.51,Online Transfer
4083,2022,13,1/22/2024,87356.47,Online Transfer
4084,152,33,1/31/2024,99784.6,Credit Card
4085,300,35,2/8/2024,58651.54,Online Transfer
4086,2346,7,6/30/2023,89371.54,Online Transfer
4087,1105,26,4/25/2023,30001.2,Online Transfer
4088,1956,34,1/8/2024,46344.22,Credit Card
4089,375,1,6/6/2023,75067.76,Credit Card
4090,1473,3,5/10/2023,46784.92,Online Transfer
4091,297,14,11/20/2023,31321.91,Online Transfer
4092,1408,40,10/25/2023,62622.8,Online Transfer
4093,2391,5,2/9/2024,71307.57,Credit Card
4094,2402,23,8/7/2023,32023.87,Credit Card
4095,529,29,7/26/2023,51554.66,Cash
4096,1838,10,3/4/2024,86213.0,Cash
4097,382,18,10/1/2023,51775.91,Credit Card
4098,187,6,6/11/2023,82848.83,Cash
4099,936,4,7/2/2023,59306.69,Credit Card
4100,1330,19,1/6/2024,82013.82,Online Transfer
4101,1283,31,8/2/2023,40714.4,Credit Card
4102,2385,36,10/11/2023,43588.74,Cash
4103,2342,8,1/29/2024,39081.59,Online Transfer
4104,1474,38,7/8/2023,54012.2,Online Transfer
4105,2405,7,4/14/2023,77880.52,Credit Card
4106,1607,21,6/8/2023,91385.53,Cash
4107,129,40,7/3/2023,61606.16,Credit Card
4108,2376,39,6/2/2023,39747.94,Online Transfer
4109,902,18,11/29/2023,97660.64,Credit Card
4110,899,4,10/22/2023,55049.44,Online Transfer
4111,178,34,6/4/2023,40521.4,Credit Card
4112,1846,20,5/14/2023,52007.58,Credit Card
4113,1004,36,9/24/2023,45161.14,Online Transfer
4114,1217,25,12/5/2023,69979.15,Online Transfer
4115,2433,30,12/1/2023,59941.57,Credit Card
4116,1893,17,8/7/2023,56550.58,Credit Card
4117,787,14,5/16/2023,73376.29,Cash
4118,2081,32,8/26/2023,98198.05,Credit Card
4119,634,22,3/17/2024,59570.49,Credit Card
4120,2089,15,5/7/2023,85926.71,Credit Card
4121,971,16,1/9/2024,80545.99,Online Transfer
4122,2001,26,9/3/2023,41155.66,Credit Card
4123,713,35,4/30/2023,34346.53,Online Transfer
4124,1287,10,6/1/2023,72248.68,Credit Card
4125,2255,5,7/5/2023,51096.2,Credit Card
4126,1951,6,8/29/2023,70440.94,Cash
4127,183,33,4/30/2023,37935.32,Credit Card
4128,589,12,1/29/2024,62337.59,Cash
4129,128,2,1/2/2024,36866.53,Online Transfer
4130,756,29,7/25/2023,50732.4,Online Transfer
4131,1436,19,9/15/2023,92626.99,Credit Card
4132,2359,24,9/11/2023,58580.07,Credit Card
4133,2067,23,2/9/2024,79155.0,Credit Card
4134,389,27,6/27/2023,56816.31,Credit Card
4135,2282,37,11/12/2023,46545.99,Online Transfer
4136,1117,13,2/13/2024,83101.69,Online Transfer
4137,1703,28,1/6/2024,55194.34,Online Transfer
4138,1331,9,5/3/2023,62532.4,Cash
4139,1454,31,6/14/2023,79118.61,Credit Card
4140,824,11,7/29/2023,86005.85,Credit Card
4141,675,3,11/21/2023,89865.13,Online Transfer
4142,724,1,3/28/2023,37982.41,Credit Card
4143,2322,30,5/5/2023,79239.92,Credit Card
4144,1165,2,3/30/2023,69730.67,Credit Card
4145,830,6,9/24/2023,92739.1,Credit Card
4146,797,1,11/12/2023,68780.47,Credit Card
4147,560,28,10/1/2023,47656.49,Online Transfer
4148,742,20,7/27/2023,35504.47,Credit Card
4149,795,7,1/14/2024,98036.78,Credit Card
4150,351,18,12/5/2023,80066.41,Cash
4151,555,21,8/13/2023,67079.22,Credit Card
4152,1801,22,11/3/2023,45755.08,Online Transfer
4153,972,26,12/15/2023,79176.67,Online Transfer
4154,1958,33,9/12/2023,30614.05,Cash
4155,214,4,6/30/2023,59729.75,Credit Card
4156,1929,5,10/22/2023,45700.68,Online Transfer
4157,1884,8,1/3/2024,81494.45,Credit Card
4158,1721,17,2/9/2024,89706.21,Online Transfer
4159,2455,40,7/22/2023,63736.03,Credit Card
4160,709,34,8/25/2023,45452.1,Cash
4161,571,15,4/23/2023,85072.77,Online Transfer
4162,670,36,9/3/2023,32844.65,Online Transfer
4163,273,9,6/12/2023,42264.59,Credit Card
4164,2145,32,9/25/2023,40783.77,Cash
4165,253,22,6/17/2023,97940.82,Cash
4166,163,30,2/18/2024,40732.2,Credit Card
4167,751,26,7/17/2023,34660.15,Credit Card
4168,1065,12,11/15/2023,80333.28,Credit Card
4169,1873,4,7/22/2023,41260.42,Credit Card
4170,224,20,8/19/2023,78369.38,Online Transfer
4171,2179,10,4/9/2023,74557.99,Credit Card
4172,622,35,10/5/2023,63266.18,Credit Card
4173,2011,15,4/21/2023,61608.5,Credit Card
4174,1263,1,12/6/2023,79975.16,Online Transfer
4175,386,7,5/12/2023,59396.98,Credit Card
4176,796,3,6/19/2023,43201.77,Online Transfer
4177,489,18,8/15/2023,87368.63,Online Transfer
4178,1855,39,9/13/2023,98319.18,Online Transfer
4179,778,2,10/14/2023,69313.16,Credit Card
4180,2438,36,10/13/2023,92881.46,Online Transfer
4181,557,28,10/12/2023,61814.63,Cash
4182,958,21,12/29/2023,79652.27,Credit Card
4183,705,24,8/28/2023,32295.64,Online Transfer
4184,88,37,10/8/2023,94824.48,Credit Card
4185,1663,40,6/20/2023,63082.22,Online Transfer
4186,1206,14,9/29/2023,69821.24,Online Transfer
4187,1826,5,5/23/2023,79355.91,Credit Card
4188,175,17,3/14/2024,59983.82,Credit Card
4189,148,13,11/17/2023,66390.18,Credit Card
4190,1449,9,12/21/2023,91358.95,Online Transfer
4191,278,8,3/17/2024,88169.2,Credit Card
4192,1614,16,6/23/2023,64989.99,Online Transfer
4193,577,27,1/23/2024,77185.21,Credit Card
4194,2174,25,12/27/2023,66442.19,Credit Card
4195,1052,33,7/18/2023,43373.71,Cash
4196,1163,19,11/5/2023,75581.36,Credit Card
4197,2013,31,8/15/2023,60291.21,Online Transfer
4198,1145,29,5/26/2023,81448.16,Cash
4199,1595,11,6/5/2023,36286.28,Credit Card
4200,2401,6,8/16/2023,71759.28,Credit Card
4201,1035,34,12/2/2023,42962.39,Credit Card
4202,2107,38,9/28/2023,56809.36,Online Transfer
4203,1436,23,4/19/2023,81223.14,Credit Card
4204,108,27,1/13/2024,52725.46,Credit Card
4205,143,26,3/7/2024,81007.27,Online Transfer
4206,2417,25,4/25/2023,86111.13,Credit Card
4207,1554,1,1/1/2024,75313.67,Credit Card
4208,1557,37,3/10/2024,49792.91,Online Transfer
4209,1437,7,12/31/2023,95873.14,Credit Card
4210,673,36,3/6/2024,52935.06,Cash
4211,1493,19,10/29/2023,51377.25,Online Transfer
4212,838,15,5/9/2023,95688.5,Online Transfer
4213,920,23,2/13/2024,96370.35,Cash
4214,1461,5,3/15/2024,78211.67,Online Transfer
4215,1838,16,7/14/2023,95496.15,Credit Card
4216,1934,10,8/29/2023,76722.34,Credit Card
4217,2010,20,10/17/2023,59977.11,Online Transfer
4218,212,31,2/10/2024,73269.38,Credit Card
4219,1290,38,1/11/2024,69813.23,Cash
4220,2155,39,1/24/2024,86822.34,Online Transfer
4221,7,3,2/2/2024,42332.67,Online Transfer
4222,799,6,6/28/2023,78679.95,Online Transfer
4223,295,9,2/6/2024,61453.68,Credit Card
4224,1604,30,4/16/2023,72585.95,Credit Card
4225,627,21,5/31/2023,68210.95,Credit Card
4226,2322,17,9/29/2023,62665.31,Cash
4227,473,4,11/29/2023,51240.31,Cash
4228,1734,24,1/5/2024,52776.39,Credit Card
4229,834,32,9/23/2023,68943.35,Credit Card
4230,1578,40,7/25/2023,77567.31,Credit Card
4231,1566,14,10/12/2023,45927.21,Online Transfer
4232,300,33,11/5/2023,51161.85,Online Transfer
4233,1900,13,9/21/2023,97406.15,Credit Card
4234,2286,35,4/9/2023,39827.25,Online Transfer
4235,541,2,4/29/2023,37955.05,Cash
4236,2296,34,7/18/2023,46776.03,Cash
4237,2239,22,7/29/2023,93328.01,Cash
4238,236,8,2/6/2024,93637.59,Credit Card
4239,2148,29,10/16/2023,53488.11,Credit Card
4240,1871,28,8/8/2023,30407.01,Online Transfer
4241,978,18,1/25/2024,54528.37,Online Transfer
4242,378,11,8/3/2023,70271.32,Credit Card
4243,46,12,9/7/2023,52165.9,Credit Card
4244,885,15,5/26/2023,53250.82,Credit Card
4245,749,2,4/4/2023,58598.92,Credit Card
4246,1399,6,12/1/2023,76062.99,Online Transfer
4247,2368,13,7/25/2023,37251.52,Credit Card
4248,1822,16,10/28/2023,90297.51,Credit Card
4249,872,8,1/18/2024,58167.24,Online Transfer
4250,550,22,9/19/2023,82737.78,Credit Card
4251,2369,11,9/14/2023,37074.44,Credit Card
4252,1920,32,3/27/2023,74522.85,Credit Card
4253,1106,21,7/6/2023,36586.09,Credit Card
4254,1970,26,10/12/2023,70900.8,Credit Card
4255,945,24,7/27/2023,45973.53,Online Transfer
4256,1892,5,1/23/2024,78584.01,Online Transfer
4257,2362,18,11/19/2023,86272.45,Online Transfer
4258,1107,34,5/3/2023,61073.73,Credit Card
4259,1231,30,1/17/2024,64419.14,Online Transfer
4260,2442,12,12/22/2023,96206.55,Credit Card
4261,1532,31,5/12/2023,57662.41,Credit Card
4262,34,39,3/25/2023,39060.59,Credit Card
4263,2261,23,7/28/2023,40515.62,Online Transfer
4264,1061,25,11/7/2023,77663.67,Credit Card
4265,975,33,12/15/2023,43580.29,Credit Card
4266,456,4,8/27/2023,45176.48,Credit Card
4267,1123,35,6/18/2023,90674.5,Credit Card
4268,61,36,6/30/2023,52203.91,Credit Card
4269,79,38,1/1/2024,84898.12,Cash
4270,1762,29,11/6/2023,85050.0,Credit Card
4271,1002,19,5/26/2023,86952.83,Credit Card
4272,111,17,8/31/2023,34515.88,Online Transfer
4273,1135,3,7/14/2023,80625.91,Credit Card
4274,2085,20,3/10/2024,58266.62,Cash
4275,529,28,1/30/2024,91990.16,Online Transfer
4276,841,40,7/14/2023,82278.43,Credit Card
4277,232,14,4/14/2023,53556.01,Online Transfer
4278,379,10,1/28/2024,99023.38,Credit Card
4279,467,1,11/7/2023,89211.7,Online Transfer
4280,137,9,6/19/2023,68721.62,Cash
4281,2454,37,12/28/2023,36660.59,Online Transfer
4282,1925,27,6/15/2023,33779.61,Credit Card
4283,222,7,7/13/2023,76495.39,Online Transfer
4284,1555,1,6/11/2023,42993.21,Credit Card
4285,626,32,9/3/2023,97989.41,Credit Card
4286,1019,7,12/22/2023,80091.22,Cash
4287,1942,22,1/5/2024,75047.77,Online Transfer
4288,1373,8,5/5/2023,36295.65,Credit Card
4289,1271,25,3/30/2023,63743.54,Cash
4290,407,37,11/10/2023,51915.49,Credit Card
4291,1508,16,12/13/2023,48809.75,Credit Card
4292,1278,24,2/24/2024,61332.44,Online Transfer
4293,498,18,8/4/2023,98873.35,Cash
4294,918,40,9/22/2023,67803.31,Online Transfer
4295,1321,26,10/12/2023,46668.58,Online Transfer
4296,2310,27,9/1/2023,76130.01,Credit Card
4297,927,39,3/18/2024,65980.48,Credit Card
4298,488,9,1/20/2024,56484.15,Credit Card
4299,170,23,11/27/2023,31891.5,Online Transfer
4300,1285,29,8/7/2023,88414.06,Online Transfer
4301,2329,3,9/16/2023,82943.73,Credit Card
4302,2128,33,10/7/2023,61405.35,Online Transfer
4303,2020,28,11/4/2023,34649.03,Credit Card
4304,1181,31,3/17/2024,82864.69,Credit Card
4305,1364,2,7/20/2023,34260.12,Cash
4306,879,12,10/9/2023,92845.08,Credit Card
4307,317,17,6/7/2023,39391.5,Credit Card
4308,651,21,3/10/2024,30667.2,Online Transfer
4309,1996,34,9/27/2023,67175.1,Credit Card
4310,1637,36,5/26/2023,65106.99,Credit Card
4311,910,19,6/25/2023,74717.19,Credit Card
4312,1779,10,8/26/2023,34095.71,Cash
4313,1072,20,9/9/2023,74804.34,Cash
4314,152,14,6/26/2023,85179.81,Online Transfer
4315,2224,13,4/14/2023,42704.52,Online Transfer
4316,1221,30,4/13/2023,61172.51,Credit Card
4317,507,6,7/13/2023,94919.98,Credit Card
4318,1782,11,10/12/2023,79111.27,Online Transfer
4319,849,4,1/19/2024,74482.23,Credit Card
4320,1326,15,12/2/2023,39343.35,Credit Card
4321,2172,5,3/25/2023,85107.35,Cash
4322,646,35,10/21/2023,82863.3,Online Transfer
4323,1195,38,3/14/2024,71818.02,Credit Card
4324,1152,37,10/4/2023,73367.25,Online Transfer
4325,696,39,7/15/2023,68762.31,Online Transfer
4326,2001,29,5/7/2023,43017.82,Credit Card
4327,1953,5,5/25/2023,71961.72,Cash
4328,1724,3,12/21/2023,78398.75,Online Transfer
4329,526,16,3/12/2024,40815.03,Credit Card
4330,1638,9,8/20/2023,33800.81,Credit Card
4331,1876,12,12/28/2023,42375.62,Credit Card
4332,798,19,11/1/2023,54525.83,Credit Card
4333,2290,24,8/10/2023,73779.96,Cash
4334,1805,2,9/23/2023,96583.21,Online Transfer
4335,1402,28,2/15/2024,65172.27,Credit Card
4336,2474,27,2/13/2024,54075.28,Credit Card
4337,2222,14,10/5/2023,84977.02,Credit Card
4338,1523,13,2/6/2024,60204.05,Credit Card
4339,1415,17,1/19/2024,77241.73,Online Transfer
4340,2061,40,9/8/2023,50285.77,Online Transfer
4341,1177,23,4/11/2023,98709.26,Online Transfer
4342,813,7,3/31/2023,49683.64,Cash
4343,1454,6,11/29/2023,49248.91,Credit Card
4344,905,36,2/24/2024,31417.41,Online Transfer
4345,225,9,8/9/2023,55662.32,Online Transfer
4346,593,16,11/5/2023,58147.63,Credit Card
4347,2428,21,11/28/2023,43108.1,Credit Card
4348,1349,24,1/31/2024,51307.33,Credit Card
4349,1863,15,4/8/2023,56358.5,Online Transfer
4350,2480,5,4/21/2023,79711.27,Online Transfer
4351,1038,8,10/23/2023,48565.43,Credit Card
4352,913,25,6/24/2023,71302.51,Online Transfer
4353,591,37,8/24/2023,65476.89,Cash
4354,1394,11,6/16/2023,45312.47,Credit Card
4355,1386,7,11/2/2023,84695.63,Credit Card
4356,569,26,4/2/2023,59895.73,Online Transfer
4357,2329,22,3/21/2024,63106.01,Online Transfer
4358,2454,17,4/20/2023,46343.8,Online Transfer
4359,2341,34,1/14/2024,85854.88,Online Transfer
4360,86,30,10/8/2023,48436.66,Credit Card
4361,2081,28,8/13/2023,59684.96,Credit Card
4362,2148,27,9/13/2023,72689.49,Credit Card
4363,1284,19,9/13/2023,48074.92,Credit Card
4364,1865,10,5/31/2023,88731.81,Online Transfer
4365,226,14,4/4/2023,84844.18,Credit Card
4366,1035,36,10/4/2023,57645.88,Credit Card
4367,1657,12,3/14/2024,52434.08,Online Transfer
4368,809,23,2/12/2024,36164.42,Credit Card
4369,442,40,9/23/2023,96009.13,Credit Card
4370,1288,33,1/13/2024,69175.66,Online Transfer
4371,2323,4,4/16/2023,76352.49,Cash
4372,2209,6,6/23/2023,85725.04,Online Transfer
4373,2247,13,12/21/2023,71256.69,Credit Card
4374,718,1,1/6/2024,94913.82,Credit Card
4375,343,31,7/25/2023,72162.05,Online Transfer
4376,1511,3,6/23/2023,73628.05,Credit Card
4377,684,2,5/11/2023,86162.87,Credit Card
4378,211,18,5/15/2023,54089.25,Online Transfer
4379,109,39,1/25/2024,96914.39,Credit Card
4380,2190,38,6/1/2023,61761.01,Online Transfer
4381,360,35,5/14/2023,63910.48,Credit Card
4382,1558,32,3/12/2024,49269.87,Credit Card
4383,1004,29,4/28/2023,45205.51,Online Transfer
4384,2189,20,10/31/2023,84637.63,Cash
4385,396,29,7/6/2023,53835.86,Online Transfer
4386,2469,23,1/9/2024,64921.65,Online Transfer
4387,1428,28,7/17/2023,47824.34,Cash
4388,141,11,2/22/2024,95822.03,Online Transfer
4389,436,25,8/22/2023,38741.63,Cash
4390,1586,21,3/1/2024,87216.5,Credit Card
4391,1128,20,6/12/2023,40554.77,Credit Card
4392,224,18,2/27/2024,32889.14,Cash
4393,194,36,3/13/2024,44222.41,Cash
4394,838,30,11/7/2023,91664.24,Credit Card
4395,1028,4,4/10/2023,94241.0,Credit Card
4396,382,32,3/30/2023,49983.4,Online Transfer
4397,2009,33,1/8/2024,65770.9,Online Transfer
4398,2340,22,3/29/2023,48122.3,Credit Card
4399,468,2,7/6/2023,44287.03,Cash
4400,1059,37,12/23/2023,90296.45,Credit Card
4401,1275,24,10/13/2023,35189.08,Credit Card
4402,2150,12,9/18/2023,52735.04,Credit Card
4403,745,5,11/6/2023,84480.97,Online Transfer
4404,547,6,1/25/2024,54024.91,Credit Card
4405,784,7,11/3/2023,77013.85,Online Transfer
4406,146,16,6/7/2023,86394.7,Credit Card
4407,611,34,4/17/2023,59914.24,Credit Card
4408,174,19,10/31/2023,77832.59,Online Transfer
4409,2362,10,5/10/2023,89645.53,Credit Card
4410,492,31,10/23/2023,75641.44,Cash
4411,1297,1,4/1/2023,48456.67,Online Transfer
4412,2,15,9/26/2023,82536.37,Online Transfer
4413,1110,13,2/29/2024,77657.63,Online Transfer
4414,2071,26,4/16/2023,99332.11,Cash
4415,1307,8,10/13/2023,36713.92,Credit Card
4416,2404,35,11/14/2023,42278.39,Credit Card
4417,2405,3,4/24/2023,31267.5,Credit Card
4418,1762,9,1/29/2024,90094.51,Online Transfer
4419,392,17,7/24/2023,79157.31,Credit Card
4420,145,38,8/9/2023,81311.19,Cash
4421,924,40,11/19/2023,33128.53,Credit Card
4422,261,39,6/23/2023,37359.7,Online Transfer
4423,1782,27,10/29/2023,53843.5,Online Transfer
4424,1983,14,1/28/2024,69682.27,Credit Card
4425,1644,14,11/8/2023,98584.94,Credit Card
4426,264,40,3/24/2023,45960.34,Cash
4427,577,1,4/12/2023,75506.12,Credit Card
4428,1045,36,10/11/2023,43546.28,Online Transfer
4429,565,21,2/29/2024,51820.85,Online Transfer
4430,1512,19,12/16/2023,59405.59,Credit Card
4431,166,34,11/14/2023,58060.45,Credit Card
4432,2023,16,5/12/2023,33533.68,Online Transfer
4433,4,27,3/26/2023,33996.15,Credit Card
4434,1752,13,11/25/2023,65277.5,Credit Card
4435,539,28,5/2/2023,42529.66,Credit Card
4436,1114,17,10/16/2023,95183.06,Credit Card
4437,1476,33,12/13/2023,34072.87,Credit Card
4438,1301,37,7/22/2023,60117.16,Credit Card
4439,1258,7,8/17/2023,92657.54,Online Transfer
4440,1484,20,8/21/2023,63937.98,Online Transfer
4441,102,2,8/21/2023,69937.89,Cash
4442,2068,39,6/25/2023,94674.26,Credit Card
4443,1643,22,11/3/2023,95416.75,Online Transfer
4444,2249,38,1/27/2024,85345.64,Credit Card
4445,486,11,1/23/2024,77619.24,Online Transfer
4446,438,10,4/10/2023,51109.88,Online Transfer
4447,1731,9,8/4/2023,66623.93,Credit Card
4448,927,18,6/9/2023,41562.84,Credit Card
4449,966,23,11/19/2023,98494.4,Credit Card
4450,2261,12,4/17/2023,67507.76,Credit Card
4451,497,4,4/11/2023,64321.76,Online Transfer
4452,1831,8,12/14/2023,31019.46,Credit Card
4453,303,5,1/5/2024,42027.63,Online Transfer
4454,18,30,12/1/2023,67658.67,Online Transfer
4455,1134,29,4/9/2023,38160.23,Credit Card
4456,1495,32,12/14/2023,59008.1,Credit Card
4457,2391,26,5/8/2023,45619.49,Credit Card
4458,752,15,11/18/2023,97427.81,Cash
4459,581,3,11/25/2023,89436.45,Online Transfer
4460,1093,35,8/28/2023,63989.26,Online Transfer
4461,1654,24,7/26/2023,40428.1,Credit Card
4462,1345,6,1/21/2024,99210.44,Credit Card
4463,875,31,12/31/2023,47023.6,Credit Card
4464,767,25,6/14/2023,63373.17,Credit Card
4465,1916,12,4/16/2023,76061.31,Online Transfer
4466,1789,24,9/2/2023,42614.19,Cash
4467,2073,2,7/19/2023,82930.21,Credit Card
4468,181,18,9/2/2023,91970.74,Credit Card
4469,2157,10,1/12/2024,30564.31,Cash
4470,937,20,7/19/2023,97244.84,Credit Card
4471,46,5,10/24/2023,67853.86,Credit Card
4472,1232,21,7/13/2023,59413.4,Online Transfer
4473,1595,30,6/29/2023,33124.32,Cash
4474,1060,29,11/26/2023,89652.16,Online Transfer
4475,2448,23,6/11/2023,85764.65,Credit Card
4476,412,40,11/18/2023,55705.49,Credit Card
4477,802,7,11/26/2023,34384.36,Cash
4478,2441,14,9/17/2023,42819.61,Online Transfer
4479,906,36,4/25/2023,53811.96,Cash
4480,1897,11,5/12/2023,95341.73,Online Transfer
4481,798,32,5/24/2023,38318.91,Online Transfer
4482,1635,1,1/28/2024,96393.73,Credit Card
4483,159,39,12/18/2023,62465.39,Online Transfer
4484,2475,22,3/29/2023,93006.1,Online Transfer
4485,373,31,3/15/2024,37299.85,Online Transfer
4486,1081,16,12/15/2023,99284.79,Online Transfer
4487,2409,34,12/3/2023,69067.97,Credit Card
4488,550,15,10/29/2023,77337.0,Cash
4489,2250,26,1/19/2024,84515.67,Credit Card
4490,2058,37,11/10/2023,88452.93,Credit Card
4491,2493,19,10/12/2023,97986.54,Credit Card
4492,586,35,3/23/2023,72003.28,Online Transfer
4493,1119,27,5/10/2023,35262.15,Online Transfer
4494,1900,4,9/27/2023,47020.33,Credit Card
4495,354,33,7/31/2023,88395.32,Credit Card
4496,1087,6,7/10/2023,84776.96,Online Transfer
4497,2307,17,12/10/2023,94966.85,Online Transfer
4498,1909,8,6/9/2023,67627.8,Online Transfer
4499,348,13,11/12/2023,54250.32,Credit Card
4500,2147,3,7/26/2023,72119.54,Cash
4501,1341,25,10/23/2023,40284.86,Credit Card
4502,1181,9,6/2/2023,42763.11,Credit Card
4503,2368,38,10/16/2023,42031.5,Cash
4504,1840,28,3/16/2024,73183.21,Cash
4505,2411,13,8/18/2023,96299.33,Credit Card
4506,1870,34,6/11/2023,88325.84,Cash
4507,1920,1,4/5/2023,67922.98,Cash
4508,508,12,4/8/2023,39000.33,Credit Card
4509,2385,24,4/14/2023,46674.47,Cash
4510,2443,3,3/29/2023,89579.48,Credit Card
4511,1858,9,12/22/2023,61954.5,Online Transfer
4512,1109,6,8/22/2023,63913.81,Cash
4513,1533,11,3/9/2024,82405.5,Credit Card
4514,1854,8,12/13/2023,33688.86,Credit Card
4515,1178,2,12/30/2023,62784.88,Credit Card
4516,2178,35,8/28/2023,95647.27,Cash
4517,1187,28,8/30/2023,87688.5,Online Transfer
4518,618,33,6/21/2023,38036.8,Credit Card
4519,656,30,8/9/2023,66482.16,Online Transfer
4520,2020,10,5/19/2023,55290.52,Online Transfer
4521,1926,16,10/3/2023,65694.83,Credit Card
4522,1546,37,9/4/2023,44855.01,Cash
4523,2352,21,7/17/2023,86906.53,Online Transfer
4524,1963,18,2/25/2024,38482.94,Online Transfer
4525,706,26,11/14/2023,71670.18,Online Transfer
4526,495,17,5/4/2023,77041.37,Credit Card
4527,249,24,1/9/2024,72481.72,Credit Card
4528,903,28,12/14/2023,96861.02,Credit Card
4529,1309,38,10/5/2023,54484.78,Online Transfer
4530,1947,30,5/10/2023,38842.57,Cash
4531,1725,31,10/8/2023,30429.9,Credit Card
4532,546,32,10/1/2023,88529.91,Credit Card
4533,1829,2,4/4/2023,69534.4,Cash
4534,2139,20,9/15/2023,48322.86,Cash
4535,1996,40,2/24/2024,48072.1,Credit Card
4536,1562,19,12/16/2023,61540.04,Online Transfer
4537,1356,6,7/20/2023,75265.73,Credit Card
4538,1639,12,12/2/2023,71916.83,Credit Card
4539,1764,5,3/21/2024,86116.66,Credit Card
4540,979,27,8/27/2023,65848.45,Credit Card
4541,1971,35,7/20/2023,64368.71,Online Transfer
4542,802,25,9/3/2023,79274.5,Online Transfer
4543,582,11,9/7/2023,78017.89,Credit Card
4544,879,23,5/2/2023,50206.7,Credit Card
4545,460,8,9/5/2023,36580.03,Credit Card
4546,1221,14,1/5/2024,36476.49,Online Transfer
4547,515,26,8/19/2023,41098.5,Credit Card
4548,88,21,8/3/2023,38271.57,Online Transfer
4549,876,36,10/19/2023,81725.96,Online Transfer
4550,2450,7,3/23/2023,78924.45,Credit Card
4551,1577,9,1/14/2024,53959.32,Credit Card
4552,1678,37,10/2/2023,76165.98,Cash
4553,711,4,6/16/2023,85580.04,Credit Card
4554,2025,39,2/10/2024,81456.5,Credit Card
4555,1392,16,4/14/2023,33760.92,Online Transfer
4556,207,33,9/28/2023,73605.76,Credit Card
4557,1644,34,1/28/2024,85233.44,Online Transfer
4558,44,13,11/7/2023,47708.55,Cash
4559,2026,22,7/11/2023,47797.51,Credit Card
4560,1825,29,7/28/2023,41324.57,Cash
4561,1620,10,1/7/2024,96500.66,Credit Card
4562,1806,1,5/10/2023,50616.12,Online Transfer
4563,1528,15,4/8/2023,74954.93,Credit Card
4564,1244,3,10/13/2023,51415.46,Credit Card
4565,555,18,11/3/2023,82292.24,Cash
4566,1733,37,10/11/2023,61882.03,Online Transfer
4567,541,10,12/7/2023,72599.81,Cash
4568,897,7,2/3/2024,36886.86,Credit Card
4569,1190,6,7/8/2023,32213.11,Credit Card
4570,1956,34,5/17/2023,72068.38,Credit Card
4571,1115,26,10/7/2023,75633.92,Credit Card
4572,507,17,3/4/2024,32070.67,Cash
4573,138,38,3/26/2023,98344.93,Credit Card
4574,104,8,6/26/2023,93759.26,Credit Card
4575,39,14,9/1/2023,87890.64,Online Transfer
4576,283,28,2/23/2024,36861.45,Credit Card
4577,1487,4,6/18/2023,99147.43,Cash
4578,2454,33,3/31/2023,38251.86,Credit Card
4579,1400,35,9/9/2023,91347.12,Credit Card
4580,2162,18,10/31/2023,34435.78,Credit Card
4581,2287,5,12/5/2023,57092.0,Online Transfer
4582,1358,15,9/11/2023,31040.92,Cash
4583,349,16,3/10/2024,90369.09,Credit Card
4584,1872,20,1/23/2024,54637.19,Cash
4585,887,2,3/7/2024,61492.47,Online Transfer
4586,467,23,7/4/2023,41761.01,Credit Card
4587,1509,11,7/3/2023,74522.75,Online Transfer
4588,1847,3,7/26/2023,57302.91,Cash
4589,2258,36,12/24/2023,51374.32,Online Transfer
4590,2073,39,7/12/2023,97522.98,Credit Card
4591,649,1,8/26/2023,94121.57,Online Transfer
4592,36,24,4/17/2023,79731.97,Credit Card
4593,375,29,3/9/2024,91466.63,Credit Card
4594,272,31,10/20/2023,60061.18,Online Transfer
4595,1559,30,7/9/2023,66191.76,Credit Card
4596,2388,22,6/20/2023,68884.18,Credit Card
4597,1916,13,10/18/2023,50403.8,Online Transfer
4598,2267,27,4/24/2023,70983.95,Credit Card
4599,712,32,3/16/2024,43687.24,Credit Card
4600,1695,21,5/14/2023,97037.97,Credit Card
4601,1901,19,7/23/2023,73129.42,Online Transfer
4602,2494,12,2/9/2024,99707.34,Credit Card
4603,1563,9,12/15/2023,64333.86,Credit Card
4604,2208,25,6/9/2023,99828.7,Online Transfer
4605,629,40,11/9/2023,74979.74,Credit Card
4606,2399,21,1/17/2024,60881.16,Credit Card
4607,598,23,3/30/2023,47029.39,Online Transfer
4608,850,32,9/11/2023,46157.34,Cash
4609,2307,14,12/28/2023,49086.1,Online Transfer
4610,2356,3,5/24/2023,88602.54,Online Transfer
4611,675,13,11/22/2023,98090.84,Online Transfer
4612,372,9,9/14/2023,47557.58,Credit Card
4613,1447,26,9/14/2023,85908.06,Online Transfer
4614,189,19,4/20/2023,93144.64,Credit Card
4615,1086,39,6/6/2023,33469.75,Cash
4616,667,38,3/11/2024,39560.81,Online Transfer
4617,2424,12,6/3/2023,96199.35,Credit Card
4618,1844,22,1/29/2024,75118.51,Cash
4619,948,36,4/21/2023,51789.91,Credit Card
4620,1446,37,11/27/2023,47566.75,Credit Card
4621,223,10,5/8/2023,69754.12,Cash
4622,1968,24,1/29/2024,30452.72,Credit Card
4623,2465,18,12/11/2023,36451.01,Online Transfer
4624,1436,6,10/8/2023,90834.0,Credit Card
4625,1763,25,10/22/2023,58033.46,Credit Card
4626,947,7,2/9/2024,82356.34,Credit Card
4627,296,33,9/18/2023,80969.9,Credit Card
4628,774,11,1/19/2024,68486.13,Online Transfer
4629,430,16,6/25/2023,46331.14,Credit Card
4630,1464,15,9/1/2023,77485.53,Cash
4631,1978,31,11/26/2023,66923.82,Cash
4632,2014,34,9/25/2023,52747.27,Credit Card
4633,588,40,7/6/2023,76097.87,Credit Card
4634,1913,8,10/18/2023,36033.06,Cash
4635,1507,27,5/28/2023,56118.97,Credit Card
4636,744,30,5/15/2023,31853.91,Online Transfer
4637,1557,4,3/29/2023,61804.77,Cash
4638,2228,35,1/27/2024,98540.06,Online Transfer
4639,1583,20,12/15/2023,81870.27,Credit Card
4640,2363,17,6/10/2023,87725.35,Credit Card
4641,1513,5,1/31/2024,48538.65,Credit Card
4642,691,1,9/18/2023,84127.31,Cash
4643,415,2,10/2/2023,83840.92,Credit Card
4644,2172,28,10/25/2023,98982.04,Credit Card
4645,900,29,7/23/2023,97610.11,Cash
4646,2296,37,12/21/2023,44135.02,Credit Card
4647,940,36,8/20/2023,59170.58,Cash
4648,677,17,1/20/2024,38650.72,Credit Card
4649,1387,13,11/5/2023,45338.14,Online Transfer
4650,1152,38,11/30/2023,30439.45,Online Transfer
4651,2039,19,10/30/2023,68401.83,Credit Card
4652,2395,14,10/2/2023,97867.13,Credit Card
4653,1297,4,10/28/2023,59865.59,Cash
4654,2322,29,10/20/2023,73322.08,Online Transfer
4655,1103,28,4/26/2023,51526.98,Online Transfer
4656,1463,7,4/10/2023,88270.08,Credit Card
4657,2441,8,6/21/2023,77104.26,Cash
4658,1856,3,8/12/2023,58188.31,Credit Card
4659,1920,20,2/1/2024,96039.71,Credit Card
4660,1650,34,10/10/2023,72816.2,Credit Card
4661,2323,11,12/21/2023,70874.92,Credit Card
4662,4,9,4/29/2023,54045.02,Cash
4663,143,2,11/5/2023,54859.76,Online Transfer
4664,1732,12,11/27/2023,85675.6,Online Transfer
4665,3,40,8/17/2023,99122.23,Credit Card
4666,1602,31,10/18/2023,35290.71,Online Transfer
4667,2074,25,3/12/2024,46593.31,Credit Card
4668,1385,30,12/7/2023,78547.64,Online Transfer
4669,261,15,3/26/2023,64452.64,Online Transfer
4670,993,32,12/7/2023,30918.66,Credit Card
4671,348,23,9/22/2023,87994.78,Credit Card
4672,1403,22,1/29/2024,41097.11,Online Transfer
4673,1613,35,8/29/2023,81152.31,Cash
4674,222,33,3/23/2023,52538.82,Cash
4675,941,27,10/24/2023,31562.96,Online Transfer
4676,748,1,3/8/2024,92340.83,Online Transfer
4677,412,10,10/9/2023,95184.4,Credit Card
4678,1697,18,9/28/2023,79598.4,Online Transfer
4679,864,5,4/14/2023,86637.87,Credit Card
4680,1785,24,1/23/2024,52295.12,Online Transfer
4681,1379,16,1/21/2024,63637.07,Credit Card
4682,1346,6,1/4/2024,67820.76,Online Transfer
4683,5,39,6/12/2023,43634.79,Cash
4684,1174,26,12/10/2023,92043.23,Credit Card
4685,1863,21,1/17/2024,48219.98,Credit Card
4686,395,37,12/14/2023,43989.23,Cash
4687,1569,3,2/20/2024,99969.53,Credit Card
4688,142,26,4/5/2023,87963.08,Credit Card
4689,719,19,4/11/2023,94094.89,Credit Card
4690,1840,23,10/27/2023,97622.0,Credit Card
4691,873,28,1/2/2024,80369.27,Credit Card
4692,1852,39,5/4/2023,82548.33,Cash
4693,1619,11,4/20/2023,51617.95,Credit Card
4694,2119,13,12/8/2023,92245.02,Cash
4695,1625,14,10/13/2023,58626.29,Credit Card
4696,1083,35,2/7/2024,43042.5,Credit Card
4697,1439,27,8/4/2023,30182.96,Cash
4698,1552,22,2/8/2024,48602.2,Credit Card
4699,2283,4,8/6/2023,31862.13,Cash
4700,1088,40,1/7/2024,82082.22,Cash
4701,2477,20,6/29/2023,55417.33,Credit Card
4702,1830,12,7/20/2023,55086.75,Cash
4703,2396,36,5/31/2023,55165.83,Credit Card
4704,278,24,4/16/2023,49896.19,Credit Card
4705,392,25,10/28/2023,73577.14,Cash
4706,1803,6,2/22/2024,89001.18,Credit Card
4707,1515,12,1/1/2024,76998.93,Cash
4708,1038,30,6/8/2023,52720.18,Credit Card
4709,501,25,1/6/2024,44646.01,Online Transfer
4710,1927,4,10/3/2023,63741.19,Credit Card
4711,759,16,10/26/2023,32413.23,Credit Card
4712,329,36,12/13/2023,85493.6,Credit Card
4713,2033,11,7/7/2023,35053.6,Online Transfer
4714,1186,15,7/3/2023,40718.4,Online Transfer
4715,1099,10,9/24/2023,41687.8,Credit Card
4716,1805,27,1/13/2024,37616.26,Online Transfer
4717,2365,38,11/13/2023,67007.18,Credit Card
4718,1154,37,2/16/2024,80248.17,Credit Card
4719,1955,7,10/10/2023,43521.18,Credit Card
4720,974,3,9/12/2023,81350.61,Credit Card
4721,797,24,10/2/2023,70466.63,Online Transfer
4722,635,13,7/16/2023,42209.61,Online Transfer
4723,1247,23,6/27/2023,75715.12,Credit Card
4724,53,40,2/19/2024,94668.16,Online Transfer
4725,2175,19,2/17/2024,84947.01,Credit Card
4726,1298,34,4/3/2023,55166.78,Online Transfer
4727,1935,32,4/14/2023,39557.26,Cash
4728,40,9,5/21/2023,82688.38,Credit Card
4729,2120,21,1/27/2024,82673.19,Credit Card
4730,1885,5,5/4/2023,53166.53,Credit Card
4731,925,35,7/15/2023,44021.01,Credit Card
4732,23,22,1/23/2024,30738.85,Credit Card
4733,1670,17,8/11/2023,50236.77,Credit Card
4734,1462,14,5/11/2023,64625.05,Online Transfer
4735,183,20,2/5/2024,35175.93,Credit Card
4736,516,28,8/24/2023,33918.44,Online Transfer
4737,1168,1,8/4/2023,90948.8,Online Transfer
4738,1084,33,12/15/2023,74858.76,Credit Card
4739,2190,26,7/16/2023,31474.8,Online Transfer
4740,1153,2,5/24/2023,52529.15,Credit Card
4741,1753,8,1/9/2024,85760.38,Online Transfer
4742,973,6,5/20/2023,38080.43,Credit Card
4743,43,29,9/10/2023,68036.05,Online Transfer
4744,830,31,5/22/2023,60863.01,Credit Card
4745,1217,18,9/6/2023,75441.81,Online Transfer
4746,2343,39,8/19/2023,70834.93,Credit Card
4747,2205,38,1/13/2024,87393.19,Credit Card
4748,1370,29,11/30/2023,42676.24,Credit Card
4749,1814,11,2/25/2024,94635.51,Credit Card
4750,156,3,5/25/2023,61214.71,Credit Card
4751,633,8,11/20/2023,88643.35,Cash
4752,201,18,6/27/2023,77464.38,Cash
4753,522,36,6/12/2023,55734.23,Cash
4754,1990,20,9/7/2023,97580.35,Credit Card
4755,1304,39,11/28/2023,93797.57,Credit Card
4756,1528,28,4/3/2023,67414.96,Credit Card
4757,222,13,2/19/2024,46810.54,Credit Card
4758,1588,27,12/27/2023,67416.88,Credit Card
4759,792,14,7/2/2023,53271.49,Online Transfer
4760,1656,26,4/25/2023,36941.48,Online Transfer
4761,547,34,5/22/2023,44803.45,Credit Card
4762,1333,32,6/19/2023,77626.79,Credit Card
4763,1065,4,6/8/2023,71327.31,Online Transfer
4764,1267,37,6/19/2023,75931.79,Online Transfer
4765,1374,19,1/9/2024,32941.31,Credit Card
4766,607,17,1/23/2024,85312.36,Online Transfer
4767,1385,2,12/19/2023,96675.53,Credit Card
4768,1689,40,5/8/2023,38944.42,Credit Card
4769,1163,10,9/28/2023,92196.88,Credit Card
4770,1611,6,9/3/2023,58838.03,Cash
4771,1378,24,2/12/2024,32320.23,Cash
4772,2394,9,2/23/2024,96803.95,Credit Card
4773,1917,35,10/5/2023,43591.9,Cash
4774,881,7,6/15/2023,83174.4,Cash
4775,493,30,2/13/2024,74870.2,Credit Card
4776,2119,1,7/19/2023,49370.69,Online Transfer
4777,1365,31,11/14/2023,76907.47,Credit Card
4778,1115,23,9/27/2023,76446.73,Credit Card
4779,2359,22,12/25/2023,96178.73,Credit Card
4780,2182,33,1/3/2024,62253.87,Online Transfer
4781,2331,12,1/2/2024,59108.25,Online Transfer
4782,2322,25,2/12/2024,90791.6,Online Transfer
4783,376,15,6/23/2023,81248.48,Cash
4784,99,21,10/21/2023,86382.07,Credit Card
4785,1587,16,8/28/2023,70044.7,Credit Card
4786,1066,5,9/17/2023,78226.04,Cash
4787,1416,38,9/26/2023,31762.53,Credit Card
4788,2062,29,3/21/2024,53688.42,Online Transfer
4789,1102,33,6/30/2023,54457.78,Online Transfer
4790,1940,9,11/13/2023,56287.37,Cash
4791,2402,11,1/12/2024,94020.89,Online Transfer
4792,2486,27,5/15/2023,91060.49,Credit Card
4793,326,26,5/11/2023,68489.68,Credit Card
4794,1989,2,9/20/2023,65736.19,Credit Card
4795,2097,16,8/20/2023,46663.16,Online Transfer
4796,1580,19,12/30/2023,71859.76,Cash
4797,747,39,12/31/2023,43625.36,Credit Card
4798,508,23,3/4/2024,98150.05,Online Transfer
4799,460,7,8/10/2023,75040.28,Cash
4800,476,32,2/23/2024,92345.73,Cash
4801,2385,21,4/27/2023,49407.54,Online Transfer
4802,1388,31,1/16/2024,76340.91,Online Transfer
4803,1097,13,9/25/2023,53888.22,Credit Card
4804,1709,8,10/10/2023,96065.07,Credit Card
4805,1114,18,2/6/2024,89275.13,Credit Card
4806,1806,4,4/2/2023,93702.08,Cash
4807,1890,34,1/16/2024,38100.72,Credit Card
4808,751,36,11/5/2023,34598.75,Credit Card
4809,1018,6,8/5/2023,50182.74,Credit Card
4810,1265,35,5/9/2023,38465.61,Credit Card
4811,1162,1,4/10/2023,78777.31,Credit Card
4812,641,14,5/9/2023,40771.26,Online Transfer
4813,945,20,5/28/2023,95865.81,Credit Card
4814,1920,30,3/28/2023,37098.98,Online Transfer
4815,545,40,3/15/2024,94349.92,Online Transfer
4816,257,17,11/21/2023,60626.06,Online Transfer
4817,2095,10,8/6/2023,33841.57,Credit Card
4818,2057,22,11/2/2023,60167.82,Online Transfer
4819,1668,12,10/8/2023,90164.33,Credit Card
4820,464,37,6/20/2023,45185.81,Online Transfer
4821,1902,15,2/2/2024,65344.92,Online Transfer
4822,1236,28,1/31/2024,96711.86,Credit Card
4823,555,25,3/18/2024,62217.17,Credit Card
4824,2089,24,9/11/2023,91634.81,Credit Card
4825,113,3,5/20/2023,82825.36,Credit Card
4826,1559,5,3/14/2024,41969.16,Credit Card
4827,743,2,5/25/2023,52553.51,Credit Card
4828,1660,34,10/2/2023,86375.17,Credit Card
4829,2183,35,11/27/2023,66128.79,Credit Card
4830,1103,24,9/3/2023,98340.12,Cash
4831,1506,15,10/26/2023,88836.24,Credit Card
4832,2461,12,2/11/2024,79153.38,Online Transfer
4833,1182,5,2/26/2024,30930.3,Online Transfer
4834,934,31,11/29/2023,90603.1,Credit Card
4835,1596,13,10/28/2023,83604.51,Online Transfer
4836,1681,38,12/13/2023,40784.91,Cash
4837,779,11,1/14/2024,69015.08,Credit Card
4838,2473,29,6/28/2023,70892.59,Credit Card
4839,210,19,12/24/2023,71434.46,Credit Card
4840,1113,36,1/12/2024,85642.08,Cash
4841,2499,26,11/16/2023,72925.47,Credit Card
4842,784,1,10/10/2023,64018.52,Cash
4843,379,4,3/22/2024,42087.34,Credit Card
4844,1076,20,6/16/2023,54575.65,Credit Card
4845,1728,16,6/18/2023,95147.2,Online Transfer
4846,2179,25,11/4/2023,35291.72,Credit Card
4847,2334,27,3/12/2024,86221.94,Online Transfer
4848,1192,30,7/12/2023,68905.73,Credit Card
4849,1321,40,11/10/2023,31449.44,Cash
4850,365,7,7/23/2023,97065.42,Credit Card
4851,1639,18,5/27/2023,40386.71,Credit Card
4852,1879,32,7/10/2023,90412.95,Credit Card
4853,1297,39,12/13/2023,50630.56,Cash
4854,2064,9,1/4/2024,33955.67,Credit Card
4855,1418,8,6/30/2023,39269.75,Online Transfer
4856,2081,14,5/31/2023,72082.87,Online Transfer
4857,1494,23,12/4/2023,60677.68,Credit Card
4858,358,33,7/26/2023,74807.31,Online Transfer
4859,632,17,2/1/2024,60771.73,Online Transfer
4860,1769,28,1/12/2024,50609.83,Cash
4861,1939,37,3/5/2024,54554.0,Cash
4862,2198,22,9/12/2023,51616.19,Cash
4863,715,21,2/25/2024,74718.08,Cash
4864,869,3,7/8/2023,47171.32,Online Transfer
4865,1735,10,9/21/2023,87634.27,Credit Card
4866,561,6,8/8/2023,48342.71,Credit Card
4867,396,17,4/26/2023,64041.17,Credit Card
4868,207,20,6/16/2023,30926.92,Credit Card
4869,145,6,1/16/2024,70107.54,Credit Card
4870,525,28,4/17/2023,78882.27,Credit Card
4871,613,11,3/25/2023,42643.07,Online Transfer
4872,1474,7,6/23/2023,83673.44,Credit Card
4873,2493,24,9/27/2023,30761.08,Credit Card
4874,567,30,11/25/2023,75334.9,Cash
4875,2419,16,1/29/2024,59509.32,Credit Card
4876,2238,19,8/1/2023,84784.1,Credit Card
4877,1009,15,7/24/2023,37814.65,Credit Card
4878,349,37,1/10/2024,68456.33,Credit Card
4879,2323,2,3/8/2024,39970.77,Credit Card
4880,717,23,9/26/2023,72624.16,Online Transfer
4881,767,29,2/10/2024,54014.01,Online Transfer
4882,466,26,9/27/2023,57658.31,Cash
4883,422,40,11/7/2023,33230.35,Online Transfer
4884,864,39,9/8/2023,79715.29,Credit Card
4885,1774,5,7/17/2023,33000.24,Credit Card
4886,2247,10,10/24/2023,72260.5,Cash
4887,1152,3,8/21/2023,36422.44,Credit Card
4888,2463,12,1/11/2024,76810.05,Online Transfer
4889,2129,6,1/16/2024,38250.15,Credit Card
4890,632,21,3/31/2023,42911.15,Credit Card
4891,2,37,6/28/2023,88832.61,Cash
4892,1534,4,5/13/2023,75190.65,Credit Card
4893,2034,10,8/19/2023,85061.25,Online Transfer
4894,1498,38,10/14/2023,67868.7,Credit Card
4895,2192,2,9/9/2023,30493.2,Credit Card
4896,1268,27,12/27/2023,57944.77,Credit Card
4897,2036,5,6/26/2023,32935.09,Credit Card
4898,1242,19,1/11/2024,47711.34,Credit Card
4899,359,29,4/29/2023,49150.36,Credit Card
4900,2472,20,9/22/2023,53965.48,Online Transfer
4901,545,25,2/27/2024,62153.65,Cash
4902,763,7,11/21/2023,55064.12,Cash
4903,1127,14,3/25/2023,55005.9,Online Transfer
4904,611,13,2/27/2024,64213.14,Credit Card
4905,487,32,7/27/2023,99353.27,Credit Card
4906,977,8,3/21/2024,35210.27,Credit Card
4907,1934,17,6/14/2023,83538.23,Credit Card
4908,1340,35,12/10/2023,34898.35,Online Transfer
4909,1231,1,7/19/2023,98731.73,Online Transfer
4910,1790,28,7/1/2023,35282.93,Online Transfer
4911,2159,34,5/27/2023,92126.74,Online Transfer
4912,2148,16,12/22/2023,70508.22,Credit Card
4913,347,15,2/2/2024,94097.04,Online Transfer
4914,1181,26,3/11/2024,85762.65,Credit Card
4915,424,31,6/20/2023,61620.82,Online Transfer
4916,1244,3,8/22/2023,63309.6,Credit Card
4917,909,18,12/3/2023,60258.99,Cash
4918,905,30,11/21/2023,65035.42,Credit Card
4919,371,11,9/17/2023,30479.0,Credit Card
4920,380,36,9/12/2023,53404.1,Credit Card
4921,1822,33,6/7/2023,69322.34,Credit Card
4922,1170,39,3/1/2024,47926.26,Online Transfer
4923,2263,40,10/25/2023,36858.15,Online Transfer
4924,2213,24,9/22/2023,93528.22,Cash
4925,1832,9,4/30/2023,69803.67,Credit Card
4926,967,22,10/15/2023,43809.36,Credit Card
4927,1447,23,8/25/2023,53150.03,Credit Card
4928,1372,11,11/19/2023,78702.77,Cash
4929,698,9,12/18/2023,52157.54,Credit Card
4930,1229,20,8/29/2023,58433.96,Cash
4931,310,34,7/21/2023,57598.23,Credit Card
4932,2440,12,2/22/2024,72158.32,Online Transfer
4933,1553,2,7/22/2023,91782.67,Credit Card
4934,1601,31,5/15/2023,58327.06,Online Transfer
4935,2043,32,4/25/2023,50630.65,Online Transfer
4936,987,6,9/27/2023,79375.33,Credit Card
4937,2206,8,8/31/2023,74498.74,Credit Card
4938,2309,24,3/6/2024,80347.51,Online Transfer
4939,1245,40,12/7/2023,41575.65,Credit Card
4940,252,18,12/4/2023,58919.16,Online Transfer
4941,619,39,3/6/2024,31818.53,Credit Card
4942,62,35,12/27/2023,41747.91,Credit Card
4943,2293,15,6/15/2023,76115.43,Cash
4944,97,38,12/11/2023,38465.51,Cash
4945,2154,36,1/15/2024,82311.29,Credit Card
4946,2143,22,12/30/2023,45877.18,Online Transfer
4947,2366,33,11/21/2023,35783.66,Credit Card
4948,839,7,9/7/2023,71618.57,Credit Card
4949,2402,28,9/18/2023,54684.18,Online Transfer
4950,1438,23,2/28/2024,66123.82,Credit Card
4951,2375,29,2/3/2024,46232.92,Credit Card
4952,852,27,3/17/2024,56193.24,Credit Card
4953,2096,3,1/1/2024,48298.61,Credit Card
4954,627,17,11/3/2023,84936.11,Credit Card
4955,814,5,7/11/2023,74602.54,Online Transfer
4956,1228,4,11/5/2023,91984.39,Cash
4957,2119,10,11/20/2023,84789.64,Online Transfer
4958,182,21,1/5/2024,95192.66,Credit Card
4959,1539,16,10/28/2023,94834.9,Credit Card
4960,1981,26,6/13/2023,60705.19,Online Transfer
4961,1938,37,10/12/2023,49369.12,Credit Card
4962,513,30,6/6/2023,86534.21,Credit Card
4963,1114,14,7/7/2023,94529.57,Credit Card
4964,868,1,12/20/2023,92791.78,Credit Card
4965,1154,19,9/26/2023,64682.01,Credit Card
4966,1731,25,7/6/2023,78094.05,Cash
4967,837,13,8/24/2023,36107.79,Online Transfer
4968,1322,1,4/8/2023,56834.47,Online Transfer
4969,2339,32,12/6/2023,85391.8,Online Transfer
4970,1798,33,4/12/2023,73091.67,Credit Card
4971,213,19,8/19/2023,84989.05,Online Transfer
4972,2411,18,4/22/2023,89255.01,Online Transfer
4973,1663,21,3/29/2023,98638.06,Credit Card
4974,1560,24,10/3/2023,61632.53,Credit Card
4975,336,22,1/6/2024,46348.6,Online Transfer
4976,1471,20,6/21/2023,61720.95,Online Transfer
4977,1315,9,10/31/2023,55352.48,Online Transfer
4978,883,8,8/2/2023,32410.84,Credit Card
4979,2421,11,1/10/2024,67472.45,Credit Card
4980,2212,27,9/9/2023,76356.38,Credit Card
4981,1045,34,5/20/2023,65147.96,Online Transfer
4982,1640,5,4/15/2023,55975.33,Credit Card
4983,2076,40,1/23/2024,97924.96,Credit Card
4984,1874,35,5/24/2023,31458.47,Credit Card
4985,2110,29,12/17/2023,96129.04,Online Transfer
4986,2295,26,3/29/2023,98318.12,Credit Card
4987,321,4,6/4/2023,86775.61,Online Transfer
4988,2039,39,8/26/2023,72210.01,Cash
4989,1999,28,12/13/2023,92272.74,Online Transfer
4990,2237,17,7/28/2023,48479.04,Credit Card
4991,454,10,12/9/2023,75687.38,Credit Card
4992,225,37,11/20/2023,75291.44,Cash
4993,1442,13,9/28/2023,86760.78,Online Transfer
4994,165,15,9/13/2023,53696.04,Credit Card
4995,617,2,3/10/2024,72329.87,Credit Card
4996,434,31,7/24/2023,59426.96,Online Transfer
4997,1003,12,3/20/2024,92680.03,Online Transfer
4998,623,36,9/3/2023,33154.04,Credit Card
4999,723,38,3/19/2024,83236.58,Online Transfer
5000,1327,16,9/27/2023,63313.58,Credit Card
5001,949,25,2/21/2024,76660.31,Cash
5002,2448,30,9/20/2023,79971.7,Credit Card
5003,1789,14,7/9/2023,63956.95,Credit Card
5004,1608,7,2/9/2024,84830.6,Cash
5005,2422,3,10/3/2023,98537.74,Credit Card
5006,1568,6,4/28/2023,81629.9,Online Transfer
5007,622,23,9/14/2023,48648.01,Credit Card
5008,185,12,10/6/2023,87663.53,Credit Card
5009,35,35,5/10/2023,36190.36,Online Transfer
5010,941,15,1/27/2024,77415.87,Credit Card
5011,492,16,1/7/2024,71280.76,Credit Card
5012,1551,2,8/20/2023,40890.41,Cash
5013,15,6,3/31/2023,44242.02,Credit Card
5014,1309,28,12/2/2023,54824.28,Credit Card
5015,1439,38,6/11/2023,51918.55,Online Transfer
5016,2221,13,5/5/2023,63339.35,Online Transfer
5017,675,8,12/28/2023,49122.33,Credit Card
5018,922,33,9/8/2023,30470.18,Online Transfer
5019,1972,22,5/17/2023,80980.22,Online Transfer
5020,2183,30,7/19/2023,93489.78,Online Transfer
5021,1620,26,3/13/2024,70514.88,Cash
5022,843,11,6/16/2023,41314.28,Online Transfer
5023,1456,27,3/10/2024,35682.42,Cash
5024,580,39,4/27/2023,44861.27,Credit Card
5025,2424,21,5/10/2023,58680.32,Cash
5026,1462,7,1/21/2024,71427.82,Credit Card
5027,1283,17,10/30/2023,94782.85,Credit Card
5028,679,36,11/30/2023,90155.22,Cash
5029,1582,31,5/28/2023,53476.28,Cash
5030,2392,25,6/4/2023,41248.74,Credit Card
5031,2398,19,2/22/2024,91868.42,Credit Card
5032,134,9,6/19/2023,71075.24,Credit Card
5033,2030,1,1/13/2024,79135.03,Credit Card
5034,2241,14,9/20/2023,51186.2,Online Transfer
5035,1860,4,8/11/2023,75017.91,Credit Card
5036,555,24,5/15/2023,94185.26,Credit Card
5037,848,32,6/10/2023,43893.04,Credit Card
5038,1695,18,10/17/2023,54042.59,Credit Card
5039,2353,5,5/24/2023,49166.28,Online Transfer
5040,377,29,12/2/2023,40275.74,Online Transfer
5041,403,10,2/2/2024,75925.94,Credit Card
5042,1734,37,12/9/2023,94767.36,Online Transfer
5043,2085,3,9/3/2023,95344.42,Credit Card
5044,228,34,8/20/2023,51102.88,Online Transfer
5045,869,40,4/16/2023,71106.98,Cash
5046,1922,23,6/5/2023,44684.48,Credit Card
5047,2095,20,5/8/2023,59918.01,Cash
5048,2279,20,6/16/2023,49388.51,Credit Card
5049,126,7,7/8/2023,46449.63,Credit Card
5050,600,15,3/7/2024,57543.53,Online Transfer
5051,589,10,1/21/2024,76032.9,Online Transfer
5052,1381,3,9/12/2023,43606.04,Online Transfer
5053,1665,31,6/14/2023,85965.99,Credit Card
5054,1902,13,7/29/2023,72300.01,Online Transfer
5055,1136,32,1/27/2024,48387.93,Credit Card
5056,2452,6,3/21/2024,52911.12,Online Transfer
5057,961,30,1/4/2024,78554.99,Online Transfer
5058,1748,11,9/24/2023,50431.22,Online Transfer
5059,1424,8,8/9/2023,72196.24,Credit Card
5060,203,19,5/24/2023,71235.09,Credit Card
5061,1915,12,5/28/2023,83059.8,Credit Card
5062,139,18,10/28/2023,85889.21,Credit Card
5063,79,22,8/14/2023,64990.46,Online Transfer
5064,1102,29,7/10/2023,41338.73,Online Transfer
5065,311,2,1/22/2024,37076.63,Online Transfer
5066,822,14,1/18/2024,70225.54,Online Transfer
5067,300,27,12/26/2023,46576.17,Online Transfer
5068,429,23,6/13/2023,88945.44,Credit Card
5069,1169,29,5/20/2023,79669.76,Online Transfer
5070,819,21,1/15/2024,46244.65,Credit Card
5071,2043,16,5/18/2023,94142.51,Credit Card
5072,2332,32,9/10/2023,69213.4,Cash
5073,2325,22,5/3/2023,89295.05,Credit Card
5074,1270,26,5/28/2023,40058.53,Online Transfer
5075,2167,8,12/3/2023,88139.09,Credit Card
5076,522,11,12/10/2023,32981.68,Credit Card
5077,227,9,4/1/2023,70244.75,Online Transfer
5078,370,30,5/2/2023,47377.37,Online Transfer
5079,1109,35,11/10/2023,64961.99,Cash
5080,1900,34,6/25/2023,83704.47,Online Transfer
5081,639,36,1/6/2024,44141.07,Online Transfer
5082,44,3,1/11/2024,93877.62,Credit Card
5083,464,19,9/23/2023,48386.81,Credit Card
5084,2407,27,11/19/2023,88982.0,Credit Card
5085,2312,40,6/29/2023,62609.97,Credit Card
5086,1038,24,11/17/2023,77563.22,Credit Card
5087,870,37,8/5/2023,78911.9,Credit Card
5088,1662,38,7/26/2023,49474.74,Credit Card
5089,251,25,3/15/2024,66614.04,Credit Card
5090,2488,39,11/25/2023,47993.8,Credit Card
5091,853,1,12/1/2023,85157.36,Credit Card
5092,277,10,7/8/2023,68426.66,Cash
5093,1833,33,2/16/2024,93829.13,Credit Card
5094,769,14,6/23/2023,43778.41,Online Transfer
5095,1764,2,12/29/2023,60051.57,Credit Card
5096,553,15,2/12/2024,37805.01,Credit Card
5097,305,6,9/19/2023,30621.96,Credit Card
5098,1716,13,9/28/2023,33970.79,Credit Card
5099,1395,28,8/3/2023,42294.72,Online Transfer
5100,661,18,6/19/2023,51448.97,Online Transfer
5101,1343,4,8/29/2023,36980.03,Online Transfer
5102,1978,5,9/9/2023,44098.29,Credit Card
5103,314,7,5/12/2023,69089.28,Cash
5104,1867,12,8/27/2023,99736.13,Cash
5105,1046,31,1/2/2024,51155.84,Credit Card
5106,1806,17,10/13/2023,58900.63,Online Transfer
5107,1633,23,12/31/2023,35413.33,Online Transfer
5108,2274,20,3/20/2024,98093.11,Cash
5109,762,10,9/26/2023,60156.92,Cash
5110,2099,26,11/28/2023,41208.36,Cash
5111,479,24,2/4/2024,90318.88,Online Transfer
5112,1107,22,4/7/2023,82242.26,Online Transfer
5113,1568,13,5/13/2023,41653.94,Cash
5114,82,38,6/14/2023,49906.23,Credit Card
5115,612,25,3/17/2024,76963.13,Online Transfer
5116,2072,2,1/23/2024,34202.18,Credit Card
5117,2141,14,5/3/2023,49135.92,Cash
5118,2144,7,6/9/2023,71053.66,Credit Card
5119,1809,35,11/20/2023,56463.6,Credit Card
5120,362,11,2/2/2024,38957.42,Online Transfer
5121,1660,17,11/27/2023,82947.71,Credit Card
5122,1647,1,6/8/2023,55204.45,Cash
5123,423,16,10/18/2023,47722.71,Cash
5124,621,12,8/2/2023,75183.37,Online Transfer
5125,1220,34,7/28/2023,62919.83,Online Transfer
5126,1975,32,3/21/2024,60745.7,Cash
5127,363,3,8/9/2023,87661.76,Online Transfer
5128,478,29,8/6/2023,59858.52,Credit Card
5129,2428,21,6/4/2023,55563.45,Credit Card
5130,1019,30,2/23/2024,90665.84,Credit Card
5131,2466,27,8/29/2023,51599.54,Cash
5132,1490,8,2/15/2024,60557.27,Credit Card
5133,383,15,4/24/2023,80517.98,Credit Card
5134,2453,19,10/14/2023,54620.24,Online Transfer
5135,1830,4,1/19/2024,99409.25,Online Transfer
5136,2147,37,8/27/2023,31455.4,Online Transfer
5137,1218,5,10/30/2023,38077.37,Credit Card
5138,1443,23,5/3/2023,48000.63,Online Transfer
5139,959,18,4/1/2023,76049.64,Credit Card
5140,1373,40,11/8/2023,65232.62,Credit Card
5141,452,9,9/2/2023,86730.51,Credit Card
5142,904,28,11/23/2023,83111.6,Online Transfer
5143,2023,6,11/22/2023,33873.53,Cash
5144,2220,33,8/23/2023,69383.25,Credit Card
5145,1534,20,11/27/2023,82515.25,Online Transfer
5146,38,31,11/7/2023,98764.5,Online Transfer
5147,1866,39,11/6/2023,66931.29,Cash
5148,674,36,11/19/2023,64453.98,Cash
5149,1201,29,6/10/2023,58623.68,Credit Card
5150,2498,13,12/17/2023,80020.16,Credit Card
5151,2350,34,1/12/2024,58796.34,Online Transfer
5152,613,11,2/16/2024,67001.46,Credit Card
5153,2281,23,9/12/2023,71797.86,Online Transfer
5154,537,19,8/7/2023,85111.97,Cash
5155,1655,22,12/10/2023,83532.16,Online Transfer
5156,495,33,1/25/2024,88036.68,Credit Card
5157,646,35,9/18/2023,49816.33,Credit Card
5158,794,20,5/20/2023,85684.62,Credit Card
5159,915,14,9/21/2023,87467.36,Cash
5160,2401,21,10/8/2023,90436.47,Online Transfer
5161,2303,39,12/13/2023,85527.62,Credit Card
5162,958,2,1/24/2024,47885.54,Online Transfer
5163,903,36,5/1/2023,96838.51,Credit Card
5164,191,32,2/4/2024,74533.27,Cash
5165,1435,31,9/10/2023,33743.18,Credit Card
5166,2364,38,1/31/2024,93052.75,Credit Card
5167,2328,12,3/3/2024,33944.6,Credit Card
5168,187,4,4/5/2023,39466.86,Credit Card
5169,593,3,6/16/2023,36390.83,Cash
5170,797,10,8/23/2023,96812.26,Cash
5171,113,18,5/14/2023,39768.35,Credit Card
5172,748,27,7/24/2023,90535.49,Cash
5173,21,15,7/21/2023,50788.55,Online Transfer
5174,1952,1,5/16/2023,35489.02,Online Transfer
5175,320,37,7/20/2023,97490.55,Cash
5176,533,5,4/5/2023,98322.88,Credit Card
5177,450,17,2/22/2024,54818.24,Credit Card
5178,161,6,9/18/2023,78532.01,Credit Card
5179,2490,30,10/3/2023,71130.49,Credit Card
5180,2426,28,5/6/2023,94086.45,Cash
5181,1708,40,7/21/2023,48741.64,Online Transfer
5182,1160,24,12/10/2023,60355.31,Credit Card
5183,583,9,6/19/2023,57250.49,Cash
5184,969,25,5/26/2023,87929.55,Online Transfer
5185,1563,7,12/11/2023,52193.79,Online Transfer
5186,306,16,12/3/2023,45850.91,Credit Card
5187,279,8,5/12/2023,37170.44,Credit Card
5188,1689,26,7/13/2023,36046.19,Online Transfer
5189,474,18,6/16/2023,53476.15,Credit Card
5190,2160,40,10/27/2023,35878.73,Credit Card
5191,584,30,4/2/2023,67797.59,Online Transfer
5192,117,35,4/3/2023,56536.99,Cash
5193,857,11,4/14/2023,90321.51,Online Transfer
5194,888,5,7/4/2023,91821.13,Credit Card
5195,692,2,1/17/2024,53096.74,Online Transfer
5196,52,32,3/19/2024,70468.06,Online Transfer
5197,1831,8,5/5/2023,95231.74,Online Transfer
5198,1508,27,10/9/2023,69817.21,Credit Card
5199,653,4,6/28/2023,42431.67,Online Transfer
5200,510,13,2/24/2024,54742.52,Cash
5201,2423,39,6/1/2023,69919.41,Online Transfer
5202,1771,26,11/29/2023,67540.93,Online Transfer
5203,1615,29,1/18/2024,82507.69,Online Transfer
5204,801,20,12/6/2023,94783.94,Credit Card
5205,1054,1,12/29/2023,72903.5,Credit Card
5206,1252,37,2/15/2024,61387.87,Online Transfer
5207,2234,25,6/13/2023,67617.68,Cash
5208,1858,36,2/11/2024,66745.55,Credit Card
5209,1292,3,4/26/2023,55733.14,Credit Card
5210,9,21,8/1/2023,46337.64,Online Transfer
5211,2271,17,2/7/2024,51453.64,Credit Card
5212,2472,23,12/18/2023,90276.78,Cash
5213,368,7,2/4/2024,51173.04,Credit Card
5214,1243,9,1/6/2024,47947.03,Credit Card
5215,2245,16,8/21/2023,48059.32,Online Transfer
5216,1308,12,8/17/2023,51215.54,Online Transfer
5217,1701,28,8/27/2023,90074.63,Credit Card
5218,167,19,10/6/2023,89156.19,Online Transfer
5219,1338,15,3/22/2024,85656.21,Credit Card
5220,793,31,8/16/2023,57186.68,Credit Card
5221,547,14,11/2/2023,55758.46,Online Transfer
5222,2405,34,8/3/2023,51461.78,Cash
5223,1599,22,3/7/2024,31192.34,Credit Card
5224,701,6,3/11/2024,88781.13,Credit Card
5225,1872,38,12/30/2023,80092.75,Cash
5226,2335,24,8/23/2023,91890.97,Credit Card
5227,1255,33,8/21/2023,74665.15,Credit Card
5228,321,10,5/23/2023,64382.16,Credit Card
5229,242,2,1/31/2024,89357.61,Credit Card
5230,880,16,11/20/2023,37389.52,Credit Card
5231,730,37,7/10/2023,85706.35,Credit Card
5232,563,25,6/26/2023,97990.43,Online Transfer
5233,657,38,3/20/2024,68212.01,Credit Card
5234,2056,9,11/21/2023,44523.66,Online Transfer
5235,402,6,2/16/2024,68116.24,Cash
5236,1932,36,5/31/2023,39886.4,Cash
5237,1684,22,2/22/2024,42153.39,Credit Card
5238,480,27,3/27/2023,51788.41,Online Transfer
5239,39,5,10/26/2023,78895.41,Cash
5240,628,40,2/25/2024,41404.97,Credit Card
5241,70,20,3/5/2024,41793.84,Online Transfer
5242,1248,14,3/17/2024,61896.62,Credit Card
5243,1083,23,11/12/2023,99479.46,Credit Card
5244,1002,13,9/8/2023,53285.75,Online Transfer
5245,1017,32,2/28/2024,67953.85,Credit Card
5246,1680,21,11/29/2023,88078.52,Credit Card
5247,837,4,9/17/2023,81947.33,Cash
5248,2323,30,12/25/2023,71507.92,Online Transfer
5249,686,28,7/3/2023,66965.66,Credit Card
5250,2128,40,1/9/2024,74201.56,Credit Card
5251,38,13,6/19/2023,95755.9,Online Transfer
5252,451,27,10/9/2023,84285.28,Credit Card
5253,1520,7,5/11/2023,67822.71,Credit Card
5254,660,1,10/1/2023,56539.16,Online Transfer
5255,51,16,12/15/2023,40609.45,Credit Card
5256,954,36,1/23/2024,94466.85,Online Transfer
5257,46,4,1/31/2024,61369.95,Online Transfer
5258,130,11,4/25/2023,87887.07,Cash
5259,1662,18,4/23/2023,59023.51,Credit Card
5260,433,22,1/18/2024,92360.38,Credit Card
5261,678,33,6/28/2023,71625.54,Online Transfer
5262,1187,21,11/9/2023,96447.88,Credit Card
5263,2143,6,3/7/2024,55776.78,Cash
5264,714,30,5/2/2023,40338.9,Credit Card
5265,69,35,9/14/2023,47972.45,Online Transfer
5266,387,10,3/17/2024,88039.36,Online Transfer
5267,1516,34,8/23/2023,55115.03,Credit Card
5268,206,15,4/19/2023,95787.27,Online Transfer
5269,657,25,2/2/2024,68604.83,Credit Card
5270,2457,8,5/7/2023,65749.58,Credit Card
5271,1395,20,9/14/2023,33652.91,Online Transfer
5272,1755,24,10/29/2023,85897.02,Credit Card
5273,839,38,5/3/2023,63075.56,Online Transfer
5274,1197,5,1/9/2024,46214.95,Credit Card
5275,171,26,3/7/2024,34057.66,Online Transfer
5276,1220,39,8/9/2023,87228.08,Online Transfer
5277,663,12,1/21/2024,79983.39,Credit Card
5278,2487,3,6/20/2023,61585.1,Cash
5279,525,9,3/9/2024,98739.93,Credit Card
5280,1105,37,11/30/2023,99818.85,Cash
5281,253,29,10/17/2023,90033.93,Online Transfer
5282,413,17,6/11/2023,68573.61,Credit Card
5283,338,2,9/27/2023,51011.93,Credit Card
5284,1533,31,11/17/2023,65324.94,Cash
5285,546,14,11/14/2023,36182.15,Online Transfer
5286,105,32,5/4/2023,38849.44,Online Transfer
5287,495,23,10/3/2023,73356.32,Online Transfer
5288,1271,19,9/23/2023,66781.17,Credit Card
5289,2234,28,2/28/2024,80668.72,Credit Card
5290,777,10,11/30/2023,30665.15,Online Transfer
5291,809,18,7/19/2023,32133.72,Online Transfer
5292,1406,9,1/3/2024,62077.32,Online Transfer
5293,1202,35,2/12/2024,76759.07,Cash
5294,2125,28,7/20/2023,67077.06,Online Transfer
5295,175,15,4/25/2023,97503.17,Cash
5296,2481,34,2/12/2024,52731.09,Cash
5297,1291,7,7/26/2023,38432.91,Cash
5298,2332,2,2/10/2024,55160.97,Cash
5299,2002,20,4/20/2023,34012.04,Online Transfer
5300,1733,22,2/25/2024,70873.17,Cash
5301,1462,17,10/20/2023,96669.96,Online Transfer
5302,1368,29,5/15/2023,91031.16,Credit Card
5303,505,4,1/15/2024,82117.16,Cash
5304,260,25,7/3/2023,65846.37,Credit Card
5305,143,37,5/24/2023,49584.67,Credit Card
5306,2138,3,7/31/2023,93552.83,Credit Card
5307,312,32,3/15/2024,52210.35,Credit Card
5308,545,23,3/19/2024,81592.81,Credit Card
5309,463,40,2/25/2024,30290.69,Online Transfer
5310,920,30,1/6/2024,59412.54,Cash
5311,223,14,1/6/2024,58229.31,Cash
5312,562,11,9/13/2023,38231.51,Online Transfer
5313,1369,21,2/2/2024,54787.13,Cash
5314,1512,6,4/12/2023,56899.39,Online Transfer
5315,960,38,1/19/2024,69712.83,Credit Card
5316,899,13,8/27/2023,85764.26,Cash
5317,2462,5,3/24/2023,42410.4,Credit Card
5318,1676,27,7/20/2023,59797.82,Online Transfer
5319,1536,16,9/28/2023,94702.1,Credit Card
5320,2358,39,4/22/2023,39334.51,Credit Card
5321,2210,19,8/15/2023,61970.15,Online Transfer
5322,1392,26,8/3/2023,48951.05,Credit Card
5323,2113,1,10/21/2023,55666.0,Online Transfer
5324,1833,8,2/29/2024,61045.49,Credit Card
5325,2247,12,8/29/2023,44055.05,Credit Card
5326,1001,24,9/8/2023,65828.75,Cash
5327,1984,33,8/10/2023,59674.55,Credit Card
5328,422,31,8/17/2023,92213.43,Credit Card
5329,2374,36,11/13/2023,85806.7,Credit Card
5330,782,11,7/12/2023,90450.21,Credit Card
5331,2370,10,1/5/2024,31044.69,Credit Card
5332,830,6,1/14/2024,33912.66,Credit Card
5333,186,12,4/28/2023,89885.64,Credit Card
5334,1243,28,5/1/2023,91092.12,Online Transfer
5335,1647,40,2/12/2024,31517.93,Credit Card
5336,196,39,3/31/2023,61625.86,Online Transfer
5337,1994,19,5/22/2023,54306.03,Online Transfer
5338,1660,1,1/25/2024,47712.22,Cash
5339,801,21,7/10/2023,49673.84,Credit Card
5340,458,20,8/29/2023,37730.72,Online Transfer
5341,1099,24,3/7/2024,95456.71,Online Transfer
5342,336,35,7/16/2023,62583.28,Online Transfer
5343,652,27,4/6/2023,53077.4,Credit Card
5344,1388,16,7/10/2023,57315.18,Online Transfer
5345,2186,13,10/2/2023,56291.77,Cash
5346,2438,30,12/24/2023,56371.88,Credit Card
5347,2399,4,8/19/2023,71494.81,Online Transfer
5348,2116,7,8/31/2023,84628.23,Credit Card
5349,596,38,3/2/2024,85879.54,Credit Card
5350,2291,8,6/22/2023,45003.49,Credit Card
5351,1837,17,7/22/2023,60844.67,Credit Card
5352,2080,14,4/1/2023,96748.21,Credit Card
5353,1221,37,12/7/2023,80592.47,Online Transfer
5354,2493,32,5/22/2023,92538.91,Online Transfer
5355,10,26,2/22/2024,94747.78,Online Transfer
5356,1953,31,4/14/2023,35133.16,Online Transfer
5357,2400,34,10/22/2023,74630.09,Online Transfer
5358,122,36,4/12/2023,57668.23,Credit Card
5359,2413,23,6/27/2023,64026.01,Credit Card
5360,1788,3,2/24/2024,57496.9,Credit Card
5361,590,33,10/19/2023,42300.08,Credit Card
5362,2165,29,4/8/2023,46342.76,Online Transfer
5363,2242,2,4/1/2023,35022.39,Credit Card
5364,2187,15,4/2/2023,96917.91,Credit Card
5365,1792,9,7/18/2023,39960.16,Cash
5366,592,22,2/16/2024,46955.69,Online Transfer
5367,1824,18,8/10/2023,87469.61,Cash
5368,1011,5,7/4/2023,90202.74,Credit Card
5369,1486,25,11/29/2023,49170.17,Credit Card
5370,499,40,2/4/2024,74135.96,Cash
5371,1492,12,4/26/2023,55851.35,Credit Card
5372,2428,21,2/20/2024,55300.78,Cash
5373,1400,3,7/21/2023,31753.06,Online Transfer
5374,1575,13,11/25/2023,31836.35,Credit Card
5375,1964,31,2/5/2024,81494.69,Credit Card
5376,1933,17,4/2/2023,62984.89,Online Transfer
5377,1176,8,10/8/2023,62443.94,Online Transfer
5378,865,11,12/26/2023,30645.17,Online Transfer
5379,618,14,6/26/2023,82477.25,Online Transfer
5380,1671,9,1/14/2024,77925.86,Credit Card
5381,1817,25,3/18/2024,65334.9,Credit Card
5382,995,34,10/21/2023,31613.5,Credit Card
5383,128,33,1/13/2024,79744.83,Credit Card
5384,185,18,12/27/2023,50426.21,Credit Card
5385,227,28,4/26/2023,42971.29,Online Transfer
5386,539,35,4/20/2023,53067.62,Credit Card
5387,34,5,7/31/2023,70678.05,Credit Card
5388,722,19,1/31/2024,30956.33,Online Transfer
5389,697,20,6/17/2023,84547.03,Cash
5390,1261,7,8/3/2023,42207.07,Credit Card
5391,1698,37,5/18/2023,65300.69,Online Transfer
5392,2325,36,3/18/2024,58575.68,Online Transfer
5393,426,32,11/7/2023,80929.58,Online Transfer
5394,1254,26,6/24/2023,49156.51,Online Transfer
5395,710,2,4/26/2023,88157.44,Credit Card
5396,1311,39,9/4/2023,62566.95,Credit Card
5397,1966,6,6/12/2023,50843.94,Credit Card
5398,102,23,11/26/2023,65996.15,Cash
5399,817,10,9/25/2023,95705.71,Cash
5400,769,38,3/31/2023,65399.73,Online Transfer
5401,1425,1,2/3/2024,71773.74,Credit Card
5402,811,22,6/29/2023,66019.24,Credit Card
5403,2430,30,8/16/2023,93285.71,Online Transfer
5404,2201,27,1/27/2024,51068.11,Credit Card
5405,2033,29,8/18/2023,72349.24,Credit Card
5406,1967,24,5/26/2023,83309.68,Online Transfer
5407,1840,4,11/4/2023,60867.6,Credit Card
5408,1137,16,11/5/2023,89994.81,Credit Card
5409,581,15,2/21/2024,91485.45,Credit Card
5410,1658,20,6/1/2023,72947.21,Credit Card
5411,1636,5,5/8/2023,47148.64,Credit Card
5412,851,31,9/6/2023,52287.42,Online Transfer
5413,729,14,4/11/2023,42600.5,Cash
5414,2191,40,4/19/2023,41068.58,Online Transfer
5415,897,24,10/17/2023,36350.53,Credit Card
5416,2346,37,8/3/2023,38236.15,Credit Card
5417,2035,9,4/19/2023,38496.83,Credit Card
5418,2137,18,9/7/2023,72978.38,Online Transfer
5419,2423,16,4/15/2023,74695.09,Online Transfer
5420,1972,26,3/22/2024,43495.35,Cash
5421,2336,23,4/7/2023,38144.72,Online Transfer
5422,2306,35,12/11/2023,62880.28,Credit Card
5423,2136,2,11/10/2023,90887.89,Online Transfer
5424,288,15,2/25/2024,51893.11,Online Transfer
5425,794,13,7/22/2023,49794.9,Credit Card
5426,951,29,4/12/2023,85145.46,Online Transfer
5427,2133,33,3/29/2023,99599.64,Credit Card
5428,215,36,12/19/2023,96481.76,Credit Card
5429,1973,27,6/9/2023,72737.31,Cash
5430,36,30,6/11/2023,74014.09,Credit Card
5431,63,36,9/13/2023,67390.76,Online Transfer
5432,176,8,7/26/2023,86665.49,Online Transfer
5433,1020,23,3/16/2024,42802.12,Online Transfer
5434,241,24,4/27/2023,31310.86,Online Transfer
5435,1186,37,3/16/2024,42460.11,Credit Card
5436,1723,28,5/24/2023,98097.77,Credit Card
5437,931,4,9/6/2023,76206.12,Online Transfer
5438,680,10,7/1/2023,58632.52,Credit Card
5439,1577,15,9/16/2023,57730.21,Credit Card
5440,983,9,9/13/2023,33480.41,Cash
5441,1836,3,1/25/2024,86250.69,Credit Card
5442,2348,29,5/10/2023,76923.51,Credit Card
5443,2314,25,4/29/2023,54816.96,Credit Card
5444,641,22,3/21/2024,45487.17,Online Transfer
5445,672,12,11/18/2023,79454.91,Online Transfer
5446,1383,21,10/15/2023,97836.81,Credit Card
5447,282,34,1/6/2024,35420.29,Online Transfer
5448,565,7,4/15/2023,88871.85,Online Transfer
5449,502,14,7/1/2023,55049.01,Credit Card
5450,2419,32,12/17/2023,30814.41,Online Transfer
5451,616,30,10/30/2023,46680.14,Credit Card
5452,1456,38,7/29/2023,58525.26,Credit Card
5453,199,35,5/16/2023,54806.71,Credit Card
5454,2209,16,9/23/2023,73617.84,Cash
5455,1166,39,10/26/2023,69669.14,Credit Card
5456,1802,18,9/24/2023,75296.5,Credit Card
5457,1968,40,1/8/2024,43242.8,Cash
5458,549,33,1/1/2024,37538.46,Credit Card
5459,1468,1,7/24/2023,83391.58,Credit Card
5460,1712,2,6/18/2023,62506.33,Online Transfer
5461,2337,17,5/2/2023,56742.9,Online Transfer
5462,1767,31,2/7/2024,56065.58,Credit Card
5463,87,27,6/21/2023,67909.85,Credit Card
5464,1844,26,5/12/2023,89023.78,Online Transfer
5465,1890,19,12/27/2023,90113.32,Cash
5466,1789,11,6/1/2023,80976.61,Credit Card
5467,994,5,4/10/2023,71619.13,Online Transfer
5468,1001,6,2/29/2024,30385.97,Online Transfer
5469,1065,13,11/4/2023,35706.66,Online Transfer
5470,524,20,9/25/2023,71288.76,Credit Card
5471,1682,8,4/16/2023,95478.2,Cash
5472,125,6,12/22/2023,85164.13,Credit Card
5473,4,40,8/11/2023,65083.04,Credit Card
5474,1786,23,5/20/2023,54866.21,Online Transfer
5475,1937,21,1/25/2024,57288.58,Credit Card
5476,2470,16,9/27/2023,56276.61,Cash
5477,909,27,12/12/2023,89796.28,Cash
5478,162,37,9/25/2023,39425.83,Online Transfer
5479,813,10,10/31/2023,88640.22,Credit Card
5480,1494,14,6/12/2023,88481.47,Credit Card
5481,1532,34,2/25/2024,61066.54,Online Transfer
5482,1983,26,10/25/2023,85344.51,Credit Card
5483,768,31,2/9/2024,62521.89,Credit Card
5484,2010,2,11/22/2023,51325.44,Cash
5485,878,28,10/20/2023,31125.88,Credit Card
5486,904,12,7/31/2023,67915.25,Credit Card
5487,272,24,7/9/2023,73839.21,Cash
5488,1992,30,5/20/2023,82200.55,Credit Card
5489,1336,19,2/25/2024,65516.61,Cash
5490,57,4,7/11/2023,47274.33,Online Transfer
5491,913,3,12/18/2023,64864.34,Cash
5492,1748,15,5/28/2023,67853.06,Cash
5493,1927,35,8/15/2023,73056.68,Online Transfer
5494,2346,38,2/5/2024,82554.95,Credit Card
5495,1639,13,3/1/2024,32262.16,Online Transfer
5496,534,32,3/10/2024,42178.16,Credit Card
5497,617,5,12/19/2023,59515.06,Online Transfer
5498,1847,11,4/16/2023,95869.73,Online Transfer
5499,1653,39,6/11/2023,51813.98,Cash
5500,417,20,7/31/2023,43511.53,Online Transfer
5501,2417,33,1/10/2024,61964.57,Credit Card
5502,194,22,3/3/2024,92032.8,Online Transfer
5503,446,17,8/17/2023,83392.59,Credit Card
5504,265,1,9/9/2023,56343.64,Credit Card
5505,1305,25,7/23/2023,64293.65,Cash
5506,254,9,10/12/2023,98447.37,Online Transfer
5507,698,18,6/2/2023,73578.38,Online Transfer
5508,1863,7,1/31/2024,86754.18,Credit Card
5509,1632,29,7/24/2023,89206.89,Online Transfer
5510,1774,36,6/26/2023,30438.85,Credit Card
5511,1315,29,4/11/2023,96080.92,Cash
5512,110,1,9/8/2023,75485.98,Credit Card
5513,550,11,9/30/2023,88019.3,Credit Card
5514,1953,21,5/22/2023,65748.92,Online Transfer
5515,1409,13,3/6/2024,85866.59,Credit Card
5516,1915,8,2/29/2024,74014.17,Online Transfer
5517,1957,32,11/22/2023,97637.5,Online Transfer
5518,2131,25,3/2/2024,36653.25,Online Transfer
5519,657,33,11/11/2023,37497.59,Online Transfer
5520,405,27,4/29/2023,51780.84,Credit Card
5521,2057,36,12/14/2023,43354.94,Credit Card
5522,2397,14,8/14/2023,87615.48,Credit Card
5523,769,23,5/26/2023,82102.3,Cash
5524,2408,35,5/20/2023,40901.57,Online Transfer
5525,2326,26,7/12/2023,64039.9,Cash
5526,1523,34,12/8/2023,45325.18,Credit Card
5527,1123,22,4/20/2023,37384.43,Online Transfer
5528,1287,31,4/10/2023,56588.45,Credit Card
5529,2423,3,4/16/2023,60387.01,Credit Card
5530,484,39,6/9/2023,45388.88,Credit Card
5531,792,7,3/15/2024,66843.02,Online Transfer
5532,1784,16,1/17/2024,57995.1,Online Transfer
5533,2083,10,10/5/2023,68300.66,Cash
5534,2300,38,8/4/2023,34065.69,Credit Card
5535,1818,37,12/6/2023,53188.27,Cash
5536,1571,6,2/20/2024,48912.67,Credit Card
5537,958,15,4/12/2023,75543.04,Online Transfer
5538,2350,9,9/2/2023,83337.21,Credit Card
5539,1848,2,4/28/2023,85510.99,Credit Card
5540,2248,30,4/23/2023,38489.48,Credit Card
5541,2033,24,8/28/2023,70529.15,Cash
5542,1480,12,10/17/2023,67506.75,Credit Card
5543,2479,18,11/25/2023,36159.79,Cash
5544,925,19,9/27/2023,90962.91,Online Transfer
5545,2184,4,12/20/2023,81300.17,Credit Card
5546,978,5,9/23/2023,92484.02,Online Transfer
5547,1095,40,12/30/2023,91834.46,Cash
5548,2307,28,3/16/2024,71199.52,Online Transfer
5549,358,20,9/2/2023,34800.26,Credit Card
5550,2369,17,12/25/2023,37300.95,Credit Card
5551,144,22,10/6/2023,67285.06,Credit Card
5552,357,15,3/23/2023,87643.9,Cash
5553,420,34,7/9/2023,98129.05,Online Transfer
5554,1822,9,10/16/2023,83381.9,Online Transfer
5555,705,31,3/12/2024,94383.47,Credit Card
5556,304,29,8/20/2023,45669.07,Credit Card
5557,1562,26,11/8/2023,49632.46,Credit Card
5558,1615,13,7/16/2023,60587.09,Online Transfer
5559,264,3,5/7/2023,89883.99,Credit Card
5560,1275,23,10/12/2023,47413.02,Credit Card
5561,2206,40,4/26/2023,96071.51,Credit Card
5562,14,11,2/3/2024,42239.31,Cash
5563,2101,8,7/3/2023,74141.31,Credit Card
5564,391,14,8/26/2023,93370.77,Online Transfer
5565,1141,28,1/3/2024,89827.75,Cash
5566,2425,12,5/11/2023,65286.6,Online Transfer
5567,2349,32,10/30/2023,88219.16,Credit Card
5568,1897,35,11/3/2023,87246.95,Credit Card
5569,472,25,6/23/2023,57206.41,Online Transfer
5570,247,27,5/15/2023,92109.72,Credit Card
5571,1929,33,1/24/2024,70816.38,Credit Card
5572,2492,36,5/3/2023,41952.35,Credit Card
5573,619,6,5/19/2023,40740.0,Online Transfer
5574,366,4,2/18/2024,35209.2,Credit Card
5575,2197,16,3/13/2024,40857.38,Online Transfer
5576,622,38,7/29/2023,51046.38,Online Transfer
5577,957,10,1/17/2024,44808.08,Cash
5578,22,7,5/15/2023,46733.58,Credit Card
5579,1028,1,5/1/2023,98242.66,Online Transfer
5580,621,24,7/6/2023,93618.25,Online Transfer
5581,1769,21,4/7/2023,43421.96,Credit Card
5582,967,39,2/6/2024,94063.54,Credit Card
5583,424,19,1/18/2024,53756.17,Credit Card
5584,2391,20,4/16/2023,39199.85,Credit Card
5585,1665,37,9/14/2023,95694.69,Online Transfer
5586,3,2,2/1/2024,85330.63,Credit Card
5587,284,17,9/24/2023,98625.84,Credit Card
5588,791,30,9/20/2023,78252.22,Online Transfer
5589,1837,5,3/11/2024,52163.85,Online Transfer
5590,968,18,6/6/2023,78447.11,Online Transfer
5591,1854,21,3/13/2024,89411.73,Credit Card
5592,1101,24,7/18/2023,47715.12,Credit Card
5593,19,39,2/15/2024,37898.3,Cash
5594,2013,23,9/1/2023,72891.57,Online Transfer
5595,1517,9,9/3/2023,91433.94,Credit Card
5596,114,40,1/2/2024,48723.04,Credit Card
5597,506,33,7/5/2023,95477.92,Credit Card
5598,1685,25,3/19/2024,84658.53,Online Transfer
5599,1308,16,2/10/2024,90625.92,Online Transfer
5600,1650,17,1/4/2024,43331.24,Online Transfer
5601,1831,19,6/24/2023,63133.44,Online Transfer
5602,1058,5,1/9/2024,37368.61,Cash
5603,1231,20,7/4/2023,89683.68,Credit Card
5604,908,26,5/31/2023,88173.73,Online Transfer
5605,245,38,11/14/2023,35902.55,Credit Card
5606,252,27,3/14/2024,95769.05,Online Transfer
5607,950,28,6/12/2023,87095.47,Credit Card
5608,984,13,4/4/2023,54870.7,Online Transfer
5609,2200,29,7/26/2023,54651.65,Cash
5610,1971,10,12/22/2023,31924.12,Credit Card
5611,1331,14,2/18/2024,46214.64,Credit Card
5612,1338,37,6/17/2023,39328.54,Online Transfer
5613,1551,31,5/3/2023,46640.89,Online Transfer
5614,2164,27,9/9/2023,74066.42,Credit Card
5615,2345,26,8/22/2023,93884.45,Cash
5616,1520,32,1/20/2024,64077.57,Credit Card
5617,456,29,12/11/2023,68004.65,Cash
5618,177,14,7/11/2023,62150.52,Cash
5619,934,24,2/25/2024,60858.8,Credit Card
5620,1166,8,4/22/2023,56571.42,Credit Card
5621,2383,17,6/20/2023,41450.64,Online Transfer
5622,1606,40,11/30/2023,53695.09,Online Transfer
5623,1810,3,8/9/2023,31828.56,Credit Card
5624,1735,38,7/18/2023,89550.41,Cash
5625,1543,10,1/29/2024,50367.57,Credit Card
5626,154,35,1/1/2024,79125.04,Credit Card
5627,402,9,8/29/2023,31126.62,Credit Card
5628,1425,2,12/7/2023,63132.37,Credit Card
5629,172,13,9/30/2023,49247.16,Cash
5630,1302,23,3/26/2023,83868.4,Credit Card
5631,1484,33,10/23/2023,82319.9,Online Transfer
5632,267,34,10/2/2023,85619.57,Credit Card
5633,2067,16,4/30/2023,49477.25,Online Transfer
5634,1193,5,9/19/2023,72592.01,Online Transfer
5635,2049,36,6/2/2023,57570.45,Credit Card
5636,2426,12,12/31/2023,60455.94,Credit Card
5637,1657,21,2/20/2024,56105.0,Credit Card
5638,2198,15,8/1/2023,79366.47,Credit Card
5639,1952,30,12/15/2023,85246.38,Cash
5640,1089,7,10/19/2023,95055.13,Credit Card
5641,523,20,11/11/2023,31867.94,Online Transfer
5642,638,18,1/28/2024,45323.83,Credit Card
5643,471,4,9/15/2023,51541.11,Cash
5644,1857,25,12/4/2023,63758.97,Credit Card
5645,1308,28,6/18/2023,70385.29,Credit Card
5646,538,22,6/3/2023,44336.34,Credit Card
5647,42,11,5/7/2023,84335.47,Credit Card
5648,966,1,2/20/2024,80022.83,Credit Card
5649,1618,19,9/23/2023,75997.0,Online Transfer
5650,158,39,10/5/2023,45495.33,Credit Card
5651,1620,6,4/1/2023,69742.56,Cash
5652,2311,28,5/9/2023,73664.33,Online Transfer
5653,1071,39,3/17/2024,95836.91,Credit Card
5654,167,30,12/30/2023,96803.56,Cash
5655,1629,13,3/5/2024,57204.7,Credit Card
5656,839,32,7/1/2023,30375.5,Credit Card
5657,781,40,5/10/2023,66581.28,Cash
5658,1443,21,11/14/2023,79394.37,Online Transfer
5659,1137,12,11/2/2023,71029.18,Credit Card
5660,2203,33,3/23/2023,73816.74,Credit Card
5661,1037,37,10/28/2023,34754.56,Credit Card
5662,1256,7,11/2/2023,47854.35,Online Transfer
5663,1197,31,9/21/2023,38338.87,Online Transfer
5664,2366,15,1/4/2024,38082.47,Online Transfer
5665,2362,6,10/1/2023,54946.87,Online Transfer
5666,2478,25,3/15/2024,77889.6,Online Transfer
5667,186,8,7/20/2023,43860.27,Cash
5668,1881,34,3/14/2024,44914.52,Credit Card
5669,707,36,3/27/2023,80256.71,Online Transfer
5670,1444,29,3/25/2023,86676.14,Credit Card
5671,1782,3,11/7/2023,42697.95,Cash
5672,1178,2,6/22/2023,41902.48,Credit Card
5673,1984,26,8/28/2023,40710.0,Credit Card
5674,708,24,5/14/2023,46434.27,Cash
5675,517,11,11/6/2023,58911.24,Credit Card
5676,747,18,12/29/2023,30220.98,Credit Card
5677,1458,19,11/26/2023,91904.97,Credit Card
5678,460,17,12/2/2023,90831.66,Credit Card
5679,1617,1,2/26/2024,41001.86,Credit Card
5680,192,14,9/26/2023,66827.07,Credit Card
5681,503,22,6/20/2023,68985.87,Credit Card
5682,1125,9,9/21/2023,87860.17,Online Transfer
5683,1113,5,12/5/2023,99340.38,Credit Card
5684,1474,20,4/28/2023,51997.09,Credit Card
5685,1945,35,12/7/2023,30782.91,Online Transfer
5686,1894,16,10/18/2023,57159.13,Online Transfer
5687,1826,10,7/13/2023,78855.21,Online Transfer
5688,646,38,5/20/2023,58732.39,Online Transfer
5689,821,27,3/22/2024,66986.31,Online Transfer
5690,301,23,5/9/2023,62037.54,Credit Card
5691,2454,4,1/22/2024,64202.57,Credit Card
5692,843,26,12/14/2023,95838.02,Online Transfer
5693,491,17,2/28/2024,53398.35,Credit Card
5694,1358,1,7/10/2023,59500.1,Cash
5695,1482,6,2/22/2024,98118.39,Online Transfer
5696,1488,23,8/10/2023,64346.5,Online Transfer
5697,685,10,4/19/2023,36742.15,Online Transfer
5698,439,32,4/3/2023,83767.68,Cash
5699,939,29,2/27/2024,91371.34,Online Transfer
5700,1189,28,5/23/2023,92970.64,Credit Card
5701,1883,4,7/17/2023,81678.46,Credit Card
5702,1765,12,2/25/2024,83927.0,Online Transfer
5703,1132,3,8/8/2023,74983.65,Credit Card
5704,2217,7,1/27/2024,35550.32,Credit Card
5705,881,15,4/5/2023,90385.89,Credit Card
5706,837,11,3/16/2024,45438.96,Credit Card
5707,413,25,8/15/2023,73576.0,Online Transfer
5708,1175,13,4/21/2023,32516.95,Credit Card
5709,551,20,9/1/2023,79749.87,Credit Card
5710,1545,5,11/9/2023,83293.02,Credit Card
5711,2485,18,8/17/2023,36255.29,Credit Card
5712,755,33,7/24/2023,57538.68,Cash
5713,784,22,10/5/2023,55894.06,Credit Card
5714,1807,21,2/5/2024,49437.59,Credit Card
5715,2145,2,3/31/2023,99421.04,Credit Card
5716,2186,38,4/11/2023,49405.3,Credit Card
5717,827,40,9/20/2023,99482.67,Online Transfer
5718,1834,36,9/24/2023,84009.16,Credit Card
5719,2078,9,9/24/2023,47837.7,Online Transfer
5720,2242,14,10/20/2023,81687.52,Online Transfer
5721,1652,31,11/14/2023,75768.5,Cash
5722,610,24,5/23/2023,92925.54,Cash
5723,1512,30,3/19/2024,46706.97,Online Transfer
5724,1434,34,11/12/2023,68192.9,Cash
5725,1136,37,11/6/2023,72484.38,Online Transfer
5726,279,27,9/9/2023,33256.47,Credit Card
5727,1911,19,5/1/2023,55195.88,Online Transfer
5728,45,16,12/7/2023,67381.84,Cash
5729,1148,35,7/4/2023,93940.89,Credit Card
5730,962,8,12/18/2023,81289.26,Online Transfer
5731,2398,39,3/9/2024,69418.12,Credit Card
5732,1671,18,8/29/2023,93995.3,Online Transfer
5733,722,33,4/8/2023,74149.98,Credit Card
5734,606,38,3/6/2024,56753.4,Online Transfer
5735,1666,20,8/18/2023,81763.33,Online Transfer
5736,1431,14,3/11/2024,30877.78,Credit Card
5737,1509,16,6/12/2023,99096.23,Online Transfer
5738,29,17,11/20/2023,37038.73,Online Transfer
5739,162,11,2/14/2024,96908.8,Credit Card
5740,2153,30,1/30/2024,49276.59,Credit Card
5741,2390,27,2/3/2024,33686.52,Cash
5742,479,13,11/28/2023,95516.69,Credit Card
5743,1563,28,12/6/2023,45872.22,Credit Card
5744,1562,32,10/3/2023,70595.54,Online Transfer
5745,2320,23,9/27/2023,61535.27,Online Transfer
5746,485,24,11/12/2023,69103.75,Credit Card
5747,1237,8,6/1/2023,57902.64,Cash
5748,2254,36,4/6/2023,41405.43,Credit Card
5749,710,26,10/24/2023,67012.8,Online Transfer
5750,937,1,8/31/2023,86294.3,Credit Card
5751,705,37,2/14/2024,42183.29,Credit Card
5752,1636,21,8/19/2023,50737.32,Credit Card
5753,401,34,4/21/2023,60328.83,Credit Card
5754,58,19,1/29/2024,81257.47,Credit Card
5755,2033,2,6/5/2023,48595.6,Cash
5756,2429,31,2/21/2024,50605.45,Online Transfer
5757,1282,35,8/2/2023,59893.12,Credit Card
5758,380,40,7/20/2023,46131.61,Credit Card
5759,833,12,5/3/2023,37194.46,Cash
5760,2115,22,10/5/2023,63305.21,Credit Card
5761,134,15,12/2/2023,74451.89,Online Transfer
5762,1519,39,9/20/2023,33667.36,Credit Card
5763,1978,29,10/22/2023,30603.84,Cash
5764,2245,3,4/14/2023,47271.64,Credit Card
5765,2459,4,10/2/2023,89024.96,Credit Card
5766,1546,6,5/3/2023,54119.12,Online Transfer
5767,1440,25,7/12/2023,52756.75,Online Transfer
5768,306,10,6/7/2023,56799.41,Cash
5769,1729,9,8/13/2023,37928.64,Online Transfer
5770,2196,7,5/31/2023,61501.64,Credit Card
5771,248,5,7/4/2023,32417.83,Cash
5772,182,35,2/13/2024,80597.59,Online Transfer
5773,308,33,6/24/2023,42021.38,Online Transfer
5774,2278,20,9/7/2023,55998.08,Online Transfer
5775,1958,9,12/8/2023,35857.6,Credit Card
5776,1726,29,9/24/2023,59938.7,Credit Card
5777,142,19,2/20/2024,87373.66,Online Transfer
5778,1397,5,7/29/2023,46466.51,Online Transfer
5779,2323,23,10/21/2023,41029.51,Credit Card
5780,794,11,10/29/2023,50353.09,Credit Card
5781,2500,21,3/3/2024,37049.11,Credit Card
5782,750,3,5/9/2023,94989.4,Online Transfer
5783,1935,27,10/25/2023,64484.51,Credit Card
5784,1898,6,8/3/2023,97803.73,Credit Card
5785,148,12,6/19/2023,41245.88,Cash
5786,1928,18,7/9/2023,82382.07,Online Transfer
5787,343,26,12/4/2023,90104.65,Online Transfer
5788,2009,30,6/4/2023,39354.72,Online Transfer
5789,1273,32,7/24/2023,60919.38,Credit Card
5790,1805,36,9/13/2023,48844.83,Credit Card
5791,2000,25,2/1/2024,87945.9,Credit Card
5792,1409,39,1/4/2024,32988.25,Credit Card
5793,1181,38,1/16/2024,74933.49,Cash
5794,816,31,3/31/2023,66747.64,Cash
5795,1677,10,5/14/2023,73687.09,Credit Card
5796,1596,24,10/24/2023,91791.95,Online Transfer
5797,1205,16,2/13/2024,57457.39,Online Transfer
5798,1926,22,9/25/2023,98299.53,Cash
5799,652,2,5/20/2023,62270.66,Online Transfer
5800,393,34,2/11/2024,37210.02,Online Transfer
